Gene,log2FC,pvalue,FDR
Asip,3.021340382,7.71E-07,1.49E-06
A2m,-1.404734493,0.012713388,0.018273873
Acaa1a,-1.14859701,5.31E-34,2.36E-33
Acadm,-0.745489173,9.66E-11,2.22E-10
Acly,-1.067092277,3.81E-33,1.66E-32
Acp1,1.678819701,9.07E-123,1.70E-121
Acp2,-0.522090969,4.16E-10,9.30E-10
Acr,-2.766656664,4.71E-22,1.55E-21
Adcyap1r1,-2.885646797,3.55E-129,7.16E-128
Add1,0.780334968,3.22E-39,1.61E-38
Add2,9.810392271,0,0
Adh1,-1.405788543,0.002091898,0.003232358
Adra1b,-2.031961861,1.12E-06,2.15E-06
Adra2b,-3.875332876,4.95E-32,2.10E-31
Adra2c,-4.091561476,1.71E-22,5.69E-22
Adrb2,0.299827427,0.000696645,0.001119171
Afp,-3.18153034,1.68E-22,5.59E-22
Agt,-4.883839954,1.17E-110,1.89E-109
Agtr1a,-4.528562345,2.25E-59,1.68E-58
Agtr2,-3.60348234,3.55E-06,6.62E-06
Ak2,-0.718694348,1.11E-20,3.51E-20
Akt1,0.3405996,2.66E-21,8.56E-21
Alb,-1.65922153,0.000633137,0.00102039
Aldoc,1.25152255,8.59E-07,1.66E-06
Akr1b1,-1.875425214,2.27E-65,1.89E-64
Apc,-0.641157457,6.40E-15,1.71E-14
Apeh,1.400934596,1.10E-91,1.37E-90
Ar,-3.397426345,3.04E-75,2.99E-74
Atp1a1,0.191297373,0.029643868,0.041007397
Atp1a2,-2.362046497,1.79E-14,4.73E-14
Atp1a3,1.030026297,0.00022983,0.00038209
Atp1b2,2.341872787,3.19E-45,1.82E-44
Atp2b2,-2.745667684,1.86E-14,4.90E-14
Atp4a,0.678976823,0.049942309,0.067278051
Atp7b,2.22470119,1.48E-87,1.72E-86
Avp,-2.099516758,1.93E-08,4.03E-08
B2m,-0.4543342,5.28E-10,1.18E-09
Bcl2,-1.085160272,2.88E-18,8.57E-18
Bdnf,2.53978546,3.35E-10,7.52E-10
Tspo,-0.671906019,8.75E-11,2.01E-10
C2,-1.764290096,1.48E-48,9.04E-48
C3,1.172209978,0.000711146,0.00114191
C4a,-4.06043966,4.62E-73,4.37E-72
C6,-2.388122814,3.63E-68,3.15E-67
Cacna1c,-3.435881528,1.39E-41,7.33E-41
Cad,-0.705286453,2.95E-30,1.19E-29
Calca,-4.564190229,1.44E-31,6.02E-31
Calm1,-0.41568511,3.06E-09,6.61E-09
Camk2b,-0.635844209,0.035727154,0.048989669
Camk2d,-0.361847242,2.71E-05,4.81E-05
Casr,4.728172959,1.96E-20,6.17E-20
Cat,-0.537036751,2.22E-06,4.18E-06
S100g,-2.566500696,0.000329322,0.00054153
Cbs,-1.378436696,0.000363921,0.000596632
Cd53,1.989504284,1.06E-36,5.00E-36
Cebpa,-2.41369707,1.33E-163,3.79E-162
Cebpb,-0.701489721,3.26E-11,7.63E-11
Cel,-0.991416693,2.65E-06,4.97E-06
Cftr,-2.55558909,2.04E-05,3.64E-05
Chga,3.499805151,0.000896527,0.001428494
Chgb,2.062677752,0.000692408,0.001112667
Ckm,4.093995887,1.25E-07,2.51E-07
Comt,0.655852543,1.22E-17,3.56E-17
Cpa1,-4.282308584,3.31E-27,1.25E-26
Crygd,3.922816309,2.26E-32,9.65E-32
Csn1s1,2.741506555,0.000185011,0.000309824
Cyp1a1,-2.423531976,1.92E-09,4.18E-09
Cyp21a1,-3.769999752,2.01E-60,1.54E-59
Cyp2b1,-5.95908577,1.56E-43,8.59E-43
Cyp4b1,-2.523445643,1.73E-70,1.57E-69
Dbp,-1.265588617,2.86E-15,7.77E-15
Ace,-2.449219559,3.96E-19,1.21E-18
Ddc,3.06735821,6.92E-27,2.58E-26
Dhfr,2.492728646,1.64E-59,1.23E-58
Nqo1,-0.655951067,6.89E-11,1.59E-10
Drd1,-0.92494643,0.015021096,0.021462647
Edn1,-2.323770797,1.42E-21,4.59E-21
Ednra,-4.38002989,1.07E-207,4.68E-206
Egfr,-1.517424838,2.02E-15,5.49E-15
Egr1,-0.33202648,0.020040062,0.0282626
Cela1,2.22816049,1.77E-40,9.10E-40
Cela2a,-0.43358828,0.00128076,0.002014676
Eno1,0.282532922,0.000288818,0.000476675
Eno2,-1.850847866,4.51E-15,1.21E-14
Epo,-1.620528606,0.002940769,0.004491467
Epor,4.082545459,4.40E-274,3.14E-272
Erbb2,-2.784542294,2.58E-68,2.25E-67
Ephb1,-1.757962487,7.41E-06,1.36E-05
Ets1,0.344787353,1.63E-05,2.93E-05
Fancc,0.825516423,1.87E-33,8.19E-33
Fgg,-1.042790596,0.035212153,0.04832605
Fh,-0.408061998,4.87E-08,9.97E-08
Fst,-2.524135388,2.04E-85,2.31E-84
Fuca1,-0.195633128,0.019770482,0.027905054
G6pd,0.417822078,5.68E-05,9.86E-05
Gad1,1.810734489,0.001079703,0.001708399
Ganc,-0.717844081,2.66E-16,7.45E-16
Gapdh,1.324492688,3.65E-10,8.18E-10
Gfap,6.111584741,3.42E-64,2.79E-63
Gfi1,3.795560198,1.35E-110,2.17E-109
B4galt1,-0.276010195,0.0004694,0.000763469
Gja1,-0.719041876,1.07E-06,2.06E-06
Gls,-0.379249869,1.42E-07,2.85E-07
Glud1,-1.383770305,2.87E-59,2.14E-58
Gnb1,-0.584412976,6.09E-26,2.22E-25
Got1,0.801195189,8.98E-08,1.82E-07
Gpx1,3.029834022,2.07E-215,9.52E-214
Grik4,-0.772718531,8.08E-05,0.00013874
Grik5,-1.610630063,7.27E-17,2.07E-16
Grin1,2.867688503,1.68E-06,3.19E-06
Grin2b,1.684527292,0.006648084,0.009815686
Grin2d,-2.071250136,3.57E-45,2.03E-44
Nr3c1,-1.218876663,4.97E-107,7.67E-106
Grm4,3.702230256,1.22E-05,2.21E-05
Grm5,4.107659956,3.10E-19,9.46E-19
Gsta1,-1.744414797,9.34E-13,2.31E-12
Gstm1,-0.535077263,0.000209044,0.000348651
Gstm2,-2.047121261,1.25E-19,3.86E-19
Gstp1,-0.962866281,2.11E-29,8.36E-29
Gusb,1.456712435,3.98E-105,6.00E-104
H1f0,0.753756216,2.19E-27,8.27E-27
Hagh,3.181117938,1.61E-240,9.14E-239
Hbb,6.912271922,2.37E-261,1.56E-259
Hdc,3.603427885,1.09E-114,1.84E-113
Hgf,-0.655395288,2.46E-09,5.32E-09
Hrh1,-3.088018803,3.94E-25,1.40E-24
Hmgcs2,-3.718604112,9.69E-30,3.87E-29
Hmox1,4.029284761,2.05E-152,5.22E-151
Hoxc4,-3.125963431,2.24E-105,3.40E-104
Hoxc8,-7.751571501,2.50E-158,6.82E-157
Hp,3.363919372,1.24E-16,3.53E-16
Hprt1,1.019670806,9.91E-60,7.45E-59
Hspa8,0.198366753,0.000277973,0.00045939
Hspb1,-2.937010266,5.67E-26,2.07E-25
Hspa1b,-3.819229137,7.28E-44,4.03E-43
Ibsp,8.18223083,0,0
Idh1,-2.499864447,3.35E-126,6.51E-125
Igf1,-3.390445391,6.67E-181,2.26E-179
Igf2,-0.621387621,0.023651485,0.033100219
Igfbp3,-4.621206037,1.30E-110,2.09E-109
Il1a,4.272976487,1.61E-30,6.55E-30
Il1b,3.670943344,1.49E-179,4.96E-178
Il9r,1.12331928,1.75E-10,3.99E-10
Ina,2.420818646,0.01955742,0.027614868
Inha,0.520419995,0.00039499,0.000645922
Irf1,-0.253965337,0.000277665,0.000458958
Itgb1,-1.046702854,1.81E-118,3.21E-117
Ivd,-2.224581931,1.04E-104,1.57E-103
Jak2,0.924926665,8.07E-47,4.76E-46
Jun,-1.789356491,5.58E-23,1.88E-22
Jund,0.262312935,0.00010141,0.000172957
Kcnj1,4.271742178,5.87E-19,1.78E-18
Zfp354a,-1.316336949,4.87E-33,2.12E-32
Kras,0.603078046,5.76E-14,1.49E-13
Lalba,1.517682853,0.010950313,0.015830437
Ldha,0.391809808,0.006293217,0.009315448
Ldhb,-3.214311211,2.28E-95,2.98E-94
Lepr,2.20795953,1.43E-60,1.09E-59
Lpl,-5.761776814,0,0
Slco2a1,-1.77101613,1.10E-10,2.53E-10
Mbp,-0.479928411,0.000242357,0.000402305
Mdh1,-2.086891909,6.61E-88,7.74E-87
Me1,-1.008258132,3.24E-09,7.00E-09
Met,-2.035128176,3.97E-79,4.14E-78
Mos,-1.121478242,0.016523384,0.023511509
Cd200,-1.64169031,3.88E-48,2.35E-47
Mpg,0.933537638,2.18E-33,9.56E-33
Mpz,-1.844268949,5.49E-05,9.53E-05
Abcc1,-1.24569941,4.75E-32,2.01E-31
Mst1,-3.583698975,3.70E-89,4.41E-88
Mt1,2.819683235,1.55E-32,6.67E-32
Muc1,0.702332502,0.012039979,0.017347233
Muc2,-3.252279074,2.56E-69,2.27E-68
Mx1,0.366476103,0.012253798,0.017642416
Myc,0.672932988,5.51E-14,1.43E-13
Myh11,-5.536583365,2.83E-69,2.52E-68
Myh3,4.344194401,1.00E-10,2.30E-10
Mylpf,4.223060496,3.27E-15,8.86E-15
Myl3,3.98260833,1.21E-12,2.99E-12
Ncam1,0.2846514,0.043207056,0.058621304
Nefh,-0.285452356,0.025624863,0.035730119
Mme,-3.950742419,3.15E-163,8.96E-162
Neu1,1.403229018,1.15E-44,6.47E-44
Nf1,-1.095053914,3.24E-82,3.53E-81
Klk1b3,-1.478561926,0.005920069,0.008789046
Ngfr,-2.818854364,9.98E-43,5.38E-42
Nos1,3.369822603,2.12E-16,5.95E-16
Nos2,2.15953546,3.31E-20,1.03E-19
Nos3,-2.937120521,1.60E-62,1.27E-61
Npr1,-1.749161229,1.75E-95,2.29E-94
Npy,4.503349699,1.05E-224,5.29E-223
Nras,0.272458228,1.30E-11,3.10E-11
Odc1,1.583660979,2.18E-102,3.16E-101
Odf1,-1.963574136,0.002782004,0.004258216
Gnal,0.611434918,0.026207105,0.036492093
Omp,1.052768544,0.020903184,0.029411196
Oprd1,-3.694378241,1.98E-19,6.08E-19
Orm1,2.951546663,6.87E-12,1.65E-11
S100a4,1.597270465,8.48E-43,4.58E-42
Serpine1,-2.115997598,1.99E-09,4.33E-09
Pccb,-2.597959805,5.25E-147,1.28E-145
Pde4b,-0.590951605,8.60E-06,1.57E-05
Pde4d,1.980343503,9.17E-80,9.62E-79
Pdgfb,-1.592316838,2.12E-50,1.34E-49
Pdgfrb,-2.117817321,6.81E-94,8.74E-93
Rhox5,2.350540441,5.85E-10,1.30E-09
Pfkfb1,-2.594283522,7.60E-54,5.11E-53
Pfkfb2,0.773101084,3.91E-29,1.54E-28
Pgam1,-0.991805581,3.13E-29,1.24E-28
Pgk1,0.575468665,1.96E-06,3.71E-06
Abcb1b,-5.174664373,3.14E-49,1.94E-48
Pim1,3.285218784,3.31E-184,1.17E-182
Pkd1,-0.871830551,2.47E-38,1.21E-37
Pklr,5.727465599,2.66E-34,1.19E-33
Pla2g4a,0.484139197,0.000360866,0.000591788
Plcb1,-2.387248658,8.78E-60,6.61E-59
Plcd1,-2.095230983,1.08E-54,7.35E-54
Pmp22,-2.920373643,5.26E-86,6.02E-85
Pnmt,0.781736012,0.009170203,0.013356865
Pomc,-2.262034192,2.54E-29,1.01E-28
Ppm1a,0.231447579,2.23E-05,3.97E-05
Ppm1b,0.361658585,3.29E-13,8.29E-13
Ppp1ca,0.480298287,1.42E-27,5.39E-27
Ppp1cc,1.274935754,4.86E-187,1.77E-185
Ppp2ca,0.275088848,2.27E-14,5.98E-14
Ppp2cb,-1.393674561,7.83E-74,7.51E-73
Ppp3ca,0.203549645,0.024004327,0.033568613
Ppy,-3.342879435,3.68E-16,1.03E-15
Pkib,3.497197699,5.89E-83,6.47E-82
Prkar2b,-1.886222528,1.47E-92,1.85E-91
Prkca,1.009957371,1.10E-32,4.74E-32
Prkcg,1.166783748,7.33E-11,1.69E-10
Prlr,-1.904816907,2.24E-10,5.07E-10
Prnp,-1.224145336,1.08E-18,3.26E-18
Prph,-3.132739876,6.42E-34,2.84E-33
Prps2,-3.103682908,3.33E-257,2.14E-255
Ptgs1,1.436600916,2.44E-40,1.25E-39
Pth,4.620233252,9.49E-14,2.44E-13
Pthlh,-1.716903418,5.32E-06,9.84E-06
Ptpn1,0.758543104,2.38E-29,9.43E-29
Ptprc,1.685435807,2.14E-27,8.07E-27
Pygm,2.874833845,4.79E-08,9.81E-08
Rara,-0.196134254,0.000759327,0.001216633
Rarb,-1.471721658,1.76E-16,4.94E-16
Rb1,1.360320052,5.31E-95,6.91E-94
Rbp2,-1.01574554,0.018098438,0.025648945
Ret,1.087107587,1.18E-16,3.35E-16
Rho,-3.060945097,9.24E-37,4.37E-36
Reln,2.567168588,1.17E-21,3.80E-21
Rn45s,1.544510615,2.54E-32,1.08E-31
RT1-M3-1,-0.583176115,3.77E-16,1.05E-15
RT1-O1,-2.20453816,3.58E-06,6.69E-06
Scn2a,-1.723917172,2.53E-09,5.49E-09
Scnn1b,-3.884855215,3.48E-25,1.24E-24
Scnn1g,-1.637743637,1.97E-05,3.52E-05
Ccl2,-1.797461297,6.41E-22,2.10E-21
Cxcl12,1.887480897,7.23E-78,7.42E-77
Shbg,-0.676455995,3.62E-07,7.13E-07
Slc2a1,-1.136263603,2.42E-27,9.12E-27
Slc4a1,11.92913831,0,0
Slc4a2,-0.51916733,1.69E-11,4.00E-11
Slc4a3,-2.520581635,7.62E-24,2.62E-23
Slc9a1,-0.890180358,2.01E-30,8.17E-30
Slc9a2,2.226113307,0.000680403,0.001094088
Slc9a3,-1.441180526,0.009548865,0.013887211
Sod1,0.208054377,0.000406716,0.000664547
Sod2,0.156393656,0.005351937,0.007973196
Sord,0.522609605,7.67E-07,1.48E-06
Sp1,0.433763925,5.49E-17,1.57E-16
Sparc,-3.853818194,1.24E-139,2.81E-138
Serpina3n,-4.90386009,8.23E-33,3.55E-32
Spn,3.331598732,2.49E-214,1.13E-212
Sst,3.723742329,0.019754106,0.02788327
Eef1a2,2.49938975,1.60E-05,2.87E-05
Sts,-2.330942044,5.07E-139,1.14E-137
Vamp2,-1.426057604,2.63E-153,6.79E-152
Syp,0.975066677,0.000564272,0.00091211
Tacr1,-1.997629899,9.54E-11,2.19E-10
Tacr3,-4.966943631,2.66E-40,1.36E-39
Tap1,1.034921051,9.33E-39,4.61E-38
Tap2,0.574598837,5.20E-18,1.54E-17
Tbxa2r,2.906841937,3.56E-164,1.02E-162
Hnf1a,1.168038289,0.001675437,0.002611767
Tcp1,0.520215099,1.51E-40,7.74E-40
Tmbim6,-1.169748574,7.50E-75,7.33E-74
Tf,2.374726775,1.69E-24,5.91E-24
Tg,0.72925262,0.000117297,0.000199066
Tgfa,-1.102449689,9.57E-09,2.02E-08
H2ac1,1.812899786,6.21E-05,0.000107542
Thrb,-3.088840101,2.93E-82,3.20E-81
Thy1,1.885438922,4.92E-36,2.29E-35
Tk1,5.713010089,1.30E-139,2.94E-138
Tnnt2,-2.475031364,0.000215698,0.000359344
Tnnt3,3.391820568,1.25E-12,3.09E-12
Tp53,0.826042125,7.79E-59,5.76E-58
Tpi1,-0.644252786,4.18E-05,7.31E-05
Tpm1,1.47397378,1.92E-05,3.44E-05
Tpm4,0.610046345,6.08E-12,1.46E-11
Clu,-1.909178657,1.94E-53,1.29E-52
Tsc2,-0.693889149,1.34E-20,4.24E-20
Ugt1a1,-1.999714595,0.000264955,0.000438587
Vhl,-0.574838015,7.54E-44,4.17E-43
Vipr1,-0.368068695,0.023932912,0.033473491
Vsnl1,-0.824130358,0.004995908,0.007467233
Wnt1,-3.297583987,4.61E-10,1.03E-09
Wt1,-7.056541191,2.88E-32,1.23E-31
Yes1,-2.182118808,2.73E-62,2.16E-61
Tbxas1,0.74967544,2.25E-08,4.69E-08
Bax,0.825418239,6.25E-44,3.46E-43
Bcl2l1,2.575871543,4.45E-120,8.09E-119
Esr1,-4.572926807,2.02E-145,4.85E-144
Abcb4,4.639416396,8.87E-219,4.24E-217
Cyp2a1,2.156110335,0.011915664,0.017175648
Gnas,-0.357455497,2.99E-07,5.89E-07
Sult2a6,2.813569732,0.008162262,0.011949936
Kng2,3.065037461,3.57E-13,8.99E-13
LOC24906,7.22229445,0,0
Sult2a1,2.786910894,0.007116416,0.010480489
Plaat3,-3.659412415,7.61E-129,1.52E-127
Lox,-3.692653129,1.66E-63,1.35E-62
Pdlim4,-1.401785553,1.50E-13,3.83E-13
Rnf112,-1.001704383,0.000537279,0.000869855
Kpnb1,0.252485899,2.06E-07,4.10E-07
Stat5a,0.549096825,1.39E-26,5.13E-26
Yy1,0.409154684,3.74E-22,1.23E-21
Stx1b,-2.912512244,2.97E-32,1.26E-31
Ptn,-0.962623363,2.71E-08,5.62E-08
Adrb1,-2.962394018,1.53E-51,9.87E-51
Ptger3,-4.195205048,1.72E-241,9.86E-240
Klra22,2.066232335,4.63E-11,1.08E-10
Klrk1,1.186156741,4.99E-15,1.34E-14
Atp7a,-0.590879518,4.49E-18,1.33E-17
Chm,-0.359582207,9.78E-11,2.24E-10
Plp1,1.707432813,4.35E-15,1.17E-14
Lamp2,-1.01127716,7.30E-54,4.91E-53
Fmr1,-1.586351317,1.18E-60,9.06E-60
Syn1,1.766612193,1.24E-17,3.61E-17
Srd5a1,0.631507102,0.005278094,0.007870716
Gcgr,0.911808151,8.06E-06,1.48E-05
Insr,-1.678629655,1.65E-104,2.47E-103
Pgam2,3.825483155,1.20E-16,3.39E-16
Cth,-0.999797596,0.000662017,0.001065624
Psmb9,0.508233359,1.57E-09,3.43E-09
Psmb8,0.691696985,1.46E-20,4.60E-20
RT1-A1,0.154075411,0.025858155,0.036040123
RT1-A2,0.357504711,1.60E-05,2.87E-05
RT1-Db2,3.799985612,7.26E-28,2.78E-27
RT1-DOa,0.848678661,1.41E-09,3.09E-09
RT1-Ha,0.499169652,0.027876755,0.038693155
RT1-M2,3.342126794,2.48E-53,1.65E-52
RT1-S2,-3.89422003,3.51E-34,1.57E-33
Tacr2,-4.43880399,1.69E-06,3.21E-06
Lta,-1.119461172,0.000340949,0.000560057
Vars1,0.722932334,3.95E-42,2.10E-41
Cyp2c12,3.15006288,0.001655452,0.002582383
Acat1,-1.565096205,1.69E-67,1.46E-66
Myo5a,0.462215303,4.87E-06,9.04E-06
Itgam,2.039110056,1.11E-25,4.02E-25
Fgfr2,-2.051812397,1.34E-84,1.50E-83
Prkcb,2.384614414,6.12E-87,7.08E-86
Gipr,-4.676456598,1.79E-82,1.95E-81
Adm,-3.023818425,3.74E-60,2.84E-59
Slc16a1,1.612660816,8.37E-61,6.44E-60
Ampd1,3.289302177,1.21E-08,2.56E-08
Calcrl,-0.993796652,1.84E-26,6.80E-26
Plcb4,-1.745065504,3.15E-110,5.04E-109
Sstr1,-1.701812523,0.000476503,0.000774469
Cyb5r3,-2.035919546,2.30E-90,2.78E-89
Mobp,2.138534162,0.01474015,0.021075472
P2rx6,-1.576870496,0.00088033,0.00140367
Oaz1-ps,-1.93118809,0.010198676,0.014790805
Eln,-4.059194315,2.70E-60,2.06E-59
Sds,-1.072713153,4.74E-05,8.27E-05
Dbi,-1.982403239,1.59E-88,1.87E-87
Fcer1a,2.406234537,2.54E-14,6.67E-14
Klkb1,-0.988211429,1.09E-09,2.40E-09
Atxn1,-1.607422273,6.65E-48,4.00E-47
Ntrk2,-4.904073784,7.36E-78,7.55E-77
Lipa,-0.382070823,1.18E-05,2.13E-05
Rbp1,-2.033657166,1.09E-15,3.00E-15
Hk1,1.370648379,3.27E-60,2.49E-59
Hk2,-1.349847662,1.24E-18,3.72E-18
Hk3,3.981554543,8.30E-57,5.90E-56
Crabp1,0.912739219,0.039272729,0.053575782
Gpd2,1.195625403,3.92E-23,1.33E-22
Slc12a1,3.474166517,3.83E-30,1.55E-29
Pvr,-2.448342688,4.25E-63,3.42E-62
Tnfrsf8,1.197777791,5.46E-08,1.12E-07
Scarb1,-2.139144379,9.10E-124,1.72E-122
Htr1b,-3.354673549,6.61E-63,5.29E-62
Adra2a,-1.721849287,5.03E-20,1.57E-19
Il4r,-1.753882212,1.62E-59,1.21E-58
Cyp2e1,-1.273850329,0.018974892,0.026830761
Kng2l1,1.86409306,0.000896695,0.001428685
Mitf,-1.50995672,2.25E-38,1.10E-37
Ampd3,2.036532696,6.41E-192,2.43E-190
Pld1,-0.994884807,3.25E-28,1.25E-27
Pld2,-1.86058947,7.23E-118,1.27E-116
Foxa1,-1.344400924,0.000712967,0.001144647
Chrna5,-2.38355658,0.003069989,0.004678922
Chrnb4,-2.745323495,1.17E-09,2.58E-09
Pc,-3.581519198,2.87E-260,1.88E-258
Rgn,-2.043125329,1.21E-13,3.11E-13
Avpr1a,-2.054521664,4.18E-17,1.20E-16
Cd1d1,-1.396889729,1.88E-43,1.03E-42
Gadd45a,1.619983218,2.12E-45,1.21E-44
Ddn,4.276185087,2.25E-24,7.84E-24
Fgfr4,-0.877172535,0.03182462,0.0438948
Hsd11b1,-1.179964785,3.39E-10,7.62E-10
Hsd11b2,-4.960460329,3.50E-60,2.66E-59
Itga1,-2.003364403,2.70E-101,3.85E-100
Mr1,-1.602232013,6.07E-36,2.82E-35
Scnn1a,-0.364564333,0.018650769,0.026392632
Tagln,-4.634571569,3.60E-44,2.01E-43
Stat1,-0.618296032,3.61E-22,1.19E-21
Stat3,-0.508253902,4.04E-25,1.44E-24
Stat5b,0.367787127,3.94E-16,1.10E-15
Stx2,0.816005055,9.84E-30,3.93E-29
Myo5b,-2.315057908,7.42E-16,2.05E-15
Pcdhb12,-2.542795728,7.44E-44,4.12E-43
Ncl,0.599602981,2.88E-41,1.50E-40
Gfra2,-1.050846538,9.17E-16,2.53E-15
Slc2a4,-0.874929326,0.00010511,0.000179009
Cd24,2.949704635,1.13E-14,3.00E-14
Cyp19a1,2.365656742,1.51E-05,2.73E-05
Fyn,-0.153691134,0.011461523,0.016541182
Igf2r,-1.438226146,2.23E-41,1.16E-40
Map1a,-1.761789066,7.50E-11,1.73E-10
Mas1,-3.431546074,3.13E-42,1.67E-41
Pgr,-2.671828446,5.65E-08,1.15E-07
Syk,2.722214924,1.72E-99,2.39E-98
Vav1,2.691358943,1.30E-109,2.08E-108
Plagl1,-4.555220857,4.22E-246,2.47E-244
Gata2,1.05900043,3.80E-22,1.25E-21
Sp4,2.498830942,5.51E-227,2.82E-225
Cdkn2b,-1.095032758,2.74E-09,5.93E-09
Zfp386,-1.253753518,4.21E-25,1.50E-24
Ptpra,-0.55321913,7.32E-31,3.01E-30
Gata1,10.26870428,0,0
Slc25a5,-0.40919137,3.83E-14,9.99E-14
Fhl1,-1.228024845,8.88E-05,0.000152079
Idh3g,-0.815376486,2.45E-31,1.02E-30
Bgn,-1.652091336,9.46E-33,4.08E-32
Gdi1,-0.276130853,1.17E-05,2.12E-05
Efnb1,-3.19280842,8.48E-290,6.67E-288
Klrb1b,2.982843234,1.29E-21,4.18E-21
Ccnd3,2.594532002,0,0
Gnrh1,-0.38558598,0.040074519,0.054581491
Inhbb,-5.785969132,9.69E-217,4.52E-215
Ccnb1,5.985474758,0,0
Pcsk1,2.015997229,1.08E-14,2.88E-14
Il6st,-2.588261687,3.78E-155,9.96E-154
Gucy1b2,1.441410787,3.82E-05,6.70E-05
Lyz2,3.805268738,7.26E-89,8.60E-88
Sdc1,-0.854086776,8.15E-08,1.65E-07
Tapbp,0.420669586,2.14E-13,5.44E-13
Vps52,-0.331949557,1.03E-11,2.46E-11
Uba1y,4.911401514,9.68E-14,2.49E-13
Arsb,-0.433917682,4.84E-09,1.03E-08
Tyro3,-0.320430599,0.000728538,0.001168821
Akt2,-0.302240089,0.000156297,0.00026296
Ghr,-4.064308814,1.67E-116,2.90E-115
Gpc3,-6.890659844,2.45E-33,1.07E-32
Acvrl1,-2.484093549,4.83E-104,7.17E-103
Grk2,1.272412926,7.98E-69,7.03E-68
Apod,2.128133296,2.12E-07,4.22E-07
Aqp1,1.797917044,8.54E-55,5.84E-54
Arnt,-0.267985555,2.87E-09,6.21E-09
Bckdha,-1.882492819,7.66E-78,7.85E-77
Bdkrb2,-4.108721482,2.17E-42,1.16E-41
Bsg,-1.122328534,8.65E-36,3.99E-35
Cnr1,-2.032797078,1.91E-14,5.03E-14
Coq7,0.603620088,2.48E-25,8.90E-25
Cox8b,4.456042976,8.10E-07,1.56E-06
Dpp4,-0.384989763,0.042486628,0.057699431
Dyrk1a,0.884335896,2.75E-115,4.69E-114
Fmo1,-1.051897582,9.30E-14,2.40E-13
Gp5,8.212134917,0,0
Gstt1,-2.988529979,4.58E-80,4.82E-79
Id1,-1.542331784,7.15E-49,4.39E-48
Itpr1,-1.711881326,2.17E-126,4.24E-125
Nmbr,-1.235197787,0.000362243,0.000593948
P2ry1,3.065008533,2.63E-86,3.02E-85
Pdgfa,-1.798415585,6.99E-25,2.47E-24
Pdgfra,-2.578681639,4.07E-67,3.48E-66
Pvalb,5.678619024,1.35E-10,3.09E-10
Abcd3,-0.590824447,3.21E-19,9.80E-19
Rxra,-1.174971252,1.55E-44,8.73E-44
Smo,-2.620402296,2.95E-82,3.21E-81
Tst,-0.71426764,4.81E-08,9.86E-08
Cnp,0.427105071,1.72E-07,3.43E-07
Mfge8,-1.959199999,3.99E-74,3.85E-73
Cox6a2,5.435648538,6.13E-19,1.86E-18
St8sia1,0.703342594,0.001211271,0.001908615
Nup153,0.968497365,4.53E-63,3.64E-62
Gclc,2.161079428,3.92E-144,9.25E-143
Amacr,-0.510651197,7.62E-06,1.40E-05
Igfbp5,-2.564580057,5.33E-56,3.75E-55
Acadl,-0.984158275,6.82E-31,2.81E-30
Acsl1,-3.546619827,3.22E-267,2.22E-265
Adcy6,-1.672012329,5.03E-100,7.07E-99
Alox5,1.322138488,1.31E-15,3.58E-15
Anxa3,0.44050838,1.74E-06,3.30E-06
Aqp4,1.928864742,0.039682252,0.054082081
Bglap,5.210799184,3.15E-127,6.20E-126
Bmp4,-1.690527216,4.50E-35,2.05E-34
Cacnb3,-1.819093635,4.63E-17,1.33E-16
Cebpg,-0.850371772,2.19E-47,1.31E-46
Comp,1.148156562,4.81E-05,8.38E-05
Cort,2.888978391,1.12E-20,3.53E-20
Cpd,-1.745500041,6.93E-38,3.36E-37
Cst3,-1.299680605,4.88E-36,2.27E-35
Dcc,-1.640753904,0.000312013,0.000513781
Dmp1,2.543682163,2.90E-22,9.59E-22
Egf,-0.606586149,0.000322587,0.000530838
Emp1,-1.788393263,1.03E-34,4.66E-34
Ephx1,-2.617157694,2.29E-92,2.87E-91
Ms4a2,4.285691514,2.00E-77,2.03E-76
Fgf1,-5.409676278,5.73E-124,1.09E-122
Fnta,-1.035850009,3.84E-89,4.57E-88
Ghrhr,5.335701495,1.77E-268,1.22E-266
Htr1d,-3.194377798,7.54E-15,2.02E-14
Htr4,-5.282209767,3.91E-29,1.54E-28
Il10,-1.224659843,5.68E-05,9.86E-05
Jak3,0.485580552,2.97E-12,7.22E-12
Kcnc1,3.847136334,1.09E-06,2.10E-06
Lamp1,-1.360201865,5.78E-91,7.05E-90
Lipe,-4.375745241,2.09E-205,8.98E-204
Mgmt,-0.789602205,1.98E-23,6.76E-23
Mgp,-2.40284918,1.33E-27,5.06E-27
Bhlha15,3.824625698,9.74E-71,8.90E-70
Mmp7,-1.582097524,0.007607041,0.011166909
Nfyb,1.336343365,1.27E-215,5.89E-214
Nfyc,0.763483698,8.67E-104,1.28E-102
Npr3,-6.527673142,4.09E-192,1.56E-190
Tnfrsf11b,-4.515794194,5.57E-34,2.47E-33
Oxtr,-7.833986674,9.95E-272,6.99E-270
Pdc,-1.786719062,0.004537957,0.006815459
Phb,-0.505144037,4.14E-13,1.04E-12
Ros1,1.366722402,0.023119573,0.032391052
Rpl39,0.567713009,2.48E-26,9.12E-26
Rps29,1.306153646,1.38E-94,1.79E-93
Scn2b,-3.241319494,1.15E-30,4.70E-30
Sftpd,1.869249588,0.001736888,0.002704283
Sod3,-4.67431571,3.62E-107,5.59E-106
Spp1,2.537898987,1.23E-21,3.99E-21
Sstr5,2.751992647,0.027434281,0.038112974
Cntn2,-1.990623602,5.20E-25,1.85E-24
Thrsp,-3.811456865,8.45E-143,1.96E-141
Timp3,-2.145675212,5.66E-72,5.26E-71
Tmpo,2.348696328,2.26E-233,1.22E-231
Tshr,-4.451094161,2.63E-140,5.99E-139
Vcam1,1.835618899,8.63E-28,3.30E-27
Slc30a2,1.165297812,0.00096493,0.001532862
Acadvl,-1.070341666,6.27E-47,3.71E-46
Asic2,-2.438217804,1.66E-18,4.97E-18
Actg2,-8.950458404,3.46E-71,3.19E-70
Acvr2b,-1.451013531,6.89E-16,1.90E-15
Adarb1,-1.437686349,3.50E-25,1.25E-24
Adk,-0.482642351,1.07E-08,2.26E-08
Adora2a,-1.061239673,1.54E-20,4.84E-20
Adprh,0.336740232,3.49E-09,7.51E-09
Alad,2.729783932,1.77E-174,5.60E-173
Amh,1.333811248,1.96E-16,5.50E-16
Anp32a,0.587565857,6.43E-26,2.34E-25
Anxa1,-0.664445158,0.000104101,0.000177322
Apobec1,0.214686761,0.022061289,0.030974381
Faslg,0.591502599,0.002847135,0.004353628
Arrb2,2.304311419,7.01E-161,1.96E-159
Atf3,-0.942809529,1.08E-07,2.17E-07
Atp1b3,0.217795127,8.32E-06,1.52E-05
Atp2a3,1.698964843,1.38E-32,5.92E-32
Atp5if1,2.921092809,0,0
Bcan,-1.369943699,0.009508623,0.013830724
Cacna1a,-1.172156767,6.12E-22,2.01E-21
Cacna2d1,-1.676016044,2.05E-06,3.87E-06
Camk2a,2.742606676,5.03E-11,1.17E-10
Alx1,-4.496146962,7.97E-18,2.34E-17
Casp3,0.861919745,2.15E-68,1.87E-67
Cast,-1.072932827,1.80E-110,2.89E-109
Cav1,-5.189915468,8.77E-164,2.51E-162
Cd44,1.840972417,4.43E-55,3.06E-54
Cd59,-0.660511894,6.96E-15,1.86E-14
Cdh6,-4.563003444,1.46E-39,7.33E-39
Cebpe,4.763278786,6.48E-147,1.58E-145
Col2a1,1.171330102,0.035273149,0.048400781
Cpt2,-1.685887172,4.37E-41,2.27E-40
Bcar1,-1.526024568,3.43E-18,1.02E-17
Crmp1,-0.995009576,0.000181605,0.000304258
Dpysl2,-0.905968195,3.01E-25,1.08E-24
Dpysl4,-2.787191177,3.57E-32,1.51E-31
Dpysl3,-3.315170364,4.09E-77,4.14E-76
Crybb1,-3.278904658,5.26E-43,2.85E-42
Ctse,4.184527838,1.54E-164,4.43E-163
Ctsh,-0.666548677,2.98E-12,7.24E-12
Cyp1b1,-1.015155813,9.19E-10,2.03E-09
Cyp51,-0.497890191,6.78E-07,1.31E-06
Cyp7b1,-0.719622206,0.000115043,0.000195296
Drd4,3.042456728,1.57E-23,5.39E-23
Hbegf,0.650802156,0.045388833,0.061415259
Sparcl1,-2.380568628,6.46E-36,2.99E-35
Eef2k,0.417274816,6.67E-08,1.36E-07
Eno3,3.576751439,3.53E-13,8.89E-13
F2r,-0.660353117,2.62E-17,7.57E-17
Fcer1g,2.350132521,1.84E-107,2.85E-106
Fgf10,-8.440275663,6.17E-225,3.11E-223
Fgf9,-3.430623106,8.93E-13,2.22E-12
Fosl1,0.267712606,0.0393357,0.053654264
Fosl2,-1.004345654,2.40E-22,7.95E-22
Cenpi,5.71459062,0,0
Gfra1,-0.668159131,0.037986422,0.05193596
Ggh,2.006448082,3.38E-102,4.88E-101
Gss,-1.743059875,1.56E-130,3.19E-129
Hmgb1,0.885098356,1.65E-59,1.24E-58
Hmmr,4.9508427,0,0
Hrh2,-4.386308085,2.56E-110,4.11E-109
Hspe1,-0.444962171,3.94E-08,8.12E-08
Icam1,-1.777545163,2.94E-103,4.32E-102
Il1rap,-0.358741836,0.000843404,0.001346606
Irs1,-2.733485904,3.93E-42,2.09E-41
Kcna2,0.605883888,0.001007844,0.001599231
Kcna5,-3.888323685,1.18E-23,4.05E-23
Kcnj8,-2.621695512,1.14E-150,2.89E-149
Lamb2,-3.563853444,2.14E-90,2.58E-89
Lgals4,1.191758131,0.006642783,0.009809329
Lgals5,7.683945215,3.49E-143,8.13E-142
Lgals9,0.497850415,3.28E-11,7.67E-11
Lhcgr,-2.156288166,0.001559089,0.002437075
Vps35,0.173378427,0.000271901,0.000449807
Mip,2.620832719,1.01E-27,3.85E-27
Mmp11,-2.698167762,5.12E-19,1.55E-18
Mras,-1.408103761,2.15E-24,7.52E-24
Msx2,-1.862706075,0.001027349,0.001628434
Myo1e,-1.52850702,7.26E-88,8.50E-87
Myo1d,-2.405975038,2.65E-88,3.12E-87
Myo9b,0.669518657,3.64E-27,1.37E-26
Nedd4,-1.69803072,5.94E-188,2.18E-186
Nedd8,0.521878518,1.62E-33,7.13E-33
Nes,-3.216915788,1.18E-55,8.27E-55
Nfia,-1.774631814,7.78E-96,1.03E-94
Nfkbia,-0.612500378,2.49E-07,4.94E-07
Nid1,-4.192343526,2.89E-277,2.09E-275
Nog,-2.680322702,2.16E-41,1.13E-40
Notch1,-0.875082567,3.74E-24,1.30E-23
Nup50,1.012453425,3.11E-78,3.20E-77
Npm1,1.212543127,5.08E-92,6.33E-91
Nrdc,-0.4805995,4.02E-24,1.39E-23
Oaz1,1.360626753,3.58E-150,9.00E-149
Ocm,-1.301913024,0.006242438,0.009245834
P2rx1,2.126328143,1.54E-27,5.84E-27
P4hb,-0.373370923,6.69E-13,1.67E-12
Pcsk6,-0.671882607,2.88E-05,5.09E-05
Pam,-2.652465413,1.12E-121,2.07E-120
Pemt,-2.436977785,9.35E-39,4.62E-38
Pik3r1,-0.289442332,9.23E-06,1.68E-05
Lypla1,-0.642723637,3.53E-37,1.69E-36
Plk1,5.678812188,0,0
Pnoc,-8.961103422,1.08E-45,6.20E-45
Pou1f1,0.92868497,0.036106827,0.049494225
Ppia,0.227084863,3.29E-05,5.79E-05
Prkag1,1.102131116,2.05E-94,2.64E-93
Prkar1b,-0.519117332,0.028495577,0.039503896
Prkcz,-2.377752134,8.12E-18,2.39E-17
Prkg2,-2.201461582,0.000169268,0.000284121
Psap,-0.125681972,0.020702256,0.029150271
Ptgds,1.567581771,0.009342439,0.013599701
Ptgis,-2.004661116,6.02E-32,2.54E-31
Sirpa,0.782511883,2.05E-21,6.60E-21
Ptprs,-1.458405105,4.57E-45,2.60E-44
Rab12,-0.582166398,1.22E-06,2.33E-06
Rab3a,-0.887920034,4.20E-08,8.63E-08
Rab4a,-1.448755689,1.07E-42,5.74E-42
Rabggtb,0.876194003,5.06E-70,4.55E-69
Rock2,-1.386588569,5.12E-106,7.81E-105
Rps5,1.286554097,3.69E-101,5.25E-100
Sag,5.85172027,7.64E-180,2.55E-178
Scp2,-1.654227358,1.40E-63,1.14E-62
Ccl3,2.216556125,2.36E-42,1.27E-41
Selenow,0.561678296,0.013882732,0.019884132
Shox2,0.82265542,2.74E-05,4.86E-05
Slc34a1,1.649803839,0.000904163,0.001440118
Slc18a2,1.246660655,1.37E-34,6.18E-34
Slc1a1,-3.199525664,2.70E-29,1.07E-28
Slc2a3,1.34585108,1.06E-17,3.11E-17
Sstr4,1.103305552,0.001079032,0.001707519
Il1rl1,-0.641238358,0.001351112,0.002121281
Star,-4.585636228,2.42E-73,2.29E-72
Stxbp1,1.53114338,1.44E-47,8.63E-47
Abcc9,-2.941343128,3.27E-42,1.74E-41
Sycp3,-2.513082079,7.53E-71,6.90E-70
Tff3,-3.685004043,6.27E-12,1.51E-11
Tle4,1.206097488,1.55E-138,3.44E-137
Tmod1,3.352763055,7.51E-62,5.88E-61
Trh,-1.07893243,0.015381722,0.021954594
Ttpa,-0.988972543,3.51E-05,6.17E-05
Tnfrsf4,0.61904788,5.60E-05,9.72E-05
Ube2i,0.517733495,5.59E-60,4.23E-59
Ubtf,0.939709094,4.65E-72,4.33E-71
Scgb1a1,-1.362965525,0.015150137,0.021639709
Ywhah,1.636638102,9.13E-191,3.44E-189
Ywhaq,-0.624457331,1.29E-27,4.91E-27
Ywhaz,0.430594418,5.62E-15,1.51E-14
Map3k12,-1.00585236,9.08E-20,2.81E-19
Psmc2,0.442886704,4.26E-25,1.52E-24
Agrp,2.1183912,8.73E-20,2.71E-19
F3,-6.718937164,9.64E-258,6.24E-256
Id3,-2.179663552,3.48E-69,3.08E-68
Alpl,2.606590038,7.68E-29,3.00E-28
Id2,0.285487429,0.049934586,0.06727071
Kdr,-1.987389087,4.21E-72,3.93E-71
Chrna4,-2.956209873,1.23E-13,3.15E-13
Parp1,0.932061182,3.84E-68,3.33E-67
Agrn,-2.920013887,1.53E-119,2.76E-118
Hcrtr1,-3.146204689,9.49E-20,2.94E-19
Ppp1cb,1.023488932,6.54E-50,4.09E-49
Map2,1.112890154,0.003318509,0.005046768
Rpn1,0.3814698,3.57E-19,1.09E-18
Rasa2,-1.619616349,7.60E-40,3.84E-39
Utrn,-2.524231646,8.80E-191,3.31E-189
Oprm1,2.722914446,2.37E-05,4.22E-05
Tnxa-ps1,-3.421541767,1.91E-39,9.56E-39
Marcks,-0.590927215,1.88E-12,4.61E-12
Pcmt1,1.429985895,6.16E-195,2.40E-193
Lep,-7.261606954,4.18E-280,3.07E-278
Tub,-1.936365529,4.87E-08,9.98E-08
Csf3,-3.377100374,1.81E-10,4.11E-10
Asns,1.047703839,7.76E-26,2.82E-25
Ptprz1,2.468970534,6.11E-23,2.06E-22
Ptk2,-1.236181946,7.16E-35,3.25E-34
Sdc2,-2.862764296,3.71E-57,2.66E-56
Hspa5,-0.489144907,2.22E-12,5.42E-12
Acadsb,-2.679678573,4.42E-118,7.80E-117
Plau,-2.506790312,1.10E-77,1.13E-76
Crem,-0.115417221,0.041022153,0.055798975
Cd81,-1.683005503,1.91E-75,1.88E-74
Gys2,-1.97241399,4.04E-20,1.26E-19
Tnfrsf1a,-0.666322163,6.52E-26,2.37E-25
Krt8,-2.992721669,1.49E-33,6.55E-33
Cma1,2.057347707,5.97E-21,1.90E-20
Plin1,-4.99319714,5.39E-165,1.57E-163
Pkm,1.132160384,1.74E-12,4.27E-12
Smad3,-0.43259696,0.001061993,0.001681546
Hba-a1,6.945288607,0,0
Dnase1,1.026172623,4.61E-08,9.46E-08
Mc4r,-2.513903804,1.80E-09,3.92E-09
Prkaca,-0.766635333,1.30E-48,7.93E-48
Ptger1,0.332478602,2.98E-05,5.27E-05
Pde4a,-0.873026641,2.40E-11,5.64E-11
Fkbp1a,-1.628157791,3.59E-60,2.73E-59
Igfbp6,-4.707714976,6.36E-41,3.29E-40
Gnai3,0.223190826,3.42E-05,6.01E-05
Bmp6,-0.273105416,0.026563822,0.036960968
Adrb3,-6.041637347,4.80E-192,1.83E-190
Il7,-1.009335182,2.61E-12,6.36E-12
Slc7a1,2.530064761,4.10E-103,6.01E-102
Apoa2,3.34909088,1.15E-09,2.53E-09
Atp1b1,0.954717319,1.75E-05,3.14E-05
Selp,1.160654975,9.62E-09,2.03E-08
Ptgfr,1.822871344,1.93E-14,5.08E-14
Tshb,1.300985506,6.43E-06,1.18E-05
Col11a1,-0.795282147,0.004555241,0.006838987
Gja4,-2.949217221,2.77E-54,1.88E-53
Guca2a,0.79133818,0.005802705,0.008619094
Cd28,-0.651389881,0.000150879,0.000254061
Igfbp2,-1.451093032,0.002713968,0.00415795
Il1r1,-1.954070654,1.51E-95,1.98E-94
Pparg,-2.448378421,1.88E-87,2.18E-86
Scn5a,-1.027966232,0.016288951,0.023190199
Dgkg,2.816985385,6.41E-76,6.36E-75
Bmp3,-6.13349128,6.35E-100,8.90E-99
Cpe,-1.88157159,1.97E-18,5.89E-18
Il15,-0.985778633,5.73E-14,1.49E-13
Smad1,-1.121331539,6.98E-77,7.03E-76
Nr3c2,-1.184792313,3.07E-34,1.37E-33
Anxa5,-3.667622781,7.73E-216,3.59E-214
Glra1,-3.68693561,0.000156701,0.000263579
Hmgcr,1.333663437,6.43E-55,4.42E-54
Rasa1,-0.186349392,0.000172828,0.000289865
Mak,5.378440555,1.72E-74,1.67E-73
Ddr1,-0.576468066,1.53E-05,2.76E-05
Itpr3,-1.026667057,3.62E-16,1.01E-15
Col10a1,1.237593524,1.18E-07,2.38E-07
Ppard,-0.701329636,2.24E-14,5.90E-14
Col12a1,-2.313312209,3.73E-34,1.66E-33
Mep1a,1.823545522,0.006749211,0.009960028
Gnai1,-3.648437189,6.84E-183,2.38E-181
Cald1,-2.047373189,5.05E-69,4.46E-68
Clcn1,2.146139304,2.85E-06,5.34E-06
Ahr,-0.756668807,4.06E-14,1.06E-13
Plat,-4.352118161,2.89E-74,2.79E-73
Slc18a1,4.109196956,1.52E-17,4.44E-17
Has2,-3.257378671,1.24E-17,3.62E-17
Cebpd,1.027235903,3.17E-22,1.05E-21
Vldlr,-2.296380757,3.14E-34,1.40E-33
Ctsl,-1.75286616,2.69E-47,1.60E-46
Ass1,2.400405029,2.94E-17,8.49E-17
Dbh,-1.427526481,0.038320757,0.052371288
Mxi1,2.284533428,0,0
Rbp4,-3.630076119,2.82E-53,1.87E-52
Zeb1,-1.076292166,6.02E-48,3.63E-47
Cckbr,-2.06169908,0.001273563,0.002003673
Cntf,-0.209311986,0.049185629,0.066314495
Ucp3,-1.817864004,1.89E-17,5.49E-17
Hmbs,4.647689741,0,0
Gucy2c,2.638168738,7.43E-15,1.99E-14
Ifng,-1.249538532,0.007097402,0.010453006
Itgb7,1.94030522,1.45E-17,4.22E-17
Myf6,5.316411321,4.08E-10,9.13E-10
Slc11a2,0.330474421,9.96E-07,1.91E-06
Tgfb3,-2.51225522,2.74E-30,1.11E-29
Igf1r,-0.854537826,2.87E-06,5.37E-06
Scg5,-1.362678299,0.000109996,0.000187041
Tcf12,-0.165703543,5.92E-05,0.000102699
Scn4a,1.829606851,2.72E-06,5.11E-06
Itgb4,-3.319582769,2.80E-67,2.40E-66
Mc5r,1.90017561,4.46E-09,9.56E-09
Ccne1,5.53217978,0,0
Syt3,-1.620685671,1.27E-21,4.11E-21
Hck,2.51801408,2.16E-99,3.00E-98
Kcnb1,-4.196338057,5.30E-96,6.99E-95
Pcna,3.274686283,0,0
Plcg1,-1.541544625,4.19E-82,4.54E-81
Pygb,-1.35721734,3.01E-30,1.22E-29
Gnaz,4.918833213,1.20E-159,3.32E-158
S100b,-4.448330812,9.22E-98,1.25E-96
Nf2,-0.975043292,4.67E-41,2.42E-40
Ppara,-1.195932931,2.68E-22,8.89E-22
Alas2,8.224161247,0,0
Clcn5,-0.545093053,7.88E-12,1.89E-11
Dnm2,0.670384495,2.42E-55,1.68E-54
Cd6,0.969252883,2.45E-15,6.65E-15
Chrng,1.844474117,0.000326467,0.000536925
Cpt1b,-0.732156813,0.003033412,0.004625797
CYTB,2.510133643,2.56E-17,7.40E-17
ND1,2.552263205,4.09E-18,1.21E-17
ND2,2.338418881,1.37E-15,3.74E-15
COX1,2.616918508,1.82E-19,5.60E-19
ATP8,2.617558353,6.56E-19,1.98E-18
ATP6,2.793358952,3.86E-21,1.23E-20
COX2,2.700066745,1.25E-20,3.95E-20
ND3,2.539986429,3.99E-19,1.21E-18
ND4L,1.959745003,2.44E-11,5.74E-11
ND4,2.303113079,9.38E-15,2.50E-14
ND5,2.600132952,3.67E-19,1.12E-18
ND6,2.779870588,8.61E-22,2.81E-21
COX3,2.778203706,2.49E-21,8.02E-21
Ogt,0.265529489,0.000171654,0.000288011
Tfec,1.72492707,1.09E-36,5.14E-36
Acot7,0.542499176,1.11E-10,2.55E-10
Akr7a3,5.226054648,7.06E-79,7.33E-78
Rheb,-0.371776555,1.49E-21,4.83E-21
Afdn,-2.236325168,1.49E-177,4.84E-176
Ak3,-2.110436382,3.40E-140,7.73E-139
Rpl8,1.17544229,8.55E-91,1.04E-89
Hbp1,-0.427486728,4.03E-15,1.09E-14
Gfer,-0.145949358,0.04276468,0.058058386
Eif2ak1,2.372950167,2.42E-174,7.64E-173
Rps26,0.985731661,2.33E-67,2.00E-66
Cntn6,-1.61448533,0.013417731,0.019247934
Rpl32,0.796449309,3.51E-42,1.87E-41
Syn3,-0.67553321,6.35E-06,1.17E-05
Axin2,-2.102428397,3.18E-95,4.15E-94
Hpn,3.649044188,1.10E-35,5.06E-35
Bsn,-2.606379114,1.18E-16,3.35E-16
Dcn,-3.199346509,6.46E-66,5.43E-65
Snn,-1.657275649,2.68E-58,1.96E-57
Vnn1,-3.598416262,4.83E-122,9.00E-121
Grn,-0.278299976,3.15E-05,5.56E-05
Canx,0.355494582,2.24E-12,5.47E-12
Ctxn1,-1.538452583,0.000106589,0.000181456
Jag1,-3.22660676,6.21E-157,1.67E-155
Jag2,-2.447279731,3.50E-38,1.71E-37
Myog,2.121678949,0.001436864,0.002251612
Strn,-0.682275359,3.18E-29,1.26E-28
Ucn,1.885013717,0.019205878,0.027144405
Capn1,1.123116761,3.71E-115,6.31E-114
Capn2,-1.523602244,2.37E-131,4.90E-130
Capn3,2.927476092,6.67E-16,1.85E-15
Capns1,-0.779669753,2.51E-57,1.80E-56
Ccng2,0.27379179,0.001643446,0.002564736
Fbln5,-2.801416531,3.78E-100,5.31E-99
Cav3,2.892164487,3.78E-06,7.04E-06
Cdh7,-1.434754766,0.00250773,0.003851757
Cdh9,-2.63331936,1.12E-09,2.47E-09
Gzmk,0.526221399,0.00097145,0.001542804
Dctn1,-0.34384223,8.15E-11,1.88E-10
Vtn,-2.373488216,8.85E-11,2.03E-10
Aqp6,4.31250247,4.01E-13,1.01E-12
Aqp7,-4.957708094,2.58E-189,9.59E-188
Csn2,4.939172186,3.09E-06,5.78E-06
Ctsk,1.019643757,3.52E-11,8.24E-11
Hpca,1.874521723,0.005231219,0.007804749
Syn2,-2.894362867,1.96E-18,5.86E-18
Cdh22,-2.776302003,6.34E-16,1.76E-15
Areg,5.354949307,2.38E-42,1.27E-41
Cd36,-1.719084054,4.30E-71,3.95E-70
Cd37,2.541309176,1.48E-85,1.68E-84
Cd63,-0.641073046,6.06E-28,2.32E-27
Cd69,0.500543772,0.004107942,0.006191948
Csn3,4.351582111,3.77E-06,7.02E-06
Fdx1,-0.372197397,0.000647814,0.001043444
Tac3,-4.091239272,4.03E-13,1.01E-12
Psen1,-0.391791347,7.59E-05,0.000130493
Chad,-0.655611641,0.034140027,0.046943925
Il18,0.508664568,1.80E-05,3.23E-05
Hfe,-0.510101888,4.04E-09,8.67E-09
Inhba,1.778182718,4.73E-11,1.10E-10
Ctf1,-2.676232124,2.12E-67,1.83E-66
Neu2,1.721680068,0.001227344,0.001933014
Syngr1,1.647510618,6.03E-24,2.08E-23
Casq2,-1.286100169,5.22E-05,9.08E-05
Epha3,-2.413510676,2.35E-13,5.96E-13
Tubb4a,1.666812043,5.43E-06,1.00E-05
Tubb5,2.239091885,1.69E-213,7.57E-212
Arg2,-1.583304543,3.50E-17,1.01E-16
Lrp2,-2.308079517,4.16E-16,1.16E-15
Rcn2,0.407759539,7.37E-11,1.70E-10
Snca,7.609464967,0,0
Arg1,-2.636334367,7.33E-18,2.16E-17
Ptma,1.514900637,3.42E-184,1.21E-182
Cbr1,-1.383935554,2.26E-29,8.98E-29
Nfib,-2.461043807,8.71E-101,1.23E-99
Nfic,-0.769895857,3.11E-08,6.43E-08
Sqle,0.473369616,4.77E-07,9.32E-07
Ciao1,0.223056399,2.99E-07,5.89E-07
Clcn2,0.370990108,0.003006668,0.004587379
Clcn7,-0.570187795,9.81E-19,2.96E-18
Galr2,-2.845177968,4.79E-116,8.27E-115
Galr3,-2.916041593,4.94E-12,1.19E-11
Rpsa,0.9861057,3.62E-54,2.45E-53
Polb,-0.377445201,7.53E-07,1.46E-06
Ca4,-5.908363364,2.51E-46,1.47E-45
F10,1.360094057,0.000123167,0.000208716
Gch1,4.846352781,0,0
Stmn3,1.942898411,6.97E-05,0.000120178
Tnni3,2.013486773,1.70E-09,3.72E-09
Gzmm,0.581365148,3.19E-05,5.62E-05
Maoa,-2.986938034,7.41E-90,8.90E-89
Mgll,-2.687652806,1.03E-152,2.64E-151
Rpl9,0.750976327,2.81E-32,1.20E-31
Rps7,1.047089008,2.58E-89,3.07E-88
Sell,6.158053524,1.16E-188,4.29E-187
Tlr4,-0.394695925,0.002061872,0.003187294
Tyms,2.650017705,1.23E-298,1.03E-296
Acvr2a,-1.849141277,1.83E-150,4.61E-149
Mcpt2,2.799425667,9.00E-14,2.32E-13
Tpsb2,-1.149177912,0.000376684,0.000616941
Mcpt8,5.702988237,1.11E-134,2.38E-133
Spr,2.86124873,0,0
Cfl1,0.405129206,5.92E-11,1.37E-10
Rnf4,-0.103973207,0.001094287,0.001730642
Csrp1,-0.64149306,1.24E-08,2.61E-08
Lasp1,-0.718236364,1.98E-26,7.31E-26
Meox2,-3.700302789,1.56E-40,7.99E-40
Rpl23,0.877818174,2.93E-60,2.23E-59
Rpl29,0.554191483,2.13E-24,7.45E-24
Rps14,1.12014289,1.52E-73,1.45E-72
Rps15,1.109641735,5.40E-112,8.85E-111
Rps17,1.229322421,1.22E-89,1.46E-88
Rps19l2,0.678043969,3.14E-34,1.40E-33
Rps3a,0.812704085,1.30E-44,7.33E-44
Adora1,-2.43426502,7.62E-44,4.22E-43
Ftl1,0.675908746,1.78E-10,4.05E-10
Cyp2b12,-2.790523111,1.28E-08,2.70E-08
Cyp2c7,2.237914379,0.015533944,0.022159033
Gata6,-7.723361693,4.77E-88,5.59E-87
Hal,1.439971435,0.044157009,0.059832263
Itgb3,3.906805182,1.02E-71,9.42E-71
Rps6,1.088806423,8.94E-83,9.79E-82
Gpr182,0.412480529,3.04E-05,5.38E-05
Arl4a,1.751645825,8.75E-56,6.12E-55
Coq3,0.406994487,2.61E-12,6.36E-12
Clec11a,-0.55521514,0.002534297,0.003891552
Adora2b,-1.11610653,1.42E-06,2.71E-06
Csrp2,-0.373396562,0.039210566,0.053498381
Ddt,-1.380107044,1.10E-32,4.73E-32
Plcb3,-1.17022115,2.80E-74,2.71E-73
Gpx2,-2.945243113,1.75E-08,3.67E-08
Stmn1,4.257618554,0,0
Cd46,-1.087102937,7.98E-17,2.27E-16
Oprk1,-2.069509646,4.83E-05,8.42E-05
Sigmar1,-1.45835874,3.63E-50,2.28E-49
Plcg2,2.289492024,1.67E-70,1.52E-69
Prdx2,3.825098226,0,0
Zfp36l1,-1.922400123,2.31E-108,3.63E-107
Serpinh1,-4.183980507,0,0
Fgf7,-1.746696053,4.37E-37,2.08E-36
Pla2g5,-2.114258849,1.65E-27,6.27E-27
Pkn1,0.465261065,9.71E-11,2.23E-10
Smad2,-0.577849233,1.07E-53,7.17E-53
Npy1r,-4.032509771,4.83E-64,3.93E-63
Pla2g10,-1.896020744,0.001942214,0.003010976
Selenop,-1.772172546,3.48E-60,2.64E-59
Tef,-1.304848345,1.27E-19,3.91E-19
Cxcr5,-0.932675475,4.79E-07,9.37E-07
Cd47,1.279996519,1.74E-67,1.50E-66
Mpdz,-2.420406927,2.07E-61,1.61E-60
Serpine2,0.331323478,0.019529887,0.027578624
Chkb,-0.37407721,3.48E-07,6.85E-07
Fgf18,-5.146299998,8.07E-63,6.45E-62
Rasa3,1.229290989,4.53E-23,1.53E-22
Bmp2,-0.829226184,6.03E-17,1.72E-16
Cct4,0.596716144,1.58E-41,8.29E-41
Irs2,-0.522943373,8.40E-11,1.93E-10
Phlda1,-1.093006852,4.23E-15,1.14E-14
Acvr1b,-0.362649112,0.000385598,0.000631157
Ctbp1,1.673466688,6.37E-190,2.39E-188
Fah,-2.409316657,9.04E-48,5.44E-47
Macroh2a1,1.36319876,1.20E-116,2.08E-115
Cxcr2,2.472955076,5.56E-31,2.29E-30
Pla2g2c,-1.456574132,0.002171868,0.003352074
Tnni1,3.895852948,4.47E-11,1.04E-10
Tnni2,4.570145039,1.64E-12,4.03E-12
Ptpmt1,-1.005713678,7.97E-44,4.41E-43
Tsx,-0.918125884,0.005475325,0.00815127
Bace1,-1.44635072,7.38E-85,8.29E-84
Col1a1,-2.606233096,5.44E-51,3.47E-50
Hmgb2,6.025740155,0,0
Ccl11,-5.881535288,1.00E-99,1.40E-98
Stk10,0.89285524,8.73E-23,2.93E-22
Unc119,2.593036541,1.52E-262,1.01E-260
Asgr2,-3.13685659,1.33E-13,3.42E-13
Tas1r1,0.901936766,1.20E-08,2.52E-08
Adra1a,-4.752250201,1.20E-49,7.49E-49
Adra1d,-3.795622188,4.26E-35,1.94E-34
S1pr2,-0.880687366,1.55E-12,3.81E-12
Aadat,-1.714779444,1.67E-05,3.00E-05
Men1,-0.19961103,2.38E-05,4.24E-05
Numb,-0.716309074,3.84E-19,1.17E-18
Urod,3.490130244,0,0
Chrne,-1.016039457,3.98E-09,8.54E-09
Htt,-0.37000414,2.16E-09,4.70E-09
Psmb5,0.215240342,3.55E-05,6.23E-05
Rps4x-ps9,0.397346523,2.45E-12,5.99E-12
Aif1,2.117996687,2.50E-73,2.37E-72
Celf2,-1.080747942,2.88E-28,1.11E-27
Hap1,-0.380130797,0.024998443,0.034897789
Pak1,1.766057373,1.71E-42,9.16E-42
Pak2,-0.253572277,0.016876963,0.023990394
Pak3,-0.582122212,0.010992867,0.015889626
Rasgrp1,0.368505959,0.015050853,0.02150101
Ssr4,0.822337788,2.27E-54,1.55E-53
Acta1,4.138522978,1.16E-07,2.34E-07
Jtb,-0.246522383,8.10E-06,1.48E-05
Slc26a4,-3.788227276,1.97E-10,4.47E-10
Por,-1.765075739,1.34E-144,3.19E-143
Ahcy,0.520078863,1.24E-08,2.60E-08
Cox4i1,-0.469642407,7.30E-15,1.95E-14
Rab7a,-0.585345499,1.46E-31,6.09E-31
Epas1,-2.125723632,1.50E-43,8.24E-43
Gdf11,-1.354041668,2.45E-21,7.90E-21
Gdf15,1.798114817,1.40E-14,3.71E-14
Map1b,-1.771023524,1.03E-27,3.93E-27
Map6,-2.204447871,1.01E-24,3.54E-24
Rbbp9,-0.814642412,3.82E-59,2.84E-58
Tesk1,-0.776095004,1.57E-16,4.43E-16
Vgf,2.535956656,0.000184945,0.000309732
Ptp4a1,-1.227952482,7.02E-54,4.72E-53
Slc6a6,-0.757591752,1.29E-15,3.55E-15
Trpv2,-0.626102254,0.000109004,0.000185471
Ddit3,-0.908209018,9.71E-34,4.29E-33
Pdia3,-0.623268298,6.56E-31,2.70E-30
Lbp,3.274745512,3.50E-84,3.91E-83
Mecr,-1.479769145,4.63E-65,3.84E-64
Npy4r,-1.305053757,7.93E-07,1.53E-06
Aoc3,-5.220632405,1.74E-229,9.08E-228
Coro1b,0.471604847,1.51E-19,4.65E-19
Dio3,-5.35720353,2.83E-25,1.01E-24
Glg1,-1.525011322,2.23E-107,3.46E-106
Mapt,-0.930842174,0.000283555,0.000468302
Ndufs6,0.401585013,0.013675234,0.01959832
Odf2,1.206275772,8.51E-115,1.44E-113
Rgs4,-3.759164647,1.63E-61,1.27E-60
Rgs9,-1.437733517,9.88E-05,0.00016861
Slc1a3,-2.892974303,3.69E-113,6.11E-112
Slc7a3,1.457006528,7.96E-09,1.69E-08
Smc3,1.242746402,8.06E-160,2.23E-158
Gstt2,-2.887580849,6.71E-93,8.48E-92
Dync1h1,-1.35645031,1.92E-91,2.36E-90
Itsn1,1.781885807,5.20E-69,4.60E-68
Dlg4,-1.291125251,1.43E-20,4.50E-20
Erbb3,-1.1480289,3.09E-06,5.78E-06
Ptbp1,0.993589515,4.14E-69,3.67E-68
Pts,-0.379420171,9.76E-09,2.06E-08
Slc12a4,-1.40458029,2.70E-57,1.94E-56
Slc20a2,-1.425824525,1.32E-27,5.01E-27
Slc22a2,-0.619303389,0.020583544,0.02899041
Slc22a3,-3.107594164,1.33E-61,1.04E-60
Cox7a2,0.287536675,0.001125577,0.001778511
Nfya,0.888420469,2.87E-53,1.91E-52
Pctp,2.588736615,1.81E-185,6.48E-184
Padi2,1.890412725,8.16E-07,1.57E-06
Padi4,6.110717663,3.58E-130,7.31E-129
Mapk13,3.613368421,3.03E-62,2.39E-61
Atn1,-1.484020695,1.34E-131,2.78E-130
Pde3b,-3.505187258,4.06E-223,2.02E-221
Sgk1,0.731878965,3.92E-11,9.14E-11
Lgals7,-1.515645772,1.16E-09,2.55E-09
Padi3,4.86784075,4.04E-21,1.29E-20
Scamp1,-1.067938441,2.32E-62,1.83E-61
Limk2,-0.522532482,2.99E-18,8.88E-18
Pitpna,0.472324721,9.67E-26,3.50E-25
Vamp3,0.592066199,7.85E-25,2.77E-24
Amhr2,-1.352092541,4.84E-08,9.91E-08
Hpd,0.778363859,0.04075728,0.055457795
Ighmbp2,-0.355588646,7.67E-15,2.05E-14
Pxmp2,-2.305988874,4.78E-30,1.93E-29
Pex2,-0.788382535,5.09E-26,1.86E-25
Rpph1,2.222619287,2.05E-14,5.40E-14
Aldh2,-1.860260375,1.29E-173,4.07E-172
Hsd17b7,-1.14498641,9.79E-18,2.87E-17
Nthl1,-0.814003574,2.49E-27,9.40E-27
Pebp1,0.741386294,9.88E-09,2.09E-08
Timp2,-2.350525415,2.83E-71,2.61E-70
Tspyl1,-0.218045571,0.001299637,0.002042957
Homer1,0.73253676,0.000220586,0.000367197
Homer2,-3.814971117,2.11E-67,1.82E-66
Homer3,-0.581717212,4.22E-10,9.43E-10
Kcnk3,-5.129515793,2.39E-203,1.00E-201
Pdha1,-1.083961556,1.53E-34,6.86E-34
Vipr2,-2.241562839,2.76E-29,1.09E-28
Myh7,1.994950695,0.026216527,0.036500059
Fcgrt,-0.341854024,7.36E-05,0.000126658
Hif1a,-0.478849084,6.31E-18,1.86E-17
Lsamp,-5.156288203,1.03E-102,1.50E-101
Prps1,-0.618585589,7.71E-23,2.59E-22
Crabp2,-1.732398077,8.55E-16,2.36E-15
Dync1i1,1.712687837,2.91E-06,5.46E-06
Ggt5,-0.438055708,0.000274861,0.000454514
Hes2,-0.520464906,0.024040277,0.033615709
Map2k5,-0.345407914,6.39E-09,1.36E-08
Pcolce,-2.090616505,1.09E-61,8.53E-61
Scn10a,4.227252398,7.23E-12,1.74E-11
Slc37a4,0.404878907,0.001982137,0.00306933
Tcea2,-0.955861232,2.73E-16,7.64E-16
Ccn5,1.446756514,8.39E-17,2.39E-16
Hes1,-0.628368861,2.43E-07,4.81E-07
Hnrnpa1,1.190772936,2.85E-98,3.90E-97
Esyt1,-2.095808327,4.82E-93,6.11E-92
Fdft1,-0.445548429,3.90E-09,8.37E-09
Htr2b,-1.784872064,1.82E-21,5.87E-21
Mgat3,-2.670203882,1.23E-52,8.08E-52
Pecam1,-2.497453051,6.08E-185,2.16E-183
Gjb3,-3.220541938,3.81E-14,9.93E-14
Gjb5,-3.398096369,4.83E-15,1.30E-14
Tgfbr1,0.207381272,0.005390827,0.008030025
Bcat1,1.519449046,1.91E-11,4.51E-11
Htr2a,2.349388389,4.39E-24,1.52E-23
Ifrd1,0.469028535,1.85E-19,5.69E-19
Atp2b1,0.385135736,4.69E-09,1.00E-08
Atp2b4,0.236952825,0.019182183,0.027113507
Gja8,4.756529241,4.06E-19,1.23E-18
Ptgfrn,-3.28891424,1.15E-283,8.66E-282
Bckdk,0.579793872,7.14E-23,2.40E-22
Pcsk7,-0.568266439,3.79E-19,1.15E-18
Pitx3,2.061735872,0.039484191,0.053839432
Tgfbr3,-2.540061878,1.04E-185,3.75E-184
Dbt,-2.123953902,2.84E-158,7.74E-157
Ntrk3,-3.111592207,2.04E-30,8.31E-30
Ptprm,-2.725584968,7.32E-144,1.72E-142
Btg1,0.197389024,0.016963291,0.024109632
Btg2,1.492871468,1.51E-81,1.63E-80
Ralgds,-1.168967223,7.96E-27,2.96E-26
Alox5ap,2.312708579,7.99E-51,5.07E-50
Crhbp,1.8696031,0.000884718,0.001410514
Gria2,-2.971788839,7.35E-47,4.34E-46
Gria3,-1.99557077,3.09E-11,7.23E-11
Psme1,-0.096874233,0.042755146,0.058048106
Bet1,-0.291526242,3.49E-10,7.85E-10
Ndst1,-0.689313857,2.08E-16,5.83E-16
Ldhc,5.488107507,2.25E-145,5.39E-144
F2rl2,4.989921187,4.90E-114,8.18E-113
Hmgcs1,-1.350689238,2.17E-35,9.94E-35
Dpm2,0.254292235,2.01E-05,3.59E-05
Slc38a2,-0.196475732,0.005682447,0.008448564
Sv2c,-3.039793889,9.86E-17,2.80E-16
Ptpn5,-1.55702473,4.43E-05,7.74E-05
Ptprj,1.686953325,1.39E-31,5.81E-31
Cask,-1.212927575,3.39E-32,1.44E-31
Nudc,0.413558937,1.30E-29,5.17E-29
Adam10,0.641735679,5.05E-15,1.36E-14
Gpam,-2.432719688,2.13E-178,7.00E-177
Arntl,-0.863850296,9.33E-12,2.23E-11
Cacng1,3.658140521,0.000308096,0.000507558
Gdi2,-0.565518632,2.05E-24,7.15E-24
Ap1b1,1.175314679,1.20E-95,1.57E-94
P2rx7,-1.897271874,4.24E-19,1.29E-18
Psmb6,0.707297189,3.83E-22,1.26E-21
Srsf5,0.147059901,0.01674303,0.023804585
Psma1,0.50611413,7.14E-31,2.94E-30
Psma2,0.444952941,2.61E-31,1.09E-30
Psma3,0.300451117,8.86E-13,2.20E-12
Psma4,0.437497604,6.00E-33,2.60E-32
Psma5,0.744769593,1.36E-45,7.83E-45
Psma6,0.637249649,1.24E-43,6.84E-43
Psma7,0.652778888,4.51E-55,3.11E-54
Psmb3,0.356156946,3.39E-12,8.24E-12
Psmc3,0.451970246,1.11E-31,4.66E-31
Sart1,0.237350044,6.84E-10,1.52E-09
Cyp11a1,-4.603583641,1.31E-128,2.62E-127
C1qbp,-0.438053814,2.92E-13,7.39E-13
Kcnq3,4.555837977,4.93E-35,2.24E-34
Klrc1,-2.058524877,2.88E-11,6.76E-11
Klrc2,-1.511604176,2.70E-07,5.34E-07
Mcm6,4.193750422,0,0
Minpp1,2.761130581,0,0
Pde1b,-5.715007885,1.50E-74,1.46E-73
Pla2g2a,0.653422296,0.00027652,0.000457118
Atp2a2,-0.670511865,3.66E-17,1.05E-16
Gabrr2,-1.557093275,2.87E-40,1.47E-39
Prkar2a,0.561313322,2.14E-12,5.25E-12
Pcbd1,-2.130360318,1.90E-18,5.69E-18
Eif2ak3,0.250423844,0.002199111,0.003391998
Pacsin1,1.578709192,1.64E-40,8.41E-40
Gabra1,4.818489484,2.76E-21,8.85E-21
Scn8a,-1.18317272,1.06E-21,3.44E-21
Bckdhb,-2.033093037,3.32E-62,2.62E-61
Kcnj2,0.709393681,6.69E-06,1.23E-05
Kcnj5,4.229096532,5.10E-76,5.07E-75
Ptprn2,1.107786286,2.61E-05,4.62E-05
Slc8a1,-0.742008162,2.79E-11,6.54E-11
Cacna1d,-1.039722204,3.99E-13,1.00E-12
Cacna1g,-2.513075423,1.27E-67,1.09E-66
Kcnj10,0.717928896,0.010501719,0.015204212
Kcnj16,3.016406982,6.00E-06,1.11E-05
Hivep2,-1.551746684,2.74E-39,1.37E-38
Apbb1,-1.402276603,4.82E-18,1.43E-17
Slc19a1,0.199328411,0.002307361,0.003551744
Slc22a5,-0.835123104,1.93E-16,5.43E-16
Mcm4,3.253518342,0,0
Kcna3,2.601057018,2.07E-23,7.05E-23
S1pr1,-2.02189985,6.54E-55,4.49E-54
Hspa13,-0.846628926,5.56E-13,1.39E-12
Slc16a7,-1.015265261,3.60E-27,1.35E-26
Kcnab1,1.609741791,6.55E-43,3.54E-42
Kcnab2,2.979699302,4.47E-107,6.89E-106
Gclm,2.492088881,1.15E-154,3.01E-153
Eci1,-1.6073494,1.71E-49,1.06E-48
Pik3r2,-0.219332778,0.005461582,0.008131627
Slc25a1,-2.245577519,3.43E-124,6.51E-123
Sema6c,1.321775382,0.000101882,0.000173702
Sema4f,2.045317408,1.46E-29,5.82E-29
Kcnmb1,-4.406518155,5.10E-31,2.10E-30
Galnt7,1.863041944,7.51E-103,1.10E-101
Sema3a,-2.059469077,1.74E-10,3.97E-10
Fau,0.987577136,8.95E-74,8.58E-73
Ywhae,-0.218308517,6.69E-07,1.30E-06
Atp5mc1,0.938382565,6.97E-23,2.35E-22
Atp6v0a1,0.639857717,3.30E-20,1.03E-19
St6galnac3,-1.293237091,5.75E-33,2.50E-32
Bok,-1.7836789,1.78E-16,5.02E-16
Rab3ip,-0.867532752,1.89E-13,4.83E-13
Dpf1,-2.853507713,5.70E-17,1.63E-16
Insl6,3.11136873,1.36E-06,2.59E-06
Txnrd2,1.207293769,4.92E-55,3.39E-54
Zfp292,0.605640549,3.43E-17,9.88E-17
Smad4,-0.266683645,2.19E-22,7.28E-22
Ugt8,6.00179757,2.01E-75,1.98E-74
Exoc6,0.729910494,3.87E-38,1.88E-37
Pten,-0.603377265,3.60E-15,9.73E-15
Npepps,-0.170493439,0.001277316,0.002009365
Ip6k1,0.691804246,1.06E-34,4.78E-34
Resp18,-3.049533482,1.48E-32,6.37E-32
Gja5,-3.253857085,1.18E-53,7.89E-53
Grem1,3.73657139,4.20E-26,1.54E-25
Slc3a2,0.366551906,7.80E-08,1.58E-07
Cspg5,-2.135997426,5.25E-27,1.96E-26
Galr1,-2.581195745,2.28E-07,4.52E-07
Bpifa2,6.455075774,1.03E-58,7.61E-58
Gria1,-1.412423055,0.000643506,0.001036844
Nbl1,-2.662768662,1.96E-24,6.87E-24
Slc23a2,-0.945419361,2.44E-17,7.07E-17
Rab27a,2.25410487,5.35E-91,6.53E-90
Ctss,0.588044853,4.30E-05,7.52E-05
Aco1,-2.947111146,0,0
Mapk9,-0.743096611,2.32E-33,1.02E-32
Nr2c2,0.323193176,2.78E-18,8.27E-18
Runx1,2.481147423,7.00E-172,2.17E-170
Calm2,0.8974087,1.22E-41,6.41E-41
Gnao1,-3.438118356,3.03E-70,2.75E-69
Tmsb10,-2.63233748,4.05E-141,9.29E-140
Prf1,-1.466360548,4.91E-13,1.23E-12
Fasn,-3.568594858,2.01E-103,2.96E-102
Ednrb,-2.684328796,3.24E-144,7.65E-143
Slc6a12,3.319655506,7.65E-101,1.09E-99
Ptpro,0.493085178,0.000125473,0.000212479
Pde3a,-0.769325747,2.66E-06,4.99E-06
Acox1,-2.451151829,1.20E-240,6.86E-239
L1cam,-1.09536486,1.10E-07,2.22E-07
Cacnb1,2.33589599,5.75E-10,1.28E-09
Mapk3,-0.372589401,1.92E-08,4.00E-08
Slc6a8,-1.771482397,3.75E-16,1.04E-15
Plaur,0.727481064,2.45E-10,5.53E-10
Rps28-ps1,0.980716172,1.73E-36,8.12E-36
Slc7a5,4.022730389,1.02E-182,3.53E-181
Ntm,-3.344005939,2.98E-27,1.12E-26
Hpcal1,-0.651296448,1.39E-12,3.41E-12
Hpcal4,3.683605069,2.26E-05,4.02E-05
Cdon,-2.678654339,4.73E-54,3.19E-53
Coil,-0.202612839,0.000211688,0.000352901
Nup54,0.694447662,1.21E-66,1.02E-65
Zfp260,-0.735318807,9.83E-62,7.68E-61
Pdlim1,0.208331548,0.006279656,0.009296305
Adcy4,-2.378987284,6.03E-92,7.51E-91
App,-2.582473505,1.17E-156,3.12E-155
Arpc1b,1.115134351,4.91E-43,2.67E-42
Btg3,-0.394762374,6.09E-08,1.24E-07
Car2,7.178937244,0,0
Ca3,-4.457640051,2.55E-105,3.86E-104
Cacna1e,-1.474473666,5.94E-05,0.000102879
Cdk1,5.834357722,0,0
Cdkn2c,0.43921055,7.17E-07,1.39E-06
Chrnb2,-0.881817701,0.021573989,0.030314662
Chrnd,3.437176207,0.005938876,0.008814314
Cltc,0.529428264,4.80E-20,1.50E-19
Cr1l,-0.981240517,1.39E-25,5.01E-25
Crebbp,0.126686311,0.015344902,0.021905211
Crk,-0.499247562,5.45E-52,3.54E-51
Dgkb,-2.156009826,1.06E-10,2.42E-10
Cfd,-3.515337622,5.21E-139,1.17E-137
Fgf2,-3.719224541,1.47E-33,6.46E-33
Flt1,-2.823622599,5.20E-107,8.00E-106
Mid1,-0.857405974,8.50E-11,1.95E-10
Gata4,-4.088291995,3.75E-16,1.04E-15
Inpp5d,1.78435804,3.10E-93,3.95E-92
Itpkb,-1.413277148,1.62E-91,2.00E-90
Kcnn1,-1.736452583,4.08E-13,1.03E-12
Kcnn2,-0.896075202,0.007254599,0.010674429
Kcnn3,-4.464708631,6.48E-125,1.24E-123
Mafb,0.529891091,0.001088178,0.001721532
Llgl1,-0.235095726,1.32E-06,2.51E-06
Madcam1,-4.795909089,1.53E-42,8.22E-42
Maf,-0.848399182,5.20E-13,1.30E-12
Mcpt10,12.72515415,0,0
Mcpt4,3.854440014,7.68E-10,1.70E-09
Tpsab1,-1.283452879,1.83E-05,3.27E-05
Mcpt9,6.200499251,1.14E-208,4.98E-207
Nr4a2,-0.487315934,0.001417185,0.002221715
Cntn3,-2.82554722,7.88E-06,1.44E-05
Furin,0.774271568,6.26E-26,2.28E-25
Pfkfb4,2.814249623,1.84E-239,1.04E-237
Pitx2,2.64050405,0.000894266,0.001425068
Prkg1,-2.731540057,3.53E-58,2.58E-57
Eif2ak2,0.401200192,2.20E-10,4.99E-10
Rgs10,2.016467291,1.56E-133,3.29E-132
Rgs11,-1.86551004,2.42E-18,7.23E-18
Rgs12,2.880353782,1.23E-245,7.17E-244
Rgs3,-0.650884852,1.64E-24,5.74E-24
Rgs5,-2.74468364,1.15E-93,1.47E-92
Rgs6,0.86290445,3.77E-15,1.02E-14
Rgs7,-6.063334983,3.64E-65,3.02E-64
Ncor1,-0.629016593,1.16E-20,3.66E-20
Slc12a3,1.522389643,1.71E-14,4.51E-14
Slc14a1,4.852189523,7.45E-114,1.24E-112
Slc14a2,2.209325582,1.22E-16,3.47E-16
Ssbp1,-0.304397986,3.17E-10,7.14E-10
Slk,0.435496467,7.67E-25,2.71E-24
Syt5,3.4623362,5.40E-55,3.71E-54
Ucp2,4.030843103,1.16E-250,7.11E-249
Eif2s1,0.582537027,2.46E-43,1.34E-42
Ezr,0.93192225,1.24E-19,3.82E-19
Pdpn,-3.778220375,1.44E-45,8.25E-45
Cnn3,-0.430237464,3.59E-05,6.31E-05
Arc,-1.934016962,1.53E-17,4.45E-17
Stk39,-2.888351134,9.64E-187,3.49E-185
Aox1,-3.449554362,5.12E-71,4.70E-70
Scfd1,-0.563859949,9.69E-31,3.98E-30
Rassf5,1.489553235,3.67E-41,1.91E-40
Crlf3,1.360462834,8.60E-79,8.92E-78
Ppt2,-0.105457727,0.028799375,0.039908226
Bet1l,-0.178876579,3.99E-05,6.99E-05
Itih4,1.998657084,2.06E-05,3.67E-05
Enpp3,-2.644205888,6.95E-111,1.13E-109
Egln3,1.427664687,2.17E-21,7.00E-21
Pdp1,-0.715064281,1.26E-06,2.41E-06
Apom,1.32400605,1.30E-06,2.48E-06
Septin3,0.77000928,0.009492946,0.0138086
Ywhag,-1.449477596,3.62E-52,2.37E-51
Ywhab,-1.197001394,3.32E-96,4.39E-95
Srcin1,-1.63029811,1.75E-13,4.46E-13
Uso1,-0.227260066,2.25E-05,4.01E-05
Nptn,-0.57129063,1.22E-23,4.19E-23
Scaf1,-0.603351737,4.27E-51,2.73E-50
Gorasp1,-0.966207702,2.06E-32,8.83E-32
Tgm2,-1.90256086,4.39E-65,3.65E-64
Espn,-1.990250164,2.18E-10,4.94E-10
Mrpl37,0.425094434,2.97E-13,7.50E-13
Anxa2,-0.46858838,1.46E-06,2.77E-06
Lgals1,-3.255414049,5.13E-144,1.21E-142
Mtor,-0.68649494,3.63E-34,1.62E-33
Cript,0.398574943,7.60E-22,2.49E-21
Rnase4,-2.530436128,2.76E-21,8.88E-21
Notch3,-3.253324883,4.61E-151,1.17E-149
Samd13,1.401356742,2.62E-25,9.37E-25
Plvap,-2.461721218,2.25E-68,1.96E-67
Leprot,0.341754181,3.11E-17,8.98E-17
Pclo,2.067890622,2.25E-32,9.60E-32
Ndufaf3,0.379618196,1.58E-08,3.32E-08
Ly6c,-0.854219024,3.87E-06,7.21E-06
Acp3,1.357518507,9.37E-06,1.71E-05
Myl1,4.527323036,3.73E-13,9.40E-13
Srgn,4.349649689,5.79E-215,2.66E-213
Ralgapa1,-0.713714211,2.72E-17,7.86E-17
Adam2,-2.294743472,8.76E-07,1.69E-06
Pth1r,-0.584105861,3.81E-07,7.49E-07
Slc24a1,-0.410076235,0.017163122,0.024383106
Prkn,5.606354135,0,0
Kcnip2,-2.428606731,4.23E-40,2.16E-39
Extl3,-1.571627238,1.16E-92,1.46E-91
Ramp3,1.023381591,2.44E-11,5.75E-11
Cd86,1.14191451,2.43E-17,7.03E-17
Haao,2.111328058,4.54E-08,9.31E-08
Ifit1,8.610703263,1.36E-188,5.01E-187
Cym,-1.08414593,0.00391827,0.005921741
Adap2,-0.897838861,1.41E-14,3.74E-14
Cacna1i,-2.100685315,9.57E-14,2.47E-13
Adam3a,-2.291354104,0.000396426,0.000648164
Adam4,-0.651517616,0.003318074,0.005046366
Adam15,-1.79470005,3.70E-107,5.71E-106
Adam22,-1.406252974,1.42E-16,4.00E-16
Gstm3l,-1.881925626,9.39E-05,0.000160508
Ccr1,0.694882013,0.000719056,0.001154109
Cnr2,2.935720467,7.56E-63,6.05E-62
Uts2r,3.222310164,5.85E-06,1.08E-05
Parva,-3.127359168,1.45E-63,1.17E-62
Rpl35al1,1.868782528,1.41E-18,4.24E-18
Apln,-1.869866588,2.58E-25,9.23E-25
Nt5e,-2.53983684,9.94E-54,6.67E-53
Tmod2,-2.877915318,4.04E-29,1.59E-28
Glrx3,-0.425978793,5.46E-15,1.47E-14
Sec23a,0.366298624,1.29E-11,3.06E-11
Txnrd1,-0.487794212,1.90E-21,6.15E-21
Zfp148,-0.256614953,5.13E-15,1.38E-14
Zranb2,0.480994625,4.80E-27,1.80E-26
Csnk1e,-0.357655394,9.26E-17,2.63E-16
Nckap1,-1.46873549,9.18E-118,1.62E-116
Prg2,11.94004192,0,0
Mest,-6.555248565,0,0
Dlc1,-3.299450105,1.80E-163,5.12E-162
Phgdh,-2.24411622,5.49E-165,1.59E-163
Sh2b3,0.176646174,0.008181566,0.011975827
Mapk6,-0.663891259,1.00E-15,2.76E-15
Preb,-0.415896143,2.12E-11,5.01E-11
Grb14,-2.305540969,7.58E-26,2.75E-25
Nr1h2,-0.12908776,1.30E-05,2.35E-05
Nr1h3,-2.120491327,2.07E-72,1.94E-71
Nr4a3,-1.856408802,2.68E-16,7.49E-16
Psmb4,0.855828465,1.22E-67,1.05E-66
Ddx25,1.687785877,3.10E-46,1.81E-45
Vapa,-0.12237969,0.036333283,0.049783884
Fzd1,-2.477880235,1.39E-70,1.27E-69
Hpx,-0.931348118,0.037548589,0.051361081
Casp9,-0.486623829,2.15E-12,5.26E-12
Ccnd1,-1.35543335,4.09E-25,1.46E-24
Gpc1,-1.919808591,1.22E-12,3.01E-12
Foxm1,3.851400642,0,0
Mefv,3.984649988,9.26E-135,1.99E-133
Fut2,6.235469427,1.25E-157,3.39E-156
Rpl36,1.015783301,1.77E-102,2.57E-101
Pdcd2,0.421843006,3.20E-23,1.09E-22
Gas6,-0.268152509,0.003607861,0.005470501
Plk3,-1.843135932,3.23E-51,2.07E-50
H2az1,3.074341499,0,0
Cacnb4,-0.576174124,8.82E-07,1.70E-06
Dynll1,0.412514606,2.31E-12,5.65E-12
Robo1,-2.7166568,3.68E-27,1.38E-26
Hgfac,2.347425139,8.09E-08,1.64E-07
Dlg3,-1.609872299,7.51E-60,5.66E-59
Ptafr,0.378070186,0.013306153,0.019096207
Fkbp1b,0.363480912,0.007294977,0.010730638
Cpq,-2.731949607,9.03E-120,1.63E-118
Sult4a1,3.618198006,8.36E-05,0.000143345
Klf6,-1.354005303,1.08E-62,8.60E-62
Nup210,4.839919166,0,0
Map2k2,0.51744667,1.09E-20,3.45E-20
Azin1,1.322717405,5.36E-121,9.86E-120
Hpgds,3.021809272,1.38E-90,1.67E-89
Ramp1,-1.118822465,1.21E-35,5.56E-35
Ramp2,-1.718999498,1.32E-41,6.94E-41
Sfmbt1,0.908931297,3.36E-63,2.71E-62
Degs1,-1.156154328,2.12E-55,1.47E-54
Fxyd1,-1.855326432,1.13E-13,2.89E-13
Gabarap,0.527447564,2.60E-34,1.16E-33
Klrg1,2.106383221,4.65E-28,1.79E-27
Slc30a1,-0.375575523,3.22E-07,6.35E-07
Ppp1r1a,-1.542144741,8.17E-06,1.49E-05
Slc13a1,-1.945349615,0.000140327,0.000236847
Kcnab3,-0.609339309,0.037146977,0.050842293
Rabggta,-0.484923291,1.44E-16,4.06E-16
Lxn,-0.852235513,5.57E-12,1.34E-11
Stx8,-0.243357266,1.75E-07,3.49E-07
Grk5,-0.4191868,4.69E-12,1.14E-11
Grk6,1.689507327,3.12E-229,1.62E-227
Grk4,-0.350295148,1.29E-06,2.47E-06
Asl,-0.177556911,0.046843675,0.063285382
Tgfb1,1.333805265,7.72E-57,5.49E-56
Nxf1,0.391621294,1.10E-07,2.22E-07
P3h4,-2.281391133,4.01E-25,1.43E-24
Rpa2,1.968798035,0,0
Ptges,-4.141287932,2.20E-74,2.13E-73
Milr1,3.02039754,2.20E-63,1.78E-62
Ltbp1,-1.37909674,4.68E-55,3.22E-54
Mb,5.214804119,1.25E-16,3.53E-16
Hand1,-1.833663289,0.009558133,0.013899321
Kmo,0.738434662,0.000314722,0.000518098
Ninj2,1.573140672,2.15E-24,7.52E-24
Dbil5,-1.062314406,5.67E-06,1.05E-05
Ago2,2.176273524,3.32E-167,9.88E-166
Ltb4r,2.326737241,4.89E-41,2.54E-40
Phlpp1,-0.999766859,5.36E-56,3.76E-55
Hcn4,-1.69231669,0.01350956,0.019369334
Syt7,-2.411044946,9.59E-27,3.57E-26
Ip6k2,0.371401028,0.000338822,0.000556686
Rgs19,1.155757848,2.11E-40,1.08E-39
Pold1,2.44179113,6.90E-304,6.00E-302
Nucb2,-0.55516676,6.62E-09,1.41E-08
Dnase2b,5.845415905,5.06E-49,3.12E-48
Trdn,5.121432931,2.00E-13,5.11E-13
Ghrl,-1.292314119,4.59E-09,9.82E-09
Bmp15,-2.180930479,1.86E-07,3.71E-07
Tmem33,0.169181931,0.016471693,0.02344134
Tcam1,5.661407752,2.24E-101,3.20E-100
Shank3,-2.375811879,2.49E-47,1.48E-46
Camk2n2,-2.743659871,9.98E-45,5.63E-44
Nxph3,-2.15424404,1.15E-35,5.30E-35
Nxph4,3.2787655,6.98E-14,1.81E-13
Epb41l1,-2.372282696,2.23E-57,1.60E-56
Negr1,-0.690677273,0.000264311,0.00043757
Ambra1,-0.270798835,7.05E-07,1.37E-06
Adcy10,-1.164221171,8.50E-21,2.70E-20
Kcnk1,-0.674578406,0.027792599,0.038579967
Ereg,1.896324352,0.008353827,0.012214076
Rapgef3,-2.252630903,1.11E-53,7.43E-53
Twist2,-4.507902601,1.51E-81,1.62E-80
Smad5,-0.786663304,5.59E-67,4.78E-66
Sik1,-0.885984504,2.64E-15,7.17E-15
Serpinb2,5.527220964,1.52E-45,8.71E-45
F13a1,0.37792079,0.020177171,0.028445147
Mark2,0.264243288,1.40E-08,2.95E-08
Atxn3,-0.205205267,0.001136202,0.001794534
Akap14,0.392106071,0.017602406,0.024973603
Msln,-7.974938414,2.88E-45,1.64E-44
Ensa,0.518947728,5.20E-18,1.53E-17
Tgm1,0.646273704,0.0001009,0.000172107
Arpp19,0.191667959,1.78E-06,3.37E-06
Npff,-0.334486926,0.018621622,0.026353907
Fxyd5,0.538754041,2.45E-09,5.31E-09
Camkk1,-0.289330232,0.010170009,0.0147514
Cep78,0.935047384,1.88E-73,1.79E-72
Nr5a2,-0.645503037,0.019808253,0.027955699
Cd14,-2.229606937,5.47E-104,8.11E-103
Mapk12,-1.289661823,4.23E-12,1.02E-11
Csad,-4.249055382,8.36E-223,4.14E-221
Prom1,1.403870469,3.17E-29,1.25E-28
Birc2,0.583812327,2.58E-91,3.17E-90
Pga5,2.572179599,4.54E-05,7.93E-05
Nop58,0.92378608,1.93E-80,2.05E-79
Lmna,0.315678879,2.56E-05,4.54E-05
Plrg1,0.241026562,3.40E-06,6.35E-06
Lypd3,2.038956723,1.27E-11,3.02E-11
Col5a3,-5.182939677,9.42E-251,5.80E-249
Tsn,0.334852829,1.13E-05,2.05E-05
Arfip1,-0.252282486,5.70E-07,1.11E-06
Rbck1,0.295949041,1.37E-11,3.25E-11
Copb2,-0.625575501,4.41E-31,1.82E-30
Nrxn1,-2.094771975,2.70E-33,1.18E-32
Sult1d1,-3.968066987,1.81E-12,4.43E-12
Trpc3,-5.089281079,5.90E-33,2.56E-32
Cdkl3,-0.354891549,0.000605114,0.000976579
Fhit,-1.273317053,2.05E-35,9.40E-35
S1pr5,0.989064824,1.80E-10,4.10E-10
Rhd,11.11014253,0,0
Pfkp,-0.803111912,5.11E-08,1.05E-07
Ecel1,-1.849337243,0.006983698,0.01029323
Gde1,-0.417253641,2.69E-11,6.32E-11
Prmt1,0.535336584,4.89E-21,1.56E-20
Slc28a2,-1.582971596,1.16E-51,7.46E-51
Mcl1,0.546672479,4.01E-25,1.43E-24
Vapb,-1.269897574,2.03E-81,2.18E-80
Glp2r,-1.762024302,5.18E-05,9.01E-05
Rfng,-0.22800332,0.000309596,0.000509972
Bcl2l2,-1.704203613,3.13E-63,2.52E-62
Lin7c,0.436545408,1.09E-05,1.99E-05
Epn2,-2.687584998,4.32E-62,3.40E-61
Tsc1,-0.336348861,1.10E-08,2.33E-08
Clock,-1.835137077,4.72E-114,7.89E-113
Matk,1.571065746,1.95E-27,7.36E-27
Batf3,-2.090948654,6.69E-46,3.86E-45
Ccr2,1.37381265,1.39E-09,3.05E-09
Fgf16,-2.286447341,1.53E-09,3.34E-09
Cttn,-0.661060058,1.60E-15,4.36E-15
Stx7,0.836432992,3.70E-96,4.90E-95
Stx6,-0.515172658,3.94E-19,1.20E-18
Hr,-3.622293295,3.63E-46,2.11E-45
Syt9,-3.122224796,1.85E-27,6.99E-27
Syt8,-2.702009046,9.82E-15,2.61E-14
Syt11,-1.06598537,1.64E-11,3.89E-11
Mybbp1a,-0.244763088,1.08E-07,2.18E-07
Napsa,3.852412418,8.63E-111,1.40E-109
Slc15a2,-0.562228403,0.000456306,0.00074262
Hint1-ps1,0.589763821,2.03E-17,5.88E-17
Acaca,-3.01950582,1.03E-83,1.14E-82
Il1rn,2.97538019,2.16E-70,1.96E-69
Lif,-1.588015176,1.56E-10,3.55E-10
Clcn4,0.762152669,5.49E-06,1.01E-05
Dusp4,-2.037589687,8.33E-50,5.20E-49
Grm8,4.578325338,9.24E-06,1.68E-05
Cxcr4,3.78911861,0,0
Unc5a,1.322251163,4.10E-10,9.17E-10
Unc5b,-3.254166337,1.60E-138,3.55E-137
Ppp2r2b,-2.576089146,6.33E-21,2.01E-20
Max,1.011126892,3.18E-87,3.70E-86
Pik3r3,-1.511306679,1.13E-20,3.59E-20
Cxcl6,3.090787757,2.49E-31,1.04E-30
Gpd1,-3.941389711,5.19E-101,7.38E-100
Gpr20,-2.352250462,1.19E-08,2.51E-08
Amph,1.37020538,9.76E-28,3.72E-27
Cmklr1,-2.478480672,7.70E-76,7.63E-75
Fut4,0.633218949,1.71E-13,4.37E-13
Capn10,0.604224475,4.35E-17,1.25E-16
Actn4,-0.650946662,8.72E-23,2.93E-22
Tagln3,1.074128044,0.033308422,0.045847316
Fhl2,-0.334418686,0.017282511,0.024542111
Per2,-1.367049534,3.18E-24,1.11E-23
P2ry4,-2.049024948,1.00E-76,1.01E-75
Tmeff1,-3.526767331,4.09E-86,4.69E-85
Fxyd6,-1.876700378,2.34E-07,4.63E-07
Fxyd7,-1.732151568,1.07E-16,3.05E-16
Mmp8,12.05711232,2.00E-292,1.60E-290
Prlh,-2.087791766,3.13E-10,7.05E-10
Fgf14,-2.882830817,1.88E-16,5.29E-16
Pter,-1.039380479,1.34E-26,4.95E-26
Hsd17b10,-1.02897197,1.42E-40,7.30E-40
Asic5,-3.479655307,7.21E-16,1.99E-15
Hspd1,-0.716819952,1.95E-21,6.30E-21
Stc2,-4.184162069,7.25E-65,6.00E-64
Rapgef1,-0.428903004,3.20E-14,8.38E-14
Asic4,-1.401879859,1.98E-07,3.95E-07
Kcne3,-1.260169771,7.53E-15,2.01E-14
Pde10a,-2.493112491,8.24E-32,3.47E-31
Abcb9,0.9058739,8.61E-16,2.37E-15
Nmu,2.069471857,1.01E-13,2.59E-13
A4galt,-2.676184212,1.14E-07,2.31E-07
Ptgdr,-3.964859068,2.84E-24,9.89E-24
Niban1,-0.323705921,0.0105727,0.015303232
Hibadh,-1.635051975,8.09E-74,7.76E-73
Dusp10,-1.860921652,4.77E-26,1.74E-25
Smc1a,0.642697129,1.48E-32,6.35E-32
Slc29a1,0.751525907,2.78E-13,7.04E-13
Cyb5a,0.63185756,8.56E-14,2.21E-13
Rad50,0.470919112,6.73E-14,1.74E-13
Pdcl,0.356243191,3.02E-13,7.64E-13
Enpep,-1.2570999,1.84E-28,7.13E-28
Slc33a1,-0.534394259,9.03E-12,2.16E-11
Pag1,0.587004064,1.38E-05,2.50E-05
Gpr85,-1.4788113,5.60E-09,1.19E-08
Gpr173,-2.520489689,5.68E-26,2.07E-25
Btc,-2.22786165,5.48E-29,2.15E-28
Masp1,-1.867349066,2.69E-07,5.33E-07
Cd244,0.428356322,0.013121095,0.018838849
Casp7,-0.114429853,0.039917781,0.054378029
Bspry,0.888922514,9.22E-10,2.03E-09
Tsnax,-0.165808983,2.41E-05,4.28E-05
Kit,0.940378844,1.10E-29,4.38E-29
Pdcd4,-0.628715667,2.35E-22,7.80E-22
Ccn2,0.561281495,0.011713889,0.016892211
Ccnd2,-1.534831926,9.56E-50,5.96E-49
Pygl,0.462638985,0.000407678,0.000666081
Cd55,0.806829531,1.75E-13,4.46E-13
Slc22a4,6.309753307,0,0
Fbxl20,-1.006272279,2.35E-128,4.68E-127
Aldh9a1,-2.143521044,1.63E-119,2.94E-118
Birc5,5.522956966,0,0
Nmur2,-11.81504398,5.53E-29,2.17E-28
Gcnt1,0.973884203,4.36E-17,1.25E-16
Casp8,0.53347256,2.18E-07,4.33E-07
Glrx,2.600425271,9.39E-115,1.58E-113
Mre11,0.819289299,8.81E-58,6.39E-57
Lrat,-1.445850291,5.51E-18,1.63E-17
Dlg2,-1.961149761,8.56E-41,4.42E-40
Slc26a1,-1.42393837,4.36E-12,1.06E-11
Snx16,-0.402832335,5.82E-06,1.07E-05
Tnmd,1.6104094,0.000562161,0.000908994
Npffr1,-1.52582197,6.23E-05,0.000107749
Kcnk12,3.622404142,2.74E-47,1.63E-46
Kcnk13,0.538645213,0.000130782,0.000221139
Adgrl4,-3.139958983,2.01E-98,2.76E-97
Xylt1,-0.958055916,5.99E-11,1.39E-10
Xylt2,-0.630189045,3.07E-43,1.67E-42
Chp1,-0.957796098,2.02E-30,8.21E-30
Gosr2,-0.289559952,4.87E-16,1.35E-15
Scn7a,-1.610148976,4.19E-09,8.99E-09
Uba52,1.007384505,7.79E-83,8.54E-82
Ddah1,1.661830028,3.29E-18,9.79E-18
Tuba1a,-1.188243205,7.45E-30,2.98E-29
Sptan1,-2.226780238,6.25E-75,6.12E-74
Pi4ka,-0.205476259,0.00121988,0.001921361
Card9,2.37880028,8.54E-96,1.12E-94
Cap1,1.116393058,1.52E-33,6.68E-33
Ascl1,-1.744535455,0.001022099,0.001620633
Arl1,-1.395040992,9.66E-87,1.12E-85
Mafg,1.32311288,2.89E-88,3.41E-87
Pafah1b2,-0.122193563,0.000915668,0.00145758
Fxyd4,-0.8458638,0.040347817,0.05493349
Dhcr7,-2.608392165,1.29E-87,1.51E-86
Qdpr,-1.336134579,1.68E-53,1.12E-52
Pttg1,7.549823623,0,0
Insig1,-3.038817047,8.10E-155,2.13E-153
Clec10a,-1.07173245,1.31E-14,3.47E-14
Safb,0.429989707,1.22E-28,4.72E-28
Pmpcb,-0.195027445,0.000153508,0.000258386
Hnrnpf,1.368150995,8.71E-116,1.50E-114
Slc25a11,0.406611778,2.61E-09,5.65E-09
Bcat2,-1.322976412,3.20E-59,2.38E-58
Plec,-1.422253906,8.76E-20,2.72E-19
Rplp0,1.382077925,9.50E-109,1.50E-107
Mlst8,0.380446527,5.23E-08,1.07E-07
Rpl31,0.662358108,1.28E-40,6.57E-40
Mthfd1,1.062576057,2.43E-55,1.68E-54
Smn1,0.576028909,6.62E-43,3.58E-42
Rpl4,0.90316395,1.00E-68,8.80E-68
Pfn1,1.131297622,2.59E-66,2.19E-65
Acads,-1.35380661,2.30E-48,1.40E-47
Rpl27,0.969472534,5.41E-79,5.62E-78
Rpl24,0.904220083,6.92E-74,6.66E-73
Aplp2,-2.736159139,2.79E-286,2.13E-284
Casp2,1.275637422,5.28E-101,7.50E-100
Cd151,-2.653309729,4.01E-241,2.29E-239
Srpx,-3.311082604,1.81E-137,3.97E-136
Gpx3,-2.927784508,2.66E-166,7.84E-165
Hif3a,-1.142773483,3.12E-05,5.50E-05
Sncg,-5.265282429,1.31E-182,4.56E-181
Cryba4,0.861712106,1.41E-06,2.69E-06
Itgad,4.572297114,1.56E-162,4.43E-161
Ykt6,-0.715337275,1.57E-32,6.73E-32
Gstm5,0.688010867,6.94E-08,1.41E-07
Pdlim5,-0.452783134,0.002595823,0.003982515
Lsr,-2.380032427,9.66E-30,3.86E-29
Nrgn,5.40410285,3.15E-220,1.54E-218
Cd200r1,1.647698996,2.39E-27,9.04E-27
Araf,-0.548248054,1.05E-26,3.89E-26
Tcn2,-0.288332029,0.002326116,0.003579124
Calu,-0.145997737,0.007417441,0.010903189
Plpp1,-2.149105427,1.07E-78,1.11E-77
Metap2,1.784725618,1.14E-231,6.07E-230
Prdx3,0.958890269,6.47E-26,2.35E-25
Rhob,-2.382636218,3.70E-127,7.28E-126
Ccdc80,-5.009038023,2.73E-300,2.31E-298
Dapk3,0.159435232,0.039567272,0.053945259
Aldh1l1,-2.231710003,4.64E-33,2.02E-32
Zmat3,-1.910148779,2.98E-58,2.18E-57
Hsf2,-0.415150914,6.99E-05,0.000120484
St3gal2,1.469489822,2.24E-56,1.58E-55
Gpr88,-1.249260981,1.07E-15,2.94E-15
Isl1,-4.513842287,2.27E-32,9.68E-32
St3gal3,-2.284834156,3.02E-33,1.32E-32
Rasd1,-3.85679081,1.76E-146,4.27E-145
Spon1,-0.531611773,0.000166076,0.000278889
Ndrg4,-1.348815095,2.72E-09,5.88E-09
Scrg1,4.335032741,1.01E-17,2.96E-17
Pex14,-1.186618091,3.09E-61,2.40E-60
Decr2,-1.167576711,2.33E-16,6.53E-16
Csnk1d,0.294321136,2.10E-22,6.99E-22
Surf1,-0.266828513,3.41E-07,6.71E-07
Timm10,-0.216866194,0.036132048,0.049526503
Cited1,-1.384201009,5.47E-13,1.37E-12
Entpd2,-2.156144184,2.38E-41,1.24E-40
Hyal2,-0.84390976,6.96E-26,2.53E-25
Slc30a4,-1.131985493,1.27E-53,8.49E-53
Plekhb1,3.379261428,1.14E-253,7.19E-252
Naa35,0.220971593,5.46E-10,1.22E-09
Bpnt1,-1.385445239,7.85E-56,5.50E-55
Hdlbp,-1.041442351,5.11E-105,7.69E-104
P4ha1,-1.760613514,1.81E-101,2.59E-100
Mfn2,-1.319804219,5.93E-65,4.91E-64
Fmod,-4.717356514,2.18E-43,1.19E-42
Adcy3,-2.530754359,1.89E-186,6.83E-185
Rbm10,0.731738675,1.49E-58,1.10E-57
Fntb,1.178259652,2.58E-66,2.18E-65
Fzd2,-2.835258777,4.85E-28,1.86E-27
Pawr,-1.710674666,1.42E-25,5.13E-25
Eif2b1,-0.116966644,0.006606622,0.009758365
Cdc20,4.393515996,1.13E-288,8.86E-287
Vps45,-0.384974869,6.32E-13,1.58E-12
Thop1,1.001369063,7.40E-41,3.83E-40
Entpd1,-0.775741688,2.05E-11,4.84E-11
Tspan2,1.298822642,4.51E-18,1.34E-17
Slc5a2,0.742544666,3.98E-05,6.97E-05
Tep1,-1.732735311,9.68E-113,1.59E-111
Tkt,0.731236666,5.91E-17,1.69E-16
Eloc,0.944536037,4.35E-63,3.49E-62
Ech1,-1.979519082,6.73E-123,1.26E-121
Pdap1,0.187197407,7.38E-06,1.36E-05
Cnbp,0.829634954,2.95E-47,1.76E-46
Synj2bp,-0.458156557,1.28E-08,2.69E-08
Adcy5,-2.530215085,6.46E-62,5.07E-61
Pnpo,-0.172147387,0.001047891,0.001660283
Pim3,-2.362505123,1.60E-74,1.55E-73
Fgfbp1,-1.840078136,3.45E-06,6.44E-06
Esm1,3.729496271,1.25E-118,2.22E-117
Hpse,1.857463332,2.92E-36,1.37E-35
Ilkap,0.931187157,1.58E-44,8.89E-44
Ndufv3,-1.173934759,3.24E-41,1.69E-40
Bcl2l11,1.659190204,1.31E-75,1.30E-74
Top1,1.591552549,9.15E-74,8.77E-73
Mpeg1,1.959315115,1.19E-46,7.01E-46
Slc7a2,-1.773272345,2.44E-18,7.29E-18
Spef2,-0.79832278,0.029305613,0.040567931
Ncl-ps1,0.53198779,1.20E-11,2.85E-11
Bard1,5.513303999,4.71E-297,3.89E-295
Fzd4,-4.571031186,2.39E-241,1.36E-239
Slc22a23,1.434130754,1.51E-58,1.11E-57
Nphs1,-4.305819506,1.82E-18,5.46E-18
Wnt5a,-3.581416609,3.76E-142,8.71E-141
Lst1,3.823080434,6.31E-114,1.05E-112
Nat8,-1.193745703,0.041191818,0.056015571
Vax2,-2.947401717,3.68E-13,9.26E-13
Trpc2,2.138923393,0.000140377,0.000236917
Ptprv,-0.985828433,0.000103128,0.000175716
Zic1,5.402345647,7.78E-06,1.43E-05
Zbtb18,0.638305719,1.00E-10,2.30E-10
Adnp,-0.121972467,2.47E-05,4.40E-05
Cul5,0.135048769,0.04022116,0.054773651
Bid,2.275259314,4.51E-122,8.40E-121
Rem2,1.44728856,8.67E-07,1.67E-06
Hist1h4b,0.996183561,1.71E-39,8.55E-39
Hes3,5.931904638,4.15E-30,1.68E-29
Snap23,0.668348145,1.03E-45,5.94E-45
Exoc7,-0.817381817,2.02E-62,1.60E-61
Rab5a,0.176632354,0.000584269,0.00094366
Sh3bp4,-2.782721167,3.85E-173,1.20E-171
Snd1,-0.521626966,3.74E-17,1.08E-16
Ntsr2,-1.422472954,0.001455718,0.002280431
Hand2,-2.16094281,0.001012964,0.00160701
Rpl28,0.851736499,3.09E-58,2.26E-57
Bad,-0.25236433,0.000332257,0.000546204
Rpl30,0.721184219,2.24E-39,1.12E-38
Hist3h2a,0.1814201,0.012010528,0.017306485
Hist1h2bg,6.618085881,5.35E-61,4.13E-60
Arl3,-1.280775679,4.82E-46,2.79E-45
Flot1,0.214751923,0.002577312,0.003954935
Taok2,-0.47348828,2.96E-21,9.49E-21
Sgta,0.112599834,0.04740234,0.064013823
Olah,1.526948911,4.24E-08,8.72E-08
Gabarapl2,1.964875111,5.67E-131,1.17E-129
Pln,-2.30042957,3.22E-12,7.84E-12
Tfrc,5.200718942,0,0
Crhr2,-3.740023615,2.57E-29,1.02E-28
Mvp,-0.853528654,1.24E-49,7.72E-49
Rpn2,-0.808606853,6.98E-65,5.77E-64
Trim17,-1.974577839,8.53E-29,3.33E-28
Nucks1,1.142605768,2.36E-180,7.95E-179
P2ry12,1.167268288,1.54E-16,4.35E-16
Fabp9,-3.532385309,1.14E-18,3.44E-18
Csnk1g3,0.202676789,8.21E-11,1.89E-10
Nab1,-0.601980941,2.50E-15,6.80E-15
N5,0.97583444,0.000850734,0.001358016
Foxq1,-2.977887729,7.87E-32,3.31E-31
B4galnt1,3.212676248,1.38E-129,2.80E-128
Unc13a,-1.95117724,3.80E-64,3.11E-63
Unc13b,-0.979201531,8.28E-29,3.23E-28
Ireb2,0.354828424,4.68E-14,1.22E-13
Cplx1,1.186553831,0.008545764,0.012481136
Gphn,-2.048727995,9.50E-73,8.93E-72
Slc13a3,-2.499470329,2.01E-09,4.37E-09
Map1lc3b,0.525477153,3.92E-16,1.09E-15
Pcdh8,3.432382971,0.00015822,0.000266059
Nolc1,0.662245076,9.48E-48,5.69E-47
Kcnip1,-4.326452549,3.51E-61,2.72E-60
Chrna9,4.607185423,6.64E-14,1.72E-13
Rims3,1.30619087,0.006503523,0.009611841
Rwdd3,-0.589346913,7.12E-11,1.64E-10
Chd8,-0.127088984,0.014355018,0.020547651
Dnaja1,-0.239404637,4.11E-05,7.20E-05
Aoc1,-3.026334157,0.022727645,0.031857038
Ephx2,-2.04451357,7.59E-112,1.24E-110
Doc2a,0.728102586,0.017543104,0.024895437
Htr7,-1.752066254,3.76E-20,1.18E-19
Stx12,-0.491555639,1.98E-17,5.74E-17
Pdzd2,-2.03340206,1.43E-170,4.38E-169
Nr1i3,-3.23370268,6.64E-42,3.52E-41
Bche,-5.551843796,1.03E-181,3.52E-180
Mertk,-1.488933075,8.04E-32,3.38E-31
Inppl1,-1.182494837,6.81E-58,4.95E-57
Dlgap1,-1.019707521,0.001346073,0.002113594
Clpb,-1.4992405,1.09E-53,7.32E-53
Rpl14,0.553494319,7.99E-25,2.82E-24
C1galt1,0.906578906,5.90E-27,2.20E-26
Ppp1r10,0.539664918,2.45E-26,9.02E-26
Ap2s1,0.956956985,8.06E-68,6.97E-67
Slit1,3.15255026,1.33E-14,3.53E-14
Fat2,2.481594378,7.07E-05,0.000121888
Megf6,-4.684157828,2.61E-53,1.73E-52
Pik3c3,-0.507552697,1.70E-32,7.30E-32
Rassf9,-3.147674597,1.91E-43,1.05E-42
Aqp9,2.983267584,1.58E-25,5.69E-25
Vps33a,-0.450658471,1.93E-23,6.58E-23
Adgrl1,0.227655626,0.049040092,0.066131922
Cldn5,-2.408709461,2.20E-41,1.15E-40
Cldn7,1.390498076,9.79E-06,1.78E-05
Aqp3,6.488121792,7.74E-68,6.69E-67
Stx5,0.1846545,4.39E-06,8.15E-06
Rps8,1.174621533,2.82E-69,2.51E-68
Ruvbl1,1.100548869,2.95E-109,4.68E-108
Adrm1,0.22519383,6.62E-05,0.000114459
Rps12,1.712636819,4.75E-117,8.29E-116
Arl2,0.654245285,6.07E-23,2.05E-22
Pdzk1,-0.671989743,4.71E-10,1.05E-09
Lilrb2,3.630315845,2.00E-70,1.81E-69
Rida,0.45236055,0.005981963,0.008875146
Pfkm,2.351716668,8.48E-13,2.11E-12
Ncs1,-1.563989213,7.89E-05,0.000135549
Dhodh,-0.321727751,1.88E-07,3.74E-07
Amotl2,-3.37607184,2.98E-158,8.11E-157
Rab2a,-0.573996977,1.49E-16,4.21E-16
Clns1a,0.587414906,1.26E-69,1.12E-68
Dio2,-0.782152963,0.03387991,0.046601416
Htra1,-2.899279017,1.83E-38,9.01E-38
Tmed2,-0.099874613,0.037569415,0.051384816
Scamp2,-0.576630721,1.32E-11,3.13E-11
Scamp3,-0.21449834,1.97E-08,4.12E-08
Scamp4,-0.673822611,3.93E-48,2.38E-47
Scamp5,0.376874333,0.016983025,0.024136521
Limk1,-0.645824454,1.71E-08,3.57E-08
Snap91,1.165434721,0.003395838,0.00516039
Ppp5c,0.33123969,2.80E-21,8.99E-21
Oprpn,3.664483916,1.36E-07,2.72E-07
Aldh3a2,-1.95943831,1.53E-115,2.62E-114
Gabrq,7.020140417,1.65E-49,1.02E-48
Stk3,-0.759928545,4.99E-45,2.83E-44
Rsad2,6.71975936,0,0
Gabre,-3.463720129,2.28E-34,1.02E-33
Slc29a2,1.41279291,2.49E-96,3.30E-95
Kcnd3,-4.363456908,1.55E-60,1.19E-59
B4galt6,3.516179056,2.42E-247,1.43E-245
Slc2a5,1.147699642,6.79E-10,1.51E-09
Kcnh1,-1.474672261,0.000822412,0.001314012
Kcnip3,-1.484543442,4.36E-13,1.10E-12
Clip1,-0.810152428,2.54E-10,5.73E-10
Cnn1,-8.578819947,7.15E-50,4.47E-49
Kcnn4,5.550580643,0,0
Rhag,13.30920605,0,0
Dpysl5,-2.472513011,3.70E-26,1.35E-25
Dync2h1,-0.441662473,1.92E-06,3.64E-06
Cyp2j4,-2.268893265,2.40E-34,1.08E-33
Agap2,1.233805976,1.54E-35,7.07E-35
Trnau1ap,-0.590217091,1.20E-22,4.02E-22
Myo1c,-2.54389357,1.44E-303,1.25E-301
Atp5f1a,-0.264478273,0.003936158,0.005947561
Mgat5,1.114741497,4.98E-09,1.06E-08
Nup62,1.443383287,1.46E-280,1.09E-278
Gpr27,-0.714593682,5.80E-09,1.24E-08
Nmur1,-2.289932253,9.75E-20,3.02E-19
Vti1a,-0.193277781,4.56E-05,7.96E-05
Csnk1g2,0.542565741,2.49E-16,6.96E-16
Aacs,-0.285331108,0.043341333,0.0587927
Gucy1a2,-4.481808035,1.64E-80,1.73E-79
Arhgef9,-1.516621076,7.22E-39,3.57E-38
Adamts4,-3.421613152,3.28E-109,5.20E-108
Kcnmb4,0.631658766,0.024426869,0.034127249
Pdgfd,-3.779959294,5.07E-138,1.12E-136
Gapdhs,-0.884457866,1.43E-06,2.73E-06
Cybb,2.379600519,3.64E-27,1.37E-26
Gfra4,-4.907293571,5.80E-51,3.69E-50
Npy2r,-5.438920782,7.85E-22,2.57E-21
Lpar3,-2.191249598,7.28E-17,2.08E-16
Trpv4,-2.717387228,4.71E-35,2.14E-34
Arl6ip5,-0.395942978,9.12E-09,1.93E-08
Ido1,-2.558677707,0.001306398,0.00205293
Wdr7,-0.509355367,3.22E-15,8.72E-15
Mogs,0.302557,3.04E-10,6.86E-10
Hspb3,4.475432231,3.87E-09,8.32E-09
Scn9a,-1.439162948,0.030793544,0.042528183
Shank1,0.914201956,0.007710972,0.011316106
Bcam,-3.945453737,3.99E-102,5.76E-101
Akr1a1,-0.215968303,2.10E-06,3.96E-06
Prx,-1.03725805,1.17E-22,3.91E-22
Golph3,0.146112085,0.000871853,0.001390753
Per3,-1.331472114,3.43E-40,1.75E-39
Apaf1,0.985998659,6.64E-38,3.22E-37
Csf1,-1.877427151,3.36E-79,3.50E-78
Arhgef11,-2.486417443,1.47E-128,2.93E-127
Mcam,-4.855122847,5.02E-236,2.77E-234
Srebf1,-2.699307611,2.23E-98,3.05E-97
Trib1,-1.023335282,8.55E-18,2.51E-17
Birc3,0.530082792,9.75E-08,1.97E-07
Zfp354c,-1.859027117,2.42E-56,1.70E-55
Senp2,1.034538587,3.77E-159,1.04E-157
Kiss1r,-1.304071159,5.07E-06,9.39E-06
Camkv,4.914386129,6.35E-70,5.71E-69
Mrs2,-0.224426994,0.000365917,0.00059974
Secisbp2,0.648830067,9.00E-27,3.35E-26
Duox2,-1.731201332,3.96E-18,1.17E-17
Mepe,5.91995842,5.75E-50,3.60E-49
Pigm,0.451090796,6.01E-05,0.000104122
Fgr,3.069077594,3.85E-85,4.34E-84
Fgfr1,-3.286694561,2.86E-180,9.62E-179
Evl,0.778515181,1.86E-24,6.52E-24
Apex1,0.809527064,6.70E-40,3.39E-39
Arf5,2.889623314,2.39E-159,6.60E-158
Arf4,-1.048975827,9.40E-115,1.59E-113
Arf6,1.027452162,6.13E-126,1.19E-124
Fdxr,1.153813066,9.94E-38,4.81E-37
Asic1,-1.049375922,5.11E-10,1.14E-09
Anxa4,-1.466213658,5.91E-40,3.00E-39
Anxa6,-2.721105362,2.35E-252,1.46E-250
Dck,3.428887963,0,0
Dab2,-0.451917259,0.000208314,0.000347473
Cyba,1.899644162,4.36E-62,3.43E-61
Begain,-0.920774567,0.000364525,0.00059749
Epha5,-0.936861903,0.02080201,0.029281375
Frk,-2.779928436,1.65E-80,1.75E-79
Fstl1,-2.95567524,4.49E-116,7.76E-115
Slc6a1,2.273923433,0.002010206,0.003111165
Galnt1,0.29364215,7.62E-11,1.76E-10
Gdf10,-3.656419821,5.86E-25,2.08E-24
Gja3,3.301768371,9.77E-25,3.44E-24
Gng5,-0.126008189,0.026677403,0.037112024
Grid2,-2.155738371,9.82E-05,0.000167597
Gucy2d,3.572430918,8.87E-10,1.96E-09
Hes5,4.618413321,6.82E-36,3.16E-35
Thoc6,0.912450829,4.82E-66,4.06E-65
Hhex,0.917016574,4.63E-30,1.87E-29
Hmgcl,-0.729408326,2.05E-15,5.59E-15
Hmox2,-0.744514787,6.69E-37,3.17E-36
Nr4a1,0.437566564,0.031536968,0.043520368
Hoxa5,-2.330858938,3.10E-35,1.42E-34
Hpgd,-6.176267948,3.12E-59,2.33E-58
Hsd17b2,1.427709168,0.013524578,0.019388986
Hsd17b4,-1.477847013,6.86E-92,8.54E-91
Hsf1,-0.737609766,6.14E-65,5.08E-64
Htr5b,2.067397461,0.002126799,0.003284741
Abca2,-1.589701225,1.94E-38,9.53E-38
Abi1,0.357824795,2.22E-16,6.23E-16
Aco2,-1.1637189,5.92E-24,2.05E-23
Aspa,-2.319724021,1.21E-102,1.76E-101
Adamts1,-3.8021936,4.02E-185,1.43E-183
Atf4,0.992747679,3.32E-59,2.48E-58
Hnrnpd,1.368396675,2.38E-200,9.68E-199
Axin1,0.151939998,6.73E-05,0.000116243
Stmn4,-2.881289339,2.50E-13,6.35E-13
Zfp36,-0.407783268,0.000309798,0.000510276
Luzp1,-2.035730276,6.09E-106,9.27E-105
Pdgfc,-1.546681335,1.36E-42,7.31E-42
Clcnkb,0.943497935,1.44E-05,2.60E-05
Myh10,0.354048272,0.046551939,0.062899866
Rab11b,-0.315426483,7.66E-10,1.69E-09
Ube2d4,2.132117548,6.78E-07,1.31E-06
Igfals,1.209529155,0.000226253,0.000376291
Rpl21,0.799382599,1.25E-33,5.52E-33
Fabp4,-4.008321439,3.89E-180,1.31E-178
Chrna1,-4.860190079,1.00E-41,5.27E-41
Acvr1,-1.844478355,3.11E-46,1.81E-45
Alcam,-1.722943789,1.51E-27,5.74E-27
Grpel1,-0.926403302,3.78E-55,2.61E-54
Zbtb10,-1.934841554,3.61E-107,5.57E-106
Sost,2.996593663,2.30E-13,5.83E-13
Rabep2,-0.595748055,2.91E-24,1.01E-23
Cyb5b,-2.558787588,1.15E-229,6.00E-228
Sec61a1,-0.44274506,9.04E-13,2.24E-12
Hnrnpl,0.444727374,2.93E-38,1.43E-37
Cubn,-4.809400405,5.60E-57,4.00E-56
Inpp4a,-0.609438285,3.44E-21,1.10E-20
Gng2,1.450905398,1.61E-37,7.75E-37
Slc16a3,3.591325,2.48E-41,1.29E-40
Erap1,-0.995747917,4.27E-75,4.19E-74
Slco1a5,-0.800077761,0.026216367,0.036500059
Syt13,-3.514974684,8.48E-13,2.11E-12
Trim23,-0.316248364,1.79E-05,3.20E-05
Nptxr,-2.504973837,8.87E-36,4.10E-35
Itga7,-5.393926645,4.61E-116,7.97E-115
Stxbp5,0.973921614,1.07E-40,5.50E-40
Ica1,-0.142575131,0.047687593,0.064372593
Grb2,0.476680487,2.84E-38,1.39E-37
Bst1,3.230995684,1.88E-73,1.79E-72
Bmpr1a,-3.394629831,7.51E-95,9.76E-94
Bdkrb1,-3.155141068,4.19E-11,9.75E-11
Mia,-0.967866876,1.90E-06,3.60E-06
Lat,2.010473187,6.62E-80,6.96E-79
Lig1,2.505107814,3.84E-281,2.87E-279
Lrrn3,-2.45914536,4.25E-15,1.14E-14
Lyn,1.286499637,3.36E-36,1.57E-35
Smad7,-0.498310127,3.96E-13,9.96E-13
Mdk,-1.052306173,1.13E-06,2.16E-06
Mef2d,-0.442844788,7.94E-13,1.97E-12
Mgat1,-0.36551441,2.23E-18,6.67E-18
Mtr,-1.009891677,1.55E-84,1.73E-83
Nfix,-0.351933745,0.000832489,0.00132961
Nfkbib,0.284809843,4.97E-05,8.65E-05
Ccn3,-4.741001152,1.19E-48,7.26E-48
Nrp2,-0.769400426,7.37E-22,2.41E-21
Ogg1,1.322381999,2.91E-81,3.10E-80
Pde1a,-1.17750094,1.68E-15,4.59E-15
Pdk2,-0.829454029,0.000239428,0.000397622
Sgpp1,1.14218496,4.69E-39,2.33E-38
Acta2,-5.848308921,6.05E-89,7.17E-88
Adar,0.599713547,1.44E-19,4.43E-19
Adcy2,0.909583456,2.66E-05,4.71E-05
Ap2a2,0.220469867,0.008107685,0.011874146
Agtr1b,-4.5183058,9.49E-07,1.82E-06
Alox15,5.50928908,2.61E-172,8.09E-171
Amd1,1.51960492,0,0
Atic,0.309625624,1.08E-13,2.77E-13
Chrm2,-3.555512219,6.45E-06,1.19E-05
Creb1,0.877308946,5.91E-60,4.47E-59
Atf2,0.457980849,2.15E-34,9.63E-34
Mapk14,0.766473563,2.62E-92,3.28E-91
Csnk2b,0.689825941,2.46E-50,1.55E-49
Cspg4,-3.356256712,1.27E-86,1.46E-85
Ctbs,-0.804555106,5.67E-40,2.88E-39
Dbn1,-2.775105794,4.47E-77,4.52E-76
Dlat,-1.537326031,2.00E-73,1.90E-72
Dync1li2,-0.657118749,4.18E-38,2.04E-37
Dpyd,-2.241960398,8.05E-22,2.63E-21
Gabbr1,-2.273163509,1.00E-39,5.04E-39
Gabrp,-3.246944171,1.52E-16,4.28E-16
Gak,-0.406137412,3.03E-13,7.66E-13
Gatm,0.405217324,0.00016309,0.000274031
Gmfb,-0.248949118,3.53E-05,6.21E-05
Gna11,-1.189207165,3.48E-49,2.15E-48
Gna12,0.170211758,0.029054945,0.040241643
Gnai2,-0.173210152,0.02271645,0.031842855
Gnaq,-0.839415847,3.87E-40,1.97E-39
Gnb2,0.446180426,5.72E-45,3.24E-44
Gnrhr,4.108101753,2.46E-12,6.00E-12
Gpt,-3.179183193,2.43E-129,4.92E-128
Grm7,-2.88601058,6.98E-05,0.00012032
Gtf2b,0.420760101,4.83E-20,1.50E-19
Gtf2f2,1.196682999,7.46E-141,1.70E-139
Gyg1,0.886379665,6.17E-11,1.43E-10
Itpka,-0.989419123,7.87E-08,1.60E-07
Itpr2,-1.831134979,6.91E-95,8.98E-94
Jup,-1.288635884,6.18E-31,2.54E-30
Lifr,-2.52565198,2.96E-63,2.38E-62
Lss,-1.267471998,1.95E-80,2.06E-79
Mipep,-1.361033448,2.20E-45,1.26E-44
Mlh1,0.890617409,1.42E-55,9.85E-55
Mmp2,-3.882460425,2.16E-79,2.25E-78
Mmp9,6.062845363,5.17E-229,2.68E-227
Mmp14,-3.132419423,2.71E-119,4.85E-118
Aldh6a1,-2.458167897,3.40E-62,2.68E-61
Msh2,1.849247477,6.96E-230,3.65E-228
Msx1,-2.420193144,6.09E-26,2.22E-25
Gas5,1.25542448,2.74E-97,3.68E-96
Camlg,-0.744066451,9.24E-72,8.56E-71
Ggcx,-2.718584211,8.54E-271,5.96E-269
Ctbp2,-0.278815767,2.78E-05,4.92E-05
Cdo1,-3.688518936,2.61E-118,4.62E-117
Ager,-0.916567276,2.11E-15,5.76E-15
Musk,-1.20177749,0.001595897,0.002493557
Mvd,1.268348001,1.02E-42,5.48E-42
Mvk,-0.466169956,1.55E-09,3.39E-09
Rpl10a,1.109222989,9.15E-117,1.59E-115
Fez1,-0.760299665,0.003437256,0.005221452
Actr3,1.73681124,1.45E-127,2.87E-126
Nell1,-2.40209056,4.85E-12,1.17E-11
Nell2,1.755932474,8.20E-06,1.50E-05
Neo1,-2.271465556,1.83E-66,1.55E-65
Ntf3,-2.866441496,4.24E-57,3.03E-56
Nup98,0.207187988,2.04E-06,3.86E-06
P2rx3,-2.307115951,4.48E-46,2.60E-45
Pcm1,0.476981811,2.81E-19,8.59E-19
Cdk16,-0.441358849,2.56E-18,7.64E-18
Pde1c,-0.833820997,0.002820255,0.004314087
Pde2a,-0.873380142,1.23E-14,3.27E-14
Pde7a,0.693308801,6.12E-25,2.17E-24
Pggt1b,-0.157545239,9.73E-05,0.000166176
Pi4kb,-0.90222077,4.63E-200,1.88E-198
Pls3,-2.772920929,1.11E-114,1.86E-113
Prkch,-0.971871221,1.23E-40,6.31E-40
Pros1,-2.545295284,8.04E-121,1.48E-119
Psen2,-2.097899532,3.40E-259,2.22E-257
Ptger2,-0.345687149,0.020047169,0.028269958
Pth2r,-2.694591031,0.002623881,0.004023475
Rab1a,-0.630279103,5.95E-38,2.89E-37
Rab3b,-5.032610722,7.91E-58,5.74E-57
Rala,-0.470248723,5.89E-25,2.09E-24
Renbp,-1.042250859,6.16E-32,2.60E-31
Rock1,0.250206861,5.74E-06,1.06E-05
Rpl5,0.623113149,1.88E-36,8.82E-36
Rpl10,0.603692367,8.68E-38,4.20E-37
Rpl13,1.323710797,2.73E-115,4.66E-114
Rpl18,0.997564908,2.28E-82,2.49E-81
Rpl19,0.750786485,5.44E-50,3.41E-49
Rpl22,1.072574801,1.01E-81,1.09E-80
Rpl36al,0.887209818,2.66E-86,3.06E-85
Rpl37,0.719720982,3.52E-24,1.22E-23
Rps6ka1,2.339214044,3.75E-172,1.16E-170
Rps10,1.282961828,1.82E-109,2.90E-108
Rps11,0.750789824,6.66E-57,4.75E-56
Rps21,0.858973445,5.97E-38,2.90E-37
Rps24,1.034929207,3.38E-65,2.81E-64
Rps27a-ps1,1.065716699,1.85E-18,5.54E-18
S100a10,-2.112772523,2.91E-109,4.61E-108
Sctr,-3.646694663,5.35E-43,2.90E-42
Soat1,0.815589632,4.52E-06,8.40E-06
Ssb,0.510954884,3.69E-43,2.01E-42
Ssr3,-0.527980931,7.62E-21,2.42E-20
Ssrp1,1.47069369,6.80E-201,2.80E-199
St13,-1.223682764,3.97E-85,4.48E-84
Stc1,-2.725175323,1.29E-50,8.18E-50
Stx3,1.442938995,4.45E-60,3.37E-59
Stx4,-0.127065711,0.000398224,0.000651032
Stxbp2,1.896063997,7.93E-76,7.86E-75
Suox,-2.739795854,1.36E-51,8.75E-51
Elob,0.677329915,9.02E-40,4.55E-39
Nr2f1,-3.317940231,3.02E-46,1.76E-45
Tgfb2,-1.903405301,1.64E-26,6.06E-26
Tgfbr2,-2.42889135,8.12E-235,4.43E-233
Thpo,-0.865136519,0.000193076,0.000322838
Thra,-1.583669101,3.58E-82,3.88E-81
Klf10,-0.464867199,1.72E-17,5.00E-17
Tmsb4x,0.886115053,4.25E-27,1.60E-26
Tpp2,0.175240901,6.71E-07,1.30E-06
Ube2b,0.839861262,2.20E-25,7.89E-25
Usf2,0.402282348,4.48E-16,1.25E-15
Vim,-2.132503758,7.00E-92,8.70E-91
Doc2b,-5.165664749,3.56E-58,2.60E-57
Dgkz,0.70532744,5.82E-16,1.61E-15
Actb,0.754277456,1.02E-27,3.88E-27
Cib1,1.027280231,4.80E-59,3.56E-58
Arpc1a,0.395718381,1.05E-20,3.34E-20
Slc20a1,1.739261016,1.90E-139,4.27E-138
Psmc5,0.142008319,0.022537436,0.031605399
Zp2,2.004767477,0.000277723,0.000459029
Mdh2,-0.368660146,0.000398508,0.00065146
Rab11a,-0.237153975,1.00E-11,2.39E-11
Sharpin,0.454819563,4.76E-42,2.53E-41
Gstm7,-0.496594137,0.012041424,0.01734847
Pdzk1ip1,3.537574936,8.72E-37,4.12E-36
Hip1r,0.350440816,2.93E-06,5.50E-06
Pard3,-1.979646264,1.86E-27,7.03E-27
Fut1,-1.391425474,1.45E-11,3.45E-11
Ube2d3,0.240220924,3.11E-13,7.85E-13
Sh3gl1,-0.426902175,5.82E-21,1.86E-20
Cds1,-0.650003537,6.55E-08,1.33E-07
Pias2,-0.356373153,1.58E-25,5.68E-25
Akap12,-2.079776537,1.71E-81,1.84E-80
Rack1,1.302186276,7.04E-108,1.10E-106
Dynlt1,1.262577734,1.30E-60,1.00E-59
Celsr2,0.905486338,6.83E-05,0.00011791
Slit3,-4.42535795,1.70E-193,6.60E-192
Lrp4,2.073203129,4.36E-85,4.91E-84
Bmp1,-1.565202738,2.56E-64,2.10E-63
Prep,-0.610701252,2.03E-19,6.24E-19
Ugdh,-0.267301437,0.001734493,0.002701265
Tfam,0.229216644,1.09E-05,1.98E-05
Ccn1,-1.354934875,2.11E-16,5.93E-16
Bcl10,0.45340741,7.11E-20,2.21E-19
Ocln,0.675086536,0.000316404,0.000520809
Hnrnpab,1.54979782,3.28E-143,7.67E-142
Psmd4,0.384173201,2.39E-15,6.50E-15
Cdh1,4.342081516,4.19E-28,1.61E-27
St3gal5,1.366296043,3.19E-44,1.78E-43
Camkk2,0.909914414,4.77E-26,1.74E-25
Timeless,2.918924472,0,0
Slc7a7,-0.25935957,6.75E-05,0.000116554
Lypla2,0.398261304,1.96E-22,6.51E-22
Slc6a2,1.404717627,0.000546146,0.000883726
Fads2,1.739239686,1.33E-28,5.17E-28
Tsc22d3,-1.063148004,3.01E-11,7.06E-11
Ptbp3,1.271821099,3.24E-83,3.57E-82
Fcna,1.236208509,8.40E-13,2.09E-12
Aplnr,-3.943478184,2.03E-97,2.74E-96
Pex3,-1.016585658,5.43E-61,4.19E-60
Acox3,-1.136736469,7.03E-57,5.00E-56
Impa1,0.334793498,1.61E-13,4.11E-13
Ogfr,0.454381566,2.82E-33,1.23E-32
Atrn,-2.036374444,1.39E-89,1.66E-88
Dbnl,1.194771897,3.72E-99,5.16E-98
Vdac1,-0.375350698,0.00485324,0.007264268
Vdac2,0.311115536,2.49E-09,5.40E-09
Vdac3,0.518747762,2.19E-09,4.76E-09
Aifm1,-0.391865271,2.03E-10,4.60E-10
Tpp1,-0.34349322,2.95E-05,5.21E-05
Kcnj11,3.286592385,5.27E-10,1.17E-09
Mkln1,-0.144911596,0.00088826,0.001415856
Smpd2,-0.278822211,5.72E-05,9.93E-05
Mchr1,1.916237705,0.00010181,0.0001736
Cdkn1b,1.55482645,4.23E-94,5.45E-93
Pafah1b1,-0.134764274,0.000103844,0.000176905
Rxrg,-1.307471466,1.33E-05,2.40E-05
Cpz,-4.357623639,7.02E-46,4.06E-45
Sort1,-1.491684708,5.27E-67,4.50E-66
Itgae,-0.731034901,6.49E-20,2.02E-19
Pdxk,0.350720805,0.00447775,0.006729818
Gnb5,-3.006910074,1.85E-67,1.59E-66
Thbd,-1.161098407,2.06E-29,8.17E-29
Polr1a,-0.588737616,2.96E-26,1.09E-25
Polr1b,0.257409913,1.93E-08,4.03E-08
Rabac1,-1.551607386,2.39E-57,1.72E-56
Casp6,0.142512699,0.037236034,0.050952397
Gda,-0.652664485,7.52E-10,1.67E-09
Usf1,0.257700416,4.23E-08,8.69E-08
Kcns3,-1.019666122,1.95E-20,6.12E-20
Apba1,-0.888654639,2.28E-08,4.75E-08
Apba2,-2.568864924,6.23E-09,1.33E-08
Apba3,-0.561862717,3.61E-15,9.76E-15
Slc32a1,6.988031856,1.78E-56,1.26E-55
Pias3,-0.352222782,1.21E-11,2.89E-11
Atp6ap1,-0.714590126,1.81E-50,1.14E-49
Trim3,-1.557445004,1.21E-64,1.00E-63
Hipk3,-0.966122211,3.65E-42,1.94E-41
Rest,0.264495873,3.59E-05,6.30E-05
Nfe2l2,-0.185517829,2.06E-05,3.68E-05
Cit,4.783479585,2.70E-114,4.52E-113
Spag4,1.858832691,6.75E-62,5.30E-61
Ppig,0.399011368,1.23E-35,5.68E-35
Ugcg,-0.629362813,3.60E-36,1.68E-35
Cd82,1.897309447,1.61E-171,4.96E-170
Dedd,0.223422577,2.37E-09,5.15E-09
Deaf1,-0.582936919,2.25E-15,6.13E-15
Gmeb2,1.122023869,8.63E-98,1.17E-96
Cish,-2.640327124,5.65E-46,3.27E-45
Tpbg,-2.760365484,1.65E-24,5.80E-24
Capn6,-3.760950463,8.57E-18,2.52E-17
Cngb1,-1.939638967,6.11E-17,1.75E-16
Taldo1,1.163574385,1.58E-76,1.58E-75
Cd164,-1.022145144,1.55E-56,1.10E-55
Mybph,1.74973376,2.24E-05,3.99E-05
Git1,-0.457074355,1.27E-05,2.30E-05
Rbbp7,0.692781134,5.17E-27,1.93E-26
Omd,-2.492113248,8.84E-43,4.77E-42
Clic4,-0.839982495,1.76E-28,6.80E-28
Fat1,-3.337789542,1.37E-96,1.82E-95
Dvl1,-0.559100838,2.46E-10,5.57E-10
Plk2,-1.321401096,5.13E-15,1.38E-14
Ncoa2,-0.265657707,3.85E-07,7.57E-07
Wfs1,-1.82133987,6.61E-28,2.53E-27
Ctcf,1.382903693,2.13E-265,1.45E-263
Fbn1,-3.575179022,9.98E-113,1.64E-111
Vamp8,1.167591986,2.38E-58,1.74E-57
Rtn4,-1.408983317,1.39E-20,4.39E-20
Lgals3,-0.679783056,2.93E-07,5.79E-07
Nme2,-0.932613901,1.86E-35,8.53E-35
Sult1a1,-2.297564008,2.78E-41,1.45E-40
Vegfa,-2.40422574,2.96E-74,2.87E-73
Rps2,1.356075545,4.84E-94,6.22E-93
Scd2,0.577111966,0.000189904,0.000317713
Dpp7,-0.450662189,1.49E-16,4.21E-16
Clta,0.359594002,2.88E-14,7.54E-14
Ptms,-1.235827588,2.85E-30,1.16E-29
Prkab1,1.958549275,3.07E-245,1.79E-243
Src,1.277704838,8.21E-38,3.98E-37
Psmd1,0.186104867,0.000217008,0.000361484
Ybx3,4.576088886,0,0
Nsfl1c,-0.46367497,2.61E-13,6.62E-13
Trpv1,-3.62789431,8.80E-73,8.27E-72
Ache,3.381007907,1.72E-138,3.81E-137
Sycp2,0.601770455,0.000454439,0.000739744
Gipc1,-0.159537151,0.000113285,0.000192445
Cxxc4,1.121491341,1.40E-14,3.72E-14
Dclk1,-4.315052802,7.69E-65,6.35E-64
Nr5a1,3.234651622,1.48E-17,4.31E-17
Gtf2a2,0.490615593,8.58E-21,2.72E-20
Gtf2a1,0.280707197,4.84E-07,9.46E-07
Smarcd2,1.215455006,1.60E-101,2.29E-100
Nrn1,-1.143281701,6.48E-08,1.32E-07
Chic2,1.021787437,6.29E-76,6.25E-75
Nde1,1.116043623,1.07E-75,1.05E-74
Bambi,-0.651803317,2.05E-05,3.67E-05
Ltbp3,-2.728047862,3.40E-54,2.30E-53
Calb1,-2.53134583,1.48E-17,4.31E-17
Rps6kb1,-0.199284203,6.75E-07,1.31E-06
Sdcbp,0.752123001,3.22E-56,2.27E-55
Crot,-1.553422732,1.52E-163,4.35E-162
Eif2b2,1.079791457,7.98E-118,1.41E-116
Prkci,-2.483505039,6.40E-225,3.22E-223
C3ar1,-0.839470853,3.88E-07,7.62E-07
Cntnap1,0.214047856,0.039047896,0.05329364
Dll1,-2.983078917,1.74E-75,1.71E-74
Atp9a,-2.131965084,2.20E-21,7.09E-21
Slc1a6,-2.530120425,1.54E-05,2.78E-05
Hsd17b12,-2.117445876,4.02E-131,8.28E-130
Ralbp1,0.48656017,9.33E-33,4.03E-32
Ttn,3.775574539,2.55E-09,5.51E-09
Hmga2,4.140911232,6.02E-17,1.72E-16
Synj2,-0.7606007,6.33E-11,1.46E-10
Nae1,-0.661425028,4.44E-41,2.30E-40
Kcnq1,-1.334789845,1.54E-17,4.49E-17
Irs3,-4.001039587,8.88E-170,2.70E-168
Ptger4,-0.802623276,2.84E-11,6.68E-11
Dnaja2,0.113748176,0.010045591,0.014578796
Gsk3b,-0.412992686,7.44E-28,2.85E-27
Chn1,0.689326319,5.27E-07,1.03E-06
Chn2,-0.510245415,2.71E-10,6.12E-10
Col3a1,-4.792677882,1.03E-125,2.00E-124
Sox11,-2.442069701,4.95E-05,8.62E-05
Enpp2,-4.660604729,4.04E-122,7.53E-121
Agps,0.210979887,0.034664788,0.047611663
Ackr3,-3.847084097,1.35E-42,7.25E-42
Dnmt1,2.55269051,1.37E-257,8.81E-256
Ikbkb,0.493144522,4.45E-40,2.27E-39
Col1a2,-2.626565635,6.73E-66,5.65E-65
Ctnnb1,-0.288889264,8.68E-08,1.76E-07
Ssbp3,0.675617587,7.64E-23,2.57E-22
Atox1,-0.113980575,0.049534739,0.066759406
Abcd2,-4.658839975,9.29E-231,4.90E-229
Sh3kbp1,-0.306184842,0.000207626,0.000346383
Efna2,-1.204075437,1.69E-20,5.34E-20
Clcn3,1.497003447,8.94E-144,2.10E-142
Rab6a,0.714947469,1.29E-61,1.01E-60
Dhh,-3.001924414,2.30E-45,1.31E-44
Tcf4,-1.215463071,3.32E-55,2.29E-54
Timm8a1,0.8492857,3.61E-46,2.10E-45
Timm10b,-0.142153177,0.017899152,0.025376361
Pglyrp1,6.231012656,3.91E-223,1.95E-221
Il18bp,-0.639937439,2.18E-17,6.31E-17
Hcn1,-1.41354512,0.029995027,0.041473775
Kif2a,1.268709965,8.21E-109,1.30E-107
Kif3a,-0.24916451,0.002683205,0.004112311
Kif4a,6.262651308,7.47E-261,4.92E-259
Dcx,-0.781146505,0.045175672,0.061143613
Tnfaip6,-4.666221804,9.50E-60,7.15E-59
Cd93,-0.965907656,7.09E-16,1.96E-15
Prelp,-4.401371339,1.42E-247,8.45E-246
Puf60,0.472969695,4.59E-64,3.74E-63
Gemin2,0.878747827,4.45E-70,4.01E-69
Il12a,2.435020265,1.33E-27,5.05E-27
Hs3st1,-1.605111401,2.89E-26,1.06E-25
Cdh11,-1.237553395,8.83E-11,2.03E-10
Robo2,-2.244913355,8.96E-21,2.84E-20
Klf5,2.777589259,6.23E-46,3.60E-45
Cilk1,-1.711425672,7.11E-147,1.73E-145
Smpx,4.36819872,2.85E-05,5.04E-05
Adcy7,0.40906633,0.023583221,0.03301093
Nrtn,5.072580677,1.36E-149,3.41E-148
Tle3,-1.098671884,1.12E-63,9.13E-63
Wnt4,-0.555661236,0.026570258,0.036966695
Grb7,-1.241807784,0.001897656,0.00294483
Dctn4,-0.464980229,2.67E-54,1.81E-53
Pomt1,-0.825616439,7.12E-52,4.61E-51
Asah1,-0.70456177,4.13E-17,1.19E-16
Chst3,-1.508560267,9.00E-20,2.79E-19
Maged1,-2.405585335,1.61E-65,1.34E-64
Gnpat,-0.506728923,9.97E-29,3.88E-28
Snx1,0.453302584,9.12E-21,2.89E-20
Ilf3,0.461117755,2.65E-21,8.53E-21
Ddx20,0.357055431,2.74E-13,6.94E-13
Cxcr3,-0.547908779,0.003015173,0.004599643
Strbp,0.948360182,2.19E-34,9.84E-34
Gab2,-0.725109713,6.67E-36,3.09E-35
Ufd1,0.123551105,0.002863704,0.004378058
Synrg,0.266788221,2.06E-07,4.09E-07
Bnip3,-2.810137534,2.86E-35,1.31E-34
Arid4b,0.164181453,0.00072957,0.001170389
Foxo1,-1.682838278,1.30E-102,1.89E-101
Slc4a4,-2.966289352,2.02E-54,1.37E-53
Ccs,0.349609618,2.95E-11,6.92E-11
Fgf13,1.058252831,0.032803053,0.045183235
Fgfr3,-0.521535551,0.000390918,0.00063951
Fen1,3.832972959,0,0
Tec,0.377724688,1.35E-07,2.72E-07
Fmo3,0.555987878,0.010089598,0.014640507
Trpc4,2.131399677,3.28E-08,6.78E-08
Stau1,-0.662349825,6.56E-55,4.50E-54
Dgat1,-2.660455451,3.91E-183,1.36E-181
Ran,1.843529199,5.82E-287,4.49E-285
Stmn2,1.247837685,0.009320756,0.013568804
Slco1c1,3.194230721,0.001273319,0.002003397
Slc7a8,-1.795711126,2.92E-38,1.43E-37
Rims1,-1.788535905,0.002726639,0.004176931
Tgfb1i1,-0.67293208,7.87E-15,2.10E-14
Hdac1l,1.543654714,1.30E-48,7.96E-48
Hdac2,0.165619654,4.21E-05,7.37E-05
Hdac3,-0.202783366,4.78E-06,8.87E-06
Hdac5,-0.297229086,3.51E-11,8.19E-11
Hdac7,-1.162524734,1.64E-91,2.03E-90
Rgs2,-1.680668179,7.34E-31,3.02E-30
Ncoa3,-0.293446789,6.72E-07,1.30E-06
Fgl2,0.442527705,0.005566849,0.008282522
Plcl1,-3.246322121,7.10E-36,3.29E-35
Rab9a,-0.55330099,1.41E-19,4.33E-19
Rab27b,4.447894785,1.38E-132,2.88E-131
Cetn1,-1.373378974,0.019948887,0.028142095
Cetn2,0.862684356,8.62E-54,5.79E-53
Nfs1,-0.801849609,1.69E-38,8.33E-38
Nucb1,-1.357308295,4.33E-76,4.31E-75
Srm,0.372826218,1.47E-08,3.08E-08
Fut9,1.713327492,0.039684577,0.054082759
Jak1,-0.607182658,1.96E-23,6.67E-23
Tmed10,-0.682645718,2.11E-22,7.02E-22
Rag1,11.78389191,5.94E-198,2.36E-196
Socs2,-0.359832324,0.000206969,0.000345346
Sema6b,-1.008857266,3.44E-18,1.02E-17
Cox4i2,-1.652713398,8.93E-24,3.07E-23
Ppp1r9a,-2.637037153,4.03E-32,1.71E-31
Ppp1r9b,0.360043922,6.99E-07,1.36E-06
Ptp4a2,0.385032841,4.56E-14,1.19E-13
Synj1,1.145214116,1.60E-65,1.34E-64
Mlycd,-1.221164171,5.87E-40,2.98E-39
Plcb2,2.173967901,1.64E-87,1.91E-86
Pola1,2.584628294,3.32E-178,1.09E-176
Pola2,1.724652517,3.09E-82,3.36E-81
Pik3cb,-1.303796899,1.76E-62,1.40E-61
Spa17,0.343408576,0.002913051,0.004450113
Kpna2,2.837012079,6.13E-295,4.97E-293
Gas7,-1.143002152,1.89E-14,5.00E-14
S100a6,-1.525660347,5.16E-24,1.79E-23
Kif3c,-1.744529922,1.33E-32,5.72E-32
Pex11a,-3.207971203,4.68E-153,1.21E-151
Col5a2,-4.188298932,1.40E-189,5.23E-188
Col18a1,-4.327852616,2.83E-108,4.44E-107
Xpo1,1.184535925,2.60E-127,5.13E-126
Plg,-0.992937753,0.044546279,0.060335917
Slc44a1,0.488998225,8.17E-12,1.96E-11
Hacl1,-1.004138068,2.26E-15,6.14E-15
Slc2a8,-1.514390111,4.27E-45,2.43E-44
Cnga4,2.187266533,3.45E-21,1.11E-20
Entpd6,-0.878896629,6.23E-16,1.73E-15
Mterf1,0.416384105,6.01E-12,1.45E-11
Slc25a27,-2.795808701,1.56E-28,6.05E-28
Slc25a14,-0.500362237,1.10E-07,2.23E-07
Abcg1,-2.102156224,1.81E-120,3.31E-119
Ajuba,-3.758492811,2.33E-117,4.08E-116
Prss12,-3.124283238,2.70E-28,1.04E-27
Slc24a3,-1.764775224,2.99E-31,1.24E-30
Hrh3,-0.449331574,0.009717046,0.014121387
Nme3,-0.374279347,9.91E-07,1.90E-06
Tekt1,-0.887162077,0.005395885,0.008037049
Bmp7,-4.304040489,2.24E-53,1.49E-52
Prdx4,0.709264976,1.11E-24,3.89E-24
Mpp2,1.547067466,6.91E-31,2.84E-30
Folh1,-2.700288208,2.47E-17,7.14E-17
Pla1a,1.16687313,4.14E-32,1.75E-31
Lin7a,-1.084807744,0.021082805,0.029649824
Cavin3,-2.938611766,5.86E-58,4.26E-57
Slc25a4,0.542759185,0.034923944,0.047954976
Ngb,-1.723561221,1.68E-07,3.36E-07
Nol3,-1.458027147,7.82E-09,1.66E-08
Shc1,-0.669523989,5.20E-46,3.02E-45
Lyst,1.235980984,2.75E-15,7.46E-15
Prkcq,2.895157019,2.78E-68,2.42E-67
Prkd1,-3.190497955,6.80E-116,1.17E-114
Tfpt,0.598721531,1.75E-27,6.64E-27
Elf1,1.02308408,1.01E-54,6.88E-54
Tdrd7,-0.585220922,3.94E-34,1.76E-33
Rhoq,-0.765377035,1.55E-10,3.53E-10
Herpud1,0.166657675,0.026471571,0.036839541
Nox4,-4.429374174,1.20E-55,8.38E-55
Ddx52,0.648487329,6.15E-31,2.54E-30
Cdc5l,0.799519201,7.83E-104,1.16E-102
Smad9,0.838204902,1.33E-05,2.40E-05
Nbn,0.701318668,1.99E-37,9.58E-37
Twist1,-1.937857721,4.22E-38,2.05E-37
Col5a1,-3.901381705,1.76E-158,4.82E-157
Psmb7,0.197221133,0.000921826,0.001466987
Abcf1,0.421915908,3.03E-25,1.08E-24
Tpra1,0.195915535,0.003531421,0.005359267
Enpp1,-1.158013649,2.69E-42,1.44E-41
Klf15,-2.866282004,2.89E-37,1.39E-36
Laptm5,1.840376399,7.57E-55,5.18E-54
Idi1,0.373628611,0.000680009,0.001093515
Cox17,0.767227511,1.12E-25,4.04E-25
Lrp3,-2.976855431,5.99E-57,4.28E-56
Gna15,2.052316419,5.52E-106,8.40E-105
Lbr,2.981072378,2.48E-172,7.70E-171
Ncdn,-0.543215353,1.22E-13,3.14E-13
Tek,-2.260849829,3.43E-112,5.63E-111
Angpt2,-2.233903893,4.41E-98,6.00E-97
Tie1,-1.676565157,6.22E-93,7.87E-92
Angpt1,0.404413364,0.000684592,0.001100645
Cx3cl1,-2.262355271,6.98E-59,5.17E-58
Rfc1,0.504574594,6.58E-37,3.12E-36
Vegfb,-3.146245043,2.70E-107,4.18E-106
Pdk4,-2.376578445,6.94E-24,2.39E-23
Syngr2,0.218392581,0.001214432,0.00191329
Picalm,0.35527274,1.61E-08,3.38E-08
Sh2b1,0.16343203,0.001068323,0.001691117
Vamp5,0.539376632,0.000204608,0.000341463
Bud31,1.377126736,3.22E-157,8.68E-156
Prmt3,0.933447971,2.03E-63,1.64E-62
Trpc1,-1.526784719,1.05E-33,4.62E-33
Trpc6,1.70885407,5.19E-18,1.53E-17
Chi3l1,5.073028963,1.80E-162,5.10E-161
Nap1l1,-0.269629166,1.03E-06,1.99E-06
Ddx39a,1.635635295,3.11E-201,1.29E-199
Chl1,-1.238298843,3.28E-07,6.45E-07
Ptch1,-0.997156217,1.11E-15,3.05E-15
Pcyt2,-0.354612716,0.011038534,0.015952518
Mbtps1,-0.732908785,1.25E-78,1.29E-77
Sec16b,-2.388009739,2.29E-41,1.19E-40
Sec31a,-1.505746496,2.79E-143,6.53E-142
Cdhr1,-0.58640644,0.033816275,0.046518213
Olfm1,0.707412236,8.37E-06,1.53E-05
Hbg1,4.052683814,2.07E-14,5.46E-14
Cabin1,-0.512292465,2.09E-28,8.10E-28
Prdx6,-0.323026682,8.02E-11,1.85E-10
Atp6v0e1,-0.580093409,1.73E-25,6.21E-25
Slc27a1,-2.663191545,1.22E-118,2.17E-117
Idh3b,-1.054486976,4.43E-22,1.46E-21
Tinagl1,-2.13182369,8.59E-78,8.79E-77
Zfp423,-2.658559228,9.11E-74,8.73E-73
Gosr1,-0.718620347,2.83E-139,6.36E-138
Madd,0.685501244,7.05E-41,3.65E-40
Cox5b,0.212777624,0.00376423,0.005695632
S100a9,12.12989986,0,0
Rnf138,0.202750838,0.000302517,0.000498644
Rab14,-0.153816659,1.01E-09,2.23E-09
Psmb1,0.676772107,3.84E-55,2.65E-54
Dpep1,-5.857066458,1.67E-247,9.93E-246
Cdk4,0.976189559,2.00E-82,2.19E-81
Ptprr,-4.012997361,1.79E-64,1.47E-63
Pgf,-0.470554289,0.002922689,0.004464314
Ece1,-3.138254585,0,0
Rps27,0.899950737,8.89E-60,6.69E-59
Nudt4,1.260318791,1.03E-77,1.05E-76
Efna1,-1.449378642,2.96E-18,8.81E-18
Fez2,-0.843379085,2.41E-19,7.38E-19
Nnat,-6.565151128,7.72E-157,2.07E-155
Atp5pf,-0.162369801,0.0326449,0.044980053
Clic5,-1.473962365,2.17E-07,4.31E-07
Mgat2,0.256860536,0.001899215,0.00294694
Smpd3,-2.972682498,3.17E-74,3.06E-73
Mmp23,-4.608001554,1.07E-217,5.03E-216
Acsl5,1.3248929,3.01E-99,4.18E-98
Kcnj13,1.505668608,3.19E-08,6.61E-08
Bag6,0.108372558,0.027438851,0.038117532
Nrg1,3.233892538,8.56E-15,2.28E-14
Hemgn,11.35669178,0,0
Kif1c,-0.87365857,9.36E-07,1.80E-06
Nat8f3,-1.151090461,2.77E-07,5.48E-07
Sncb,3.587645527,0.003957168,0.005976865
Prdx5,0.240096186,0.002272576,0.003500566
Ces1d,-6.184969116,0,0
Sbk1,1.960693931,2.89E-54,1.96E-53
Prnd,-2.895597464,1.28E-20,4.04E-20
Gucy2e,-5.446949332,6.02E-64,4.91E-63
Rtn4r,-1.729543411,5.67E-12,1.37E-11
Slc6a20,4.119393871,5.71E-161,1.60E-159
Selenof,-0.342788464,1.87E-11,4.42E-11
Csnk1a1,-0.167809876,3.37E-10,7.58E-10
Nup88,1.015057793,1.26E-122,2.35E-121
Prrx2,-2.188809587,5.10E-11,1.18E-10
Clec2d,0.763666844,0.00989731,0.014374885
Gmfg,2.701931766,2.23E-158,6.09E-157
Maged2,-1.208892552,6.05E-34,2.68E-33
Bbs2,-0.724940374,7.99E-24,2.75E-23
Gpnmb,0.465803402,0.015512648,0.022129721
Pecr,-0.265256468,0.015925987,0.022700766
Mrps7,-2.466537862,6.56E-210,2.90E-208
C5ar1,1.971856964,2.36E-36,1.10E-35
Cdc42bpb,-1.992889095,7.57E-59,5.60E-58
Gorasp2,-0.313129035,1.75E-09,3.82E-09
Hadh,-2.271714313,9.08E-109,1.43E-107
Magi2,-0.648060472,0.000168103,0.00028223
Pom121,0.176278278,0.015819076,0.022552722
Pitx1,4.243954785,8.38E-18,2.46E-17
Nr2f2,-1.632853096,8.65E-26,3.14E-25
Hmgn3,-0.173166208,0.044620743,0.060431243
Ugt1a6,-2.992329165,3.40E-23,1.15E-22
P2rx5,-4.109839065,3.50E-147,8.57E-146
Ndst2,-0.644304534,1.75E-27,6.63E-27
Ppp1r14a,-1.094814865,1.53E-17,4.46E-17
Epm2a,-1.624126767,6.72E-10,1.49E-09
Gfm1,-0.362423825,1.48E-09,3.24E-09
Nat8f5,-1.050278306,0.000610285,0.000984442
Ebna1bp2,0.568209542,1.88E-20,5.93E-20
Glrx2,0.698734708,1.09E-40,5.61E-40
Copb1,-0.379492465,8.19E-12,1.96E-11
Acsl3,-0.368172861,0.004544192,0.006823438
Ctnnd2,-1.1748494,0.000304273,0.000501342
Megf8,-0.773846535,6.46E-22,2.12E-21
Fstl3,-2.425465991,3.97E-29,1.56E-28
Inpp5e,-0.158454239,0.012955179,0.018609663
Egr2,-1.701394079,1.29E-13,3.30E-13
Fcnb,7.902257169,3.76E-214,1.70E-212
Uchl3-ps1,0.330823104,0.004286921,0.006451207
Ltc4s,-0.772372252,5.44E-05,9.45E-05
Cysltr1,-2.082830086,3.34E-58,2.44E-57
Sc5d,-0.452800005,1.58E-05,2.83E-05
Cds2,-1.204769575,1.76E-18,5.28E-18
Cdh23,1.861017519,3.31E-35,1.51E-34
Il5ra,6.084022319,4.64E-111,7.53E-110
Asah2,-2.726579265,1.62E-86,1.87E-85
Bco1,-1.22460064,0.0023651,0.003638161
Kremen1,-1.454750095,2.01E-60,1.53E-59
Flt4,-0.290801346,0.009433868,0.013726038
Vegfc,-0.429851672,9.94E-07,1.91E-06
Dnm1l,0.167502746,1.29E-06,2.47E-06
P2rx2,-0.789760989,0.005558827,0.008271418
Cdc42bpa,-1.110205053,7.73E-45,4.37E-44
Gng3,0.796417172,0.001802958,0.002802875
Gng10,2.292565814,8.37E-121,1.54E-119
Gng12,-1.958748094,6.99E-148,1.73E-146
Ccnl1,0.300013967,0.000239513,0.000397719
Vcan,-1.02723849,1.03E-05,1.88E-05
Sardh,-1.497051707,1.53E-49,9.53E-49
Akap1,-1.621158162,3.74E-66,3.15E-65
Dll3,-1.213827019,0.000910823,0.001450257
P3h1,-2.107966334,2.54E-193,9.83E-192
Mpp3,0.844920477,0.00011182,0.000190087
Sh2b2,-1.554390633,3.75E-26,1.38E-25
Crcp,0.673982951,5.00E-44,2.78E-43
Tmf1,0.577054796,2.44E-32,1.04E-31
Ryr1,2.019894309,2.01E-06,3.80E-06
Phyh,-2.229747721,4.61E-49,2.84E-48
Spata2,-0.321323525,3.47E-07,6.83E-07
Mtnr1a,2.925625304,0.00271314,0.004156898
Chek2,2.578781642,4.57E-232,2.44E-230
Dffa,-0.703840246,1.31E-13,3.36E-13
S100a3,0.499909529,0.02315688,0.032440247
Nox1,0.984879658,0.013721593,0.019661902
Hcn3,3.388481971,1.22E-65,1.02E-64
Trpv6,-1.748812103,6.30E-13,1.57E-12
Slfn4,2.048919629,1.77E-41,9.26E-41
Pde6h,7.097869379,2.10E-166,6.21E-165
Gtpbp4,0.109138974,0.020004388,0.028213663
Nek2,7.002519382,0,0
Cdk6,0.751381842,6.97E-25,2.47E-24
Dmtf1,0.281261473,1.94E-06,3.68E-06
Wnt2,1.400126591,4.10E-10,9.17E-10
Rbm3,2.43351215,7.37E-247,4.34E-245
Dag1,-2.325938527,4.21E-52,2.74E-51
Cited2,0.496177967,1.38E-05,2.49E-05
Cited4,5.882106478,1.35E-101,1.94E-100
Ccna2,6.233620847,0,0
Map2k6,-0.840982606,9.08E-11,2.09E-10
Bik,0.851641752,2.42E-05,4.30E-05
Hdgf,1.982125867,0,0
Gbx2,-3.24422174,1.64E-06,3.11E-06
Lmx1b,1.308971493,0.034552203,0.047466561
Pou4f1,2.190778858,2.16E-09,4.69E-09
Msx3,4.086249284,4.90E-19,1.49E-18
Klf4,-1.79254733,5.66E-62,4.45E-61
Ankh,0.275373982,0.001460427,0.002287566
Fbp2,1.908928714,0.001474971,0.002309493
Mapk7,-0.570610329,1.53E-32,6.58E-32
Emb,6.901132222,3.71E-299,3.12E-297
Rasgrf2,-2.084839253,5.19E-43,2.82E-42
Clasp2,-0.255789011,0.000285069,0.000470618
Lancl1,-0.356131505,1.41E-12,3.46E-12
Itga6,-0.768422798,3.82E-10,8.56E-10
Slc7a10,-3.813877094,7.78E-75,7.60E-74
Nfil3,0.967508348,1.79E-14,4.74E-14
Strn3,0.142676487,0.038701756,0.052848038
Tdg,1.547264515,6.62E-242,3.81E-240
Stag3,-3.117370237,7.90E-22,2.58E-21
Ntn1,-1.551168638,1.72E-07,3.43E-07
Ntn3,1.226638501,8.58E-08,1.74E-07
Bcl2l10,-3.757517279,6.36E-24,2.19E-23
Ncf1,4.232175733,8.18E-287,6.28E-285
Pi4k2a,-0.121929803,0.048672702,0.065657435
Casp4,-1.026779985,3.84E-30,1.55E-29
Wif1,0.314549339,0.01050757,0.015211937
Becn1,0.438405761,8.04E-54,5.40E-53
Arhgef7,-0.559244682,4.43E-17,1.27E-16
Rap2a,-0.755922812,4.43E-13,1.11E-12
Pitpnb,-0.890033221,2.21E-98,3.03E-97
Dlk1,3.829232588,8.35E-32,3.51E-31
Cdh4,0.474086808,0.010575289,0.01530623
Ubqln1,0.207308125,2.10E-10,4.76E-10
Dpp3,-0.617789303,8.71E-24,2.99E-23
Aurkb,5.342422949,3.07E-222,1.51E-220
Suclg1,-1.269001946,9.37E-48,5.63E-47
Clec4f,1.549130154,0.004597686,0.006899911
Ddx39b,0.671857229,6.44E-36,2.99E-35
Abcg5,-1.925082713,5.32E-06,9.84E-06
Slc26a3,-0.754307134,0.000323079,0.000531589
Atp5mc3,-0.525873698,1.20E-11,2.85E-11
Aimp1,0.586844025,2.69E-34,1.20E-33
Plce1,-4.040223006,4.23E-128,8.39E-127
Six1,0.6256501,0.03933784,0.05365471
Trafd1,-0.220723998,0.000936997,0.001490009
Zyx,0.818497219,1.32E-18,3.97E-18
Hmgn2,2.73559217,1.35E-254,8.51E-253
Hps1,-0.225176827,0.000242182,0.000402038
Rgs14,2.903310593,1.04E-125,2.01E-124
Ifitm2,-0.69739451,7.39E-19,2.23E-18
Gne,0.675178123,2.20E-46,1.29E-45
Mapre1,0.53606939,3.04E-35,1.39E-34
Wbp4,0.364783092,2.31E-16,6.48E-16
Ccnc,0.651156265,1.28E-33,5.65E-33
Klf3,0.698150087,2.00E-24,7.01E-24
Gsto1,-1.127566949,2.91E-69,2.59E-68
Cdkn1a,-2.038364121,1.47E-31,6.15E-31
Dusp1,-0.498509675,9.28E-06,1.69E-05
Shc3,-1.357071109,0.003819819,0.005777674
Eif2ak4,-0.554311374,2.15E-14,5.66E-14
Scpep1,-1.771257851,2.11E-130,4.30E-129
Cacna1h,-2.991034198,2.25E-12,5.50E-12
Sorbs2,-1.794630608,4.50E-23,1.52E-22
Pkia,0.91412831,0.002407569,0.003701951
Zfp37,-1.491972703,1.53E-39,7.68E-39
Tjp2,0.853664081,1.36E-35,6.24E-35
Usp2,1.247201209,7.99E-07,1.54E-06
Atp6v0a2,-1.266029273,8.37E-53,5.51E-52
Dnajc2,0.812150023,1.53E-81,1.65E-80
Mapk8ip1,-1.897121353,1.06E-29,4.24E-29
Ipo13,0.524200282,1.19E-05,2.15E-05
Serpini1,2.379357847,2.01E-46,1.18E-45
Ptcra,1.777851589,0.041513999,0.056432944
Ncoa6,-0.512683477,3.40E-30,1.38E-29
Ifngr1,-0.404222082,9.53E-09,2.02E-08
Wnt2b,-5.245286723,6.60E-68,5.72E-67
Tm4sf4,-1.071105383,0.006986197,0.0102964
Rfc2,2.501933057,1.61E-288,1.26E-286
Trpv5,7.999321831,1.07E-116,1.86E-115
Stx1a,-0.484180345,8.24E-06,1.51E-05
Igkv28,4.733830969,3.53E-22,1.16E-21
Il17b,-3.843620474,2.75E-17,7.96E-17
Ift172,-1.411514759,6.53E-104,9.67E-103
Wnk1,0.311114838,4.87E-08,9.98E-08
Kidins220,-1.411720729,3.31E-73,3.13E-72
F11r,-1.770435331,1.09E-94,1.41E-93
Crnkl1-ps1,0.389518653,2.82E-05,4.99E-05
Sacm1l,-0.537601863,1.45E-31,6.06E-31
Dars1,0.230973424,1.37E-08,2.89E-08
Txn1,0.962694325,1.73E-71,1.60E-70
Sec14l2,3.259349326,9.97E-176,3.19E-174
Tgfbi,-0.603239693,4.68E-09,1.00E-08
Kcnk4,-1.074866784,0.009475855,0.013785656
Snai1,-0.661322128,1.77E-07,3.53E-07
Gripap1,0.294412621,2.02E-09,4.39E-09
F2rl3,3.200774033,3.17E-45,1.81E-44
Snap29,0.136586822,0.016142377,0.022993696
Slc9a3r2,-1.699304256,9.78E-21,3.10E-20
Bak1,0.276598425,1.28E-05,2.32E-05
Mprip,-0.912247737,3.35E-67,2.87E-66
Calcr,-1.228583693,0.001672963,0.002608048
Nrxn3,-1.222990367,0.021335328,0.02999783
Slc6a9,4.46376553,0,0
Timp1,-1.098861334,5.83E-11,1.35E-10
Ebf1,-1.065937139,4.79E-29,1.88E-28
Pou2f3,-2.166071943,1.37E-07,2.74E-07
Pou6f1,-1.510483814,1.55E-33,6.80E-33
Ralb,0.165601166,0.007255007,0.010674498
S100a8,12.72443155,0,0
Pcsk5,-3.918466387,2.51E-180,8.45E-179
Csnk2a1,0.458620497,5.41E-65,4.49E-64
Atp5f1c,-0.323825485,0.000514855,0.000834326
Pdk1,-1.588357897,3.79E-73,3.58E-72
Plod1,-1.821980769,3.73E-83,4.11E-82
Mapk8,0.288127152,8.36E-15,2.23E-14
Nup107,1.414943091,5.00E-182,1.72E-180
Foxj1,1.64513602,0.02026382,0.028561858
Kcnj9,0.436114785,0.025640657,0.035750457
Cltb,-1.479183579,3.35E-23,1.14E-22
Ap2m1,0.893826424,3.55E-68,3.09E-67
Npr2,-1.716080582,3.27E-36,1.53E-35
Lrpap1,-1.337173528,1.21E-61,9.43E-61
Ggt1,2.445512598,1.03E-34,4.67E-34
Mapk1,0.388830827,1.59E-28,6.15E-28
Fcgr2a,0.759177993,1.62E-11,3.83E-11
Nrxn2,-0.899174971,5.76E-08,1.18E-07
Map3k8,-0.465453197,4.93E-05,8.59E-05
Pdia4,-0.668778196,9.76E-18,2.86E-17
Blvra,0.91167654,1.76E-38,8.66E-38
Cacnb2,-2.067905085,3.44E-25,1.23E-24
Atp2a1,3.443200754,2.26E-07,4.49E-07
Csf2,-1.798633218,0.00013634,0.000230248
Nat1,-1.36060121,5.47E-91,6.68E-90
Nat2,-0.99409143,1.04E-25,3.76E-25
Akap8,0.263623114,1.10E-06,2.11E-06
Scg3,-1.742826287,1.91E-05,3.41E-05
Eif4ebp1,-0.839929177,7.33E-49,4.50E-48
Ccl4,1.085689629,2.18E-08,4.53E-08
Slc17a7,3.581771694,2.95E-09,6.37E-09
Cux1,0.803689788,7.92E-50,4.95E-49
Tnc,0.834729545,2.13E-06,4.02E-06
Lgals8,-0.778192437,1.89E-40,9.68E-40
Slc28a1,-2.071388748,4.23E-24,1.47E-23
Vcp,-0.147013341,0.001257584,0.001979166
Rtn1,-2.870135666,4.21E-70,3.80E-69
Plaa,0.1788481,1.21E-05,2.19E-05
Tpt1,1.024990819,1.62E-50,1.02E-49
E2f5,-0.46175378,9.51E-05,0.000162538
Exoc4,-0.411717635,1.59E-09,3.47E-09
Hnrnpm,1.353516629,3.10E-214,1.40E-212
Cdc123,-0.558394987,1.61E-41,8.45E-41
Cplx2,-1.013259493,5.39E-07,1.05E-06
Dync1i2,-0.107867255,0.001281919,0.002016392
Ecm1,-2.380332557,1.17E-41,6.15E-41
Rere,-1.432940922,4.91E-133,1.03E-131
Lman1,-0.868871853,2.99E-62,2.36E-61
Map3k1,0.368767003,7.02E-12,1.69E-11
Myt1l,2.949001041,0.000877147,0.001398971
Vwf,-0.815852252,1.08E-10,2.48E-10
Ppp1r12a,0.403167257,9.05E-06,1.65E-05
Cdk5r1,2.173458296,5.50E-25,1.95E-24
Sdc3,1.099609511,8.81E-29,3.44E-28
Jdp2,0.250686965,0.002731131,0.004183595
Pgap2,-1.268715947,3.33E-119,5.96E-118
Aldh1a2,-4.882536532,6.80E-62,5.33E-61
F2rl1,0.751262167,2.44E-11,5.75E-11
Cgrrf1,0.488099007,4.95E-13,1.24E-12
Ptpru,-0.721625353,6.52E-11,1.51E-10
Dlgap2,1.926404244,0.000731329,0.001173044
Kynu,2.542255619,7.31E-14,1.89E-13
Efna5,-3.321198029,5.60E-131,1.15E-129
Lmnb1,3.643473109,6.90E-294,5.56E-292
Gsr,-0.277227494,0.000501753,0.000813675
Dnase1l3,2.392640967,3.86E-44,2.15E-43
Ptpn6,2.399833892,8.88E-91,1.08E-89
Nfasc,-1.30027955,0.000597422,0.000964482
Cyth1,-0.557849937,1.17E-22,3.92E-22
Cyth2,0.102817979,0.016678216,0.023721555
Capn9,1.785553789,0.000279997,0.000462685
Kcnd1,-1.219299742,1.33E-21,4.33E-21
St8sia4,1.538885176,8.25E-24,2.84E-23
Pabpn1,0.372340667,4.90E-06,9.08E-06
Trim28,0.698731096,3.21E-68,2.80E-67
Inpp4b,-0.918378634,1.69E-19,5.19E-19
Trip10,-1.496251752,9.18E-25,3.24E-24
Acacb,-1.362705617,1.50E-08,3.14E-08
Pik3c2g,-2.586453042,8.89E-24,3.05E-23
Abcc5,-0.288654733,9.08E-05,0.000155393
Psmd10,-0.113845958,0.008286545,0.012119896
Pip4k2a,2.123874915,8.54E-132,1.77E-130
Epb41l3,-0.75010838,1.14E-08,2.40E-08
Ube2n,0.264108846,6.53E-07,1.27E-06
Slc7a9,-1.267425037,8.90E-08,1.80E-07
Septin5,3.640769584,9.54E-130,1.94E-128
B3gnt5,3.68433747,5.74E-47,3.39E-46
Pcdha4,-3.08587038,3.06E-30,1.24E-29
Sh3gl2,-2.212458009,2.46E-16,6.90E-16
Cdh3,-6.048422034,4.22E-54,2.85E-53
Pcdhgc3,-3.309453555,7.68E-71,7.04E-70
Pcdh12,-2.054597581,3.24E-48,1.97E-47
Fxyd3,-4.475583506,5.93E-26,2.16E-25
Rims2,-0.634040173,7.16E-05,0.000123433
Magt1,-0.399865726,3.13E-15,8.48E-15
Il16,0.944899812,9.31E-13,2.31E-12
Polr2g,1.025360894,1.10E-75,1.08E-74
Kcnh2,-4.721415161,6.95E-60,5.24E-59
Eif2b4,0.474408108,1.79E-18,5.35E-18
Mcf2l,-1.980872776,6.75E-55,4.63E-54
Nup155,0.810215726,1.39E-36,6.52E-36
Il1r2,4.935855972,7.87E-113,1.30E-111
Kcns1,-3.598894609,3.00E-13,7.58E-13
Crym,3.176528909,7.12E-42,3.77E-41
Rhbdl1,-2.351657509,4.55E-66,3.83E-65
Apbb3,-0.409862677,3.62E-07,7.11E-07
Ccr3,5.100512512,1.50E-157,4.06E-156
Bin1,0.73030185,0.000877462,0.001399398
Ccr5,0.42246858,0.004539151,0.006816907
Erp29,-0.218347606,0.000333477,0.000548088
Mmp12,-2.444231294,1.77E-06,3.35E-06
Slc25a20,0.245114301,4.29E-07,8.40E-07
Lamc1,-3.56294243,1.13E-267,7.79E-266
Mt3,1.76684664,7.31E-07,1.41E-06
Gps1,-0.561180485,3.85E-31,1.59E-30
Nln,-0.302083634,4.51E-07,8.83E-07
Rpl6,0.795201832,1.63E-61,1.27E-60
Rraga,0.102874839,0.024142905,0.033751238
Eif4e,0.864023867,9.61E-149,2.38E-147
Cdh17,-0.926878886,0.014964672,0.021384092
Arl5a,-0.07334412,0.042476,0.057687645
Arfrp1,-0.673211563,3.09E-80,3.26E-79
Kcnj12,1.298270735,0.009229384,0.013438433
Rps15a,1.00875451,1.22E-59,9.16E-59
Cd52,7.527537045,0,0
Gjb4,-3.049105315,5.54E-11,1.28E-10
H3f3b,1.718993805,4.13E-298,3.42E-296
Myo1b,-2.351739631,9.71E-77,9.78E-76
Pou2f2,1.736858983,1.97E-52,1.29E-51
Ubr5,-0.717483069,5.62E-78,5.78E-77
Hmga1,2.246679939,7.11E-276,5.12E-274
Ptpn2,0.975866167,2.56E-115,4.36E-114
Vip,-1.552068688,2.31E-06,4.36E-06
Stim2,-0.650476805,9.61E-14,2.48E-13
Adarb2,3.046804211,1.12E-07,2.26E-07
Bex3,0.32735463,0.029916614,0.041367287
Bhlhe41,-0.549293471,0.035685605,0.048937234
Nlgn2,-1.442550936,2.28E-28,8.83E-28
Bdh1,1.389244822,7.72E-21,2.45E-20
Slc6a7,-1.309710893,0.011964981,0.017243375
Rab8a,0.82938271,1.18E-84,1.32E-83
Ppp2r2a,-0.35093197,4.64E-21,1.48E-20
Scarb2,-2.115244941,1.36E-134,2.91E-133
Zbtb7a,0.270751485,1.07E-08,2.25E-08
B3gat1,2.710748841,0.000340811,0.000559863
Grifin,-7.148030269,1.63E-180,5.49E-179
Hivep1,-0.824683372,7.13E-25,2.52E-24
Cand1,-0.150168141,0.001648709,0.002572542
Cuzd1,-0.631389424,0.000258245,0.000427816
Csde1,-0.227330002,0.003466724,0.005264053
Hsd17b3,-2.469337759,5.37E-24,1.86E-23
Rgcc,-0.753282742,1.38E-19,4.25E-19
Ctrl,-0.642048699,0.005307081,0.007911947
Sh3bp5,-0.644982889,1.10E-15,3.02E-15
Barhl1,-1.178708008,0.014085656,0.020171849
Heph,-0.910643653,6.42E-22,2.10E-21
Pop5,-0.161818091,0.004763728,0.007136426
Tenm2,-1.173384906,0.005687972,0.008456353
Acsl6,2.634157316,2.41E-06,4.53E-06
Dnah3,-6.384766693,4.80E-266,3.28E-264
Dnah6,-4.703326696,1.95E-77,1.98E-76
Dnah9,-2.345223257,1.04E-35,4.80E-35
Dnah10,0.999922271,0.000502011,0.000813959
Dnah11,-0.60348975,0.017714719,0.025126923
Prdx1,-0.373582259,1.63E-10,3.70E-10
Ptpn12,0.343643474,1.39E-10,3.18E-10
Ppp2r2c,-1.49221398,0.001969361,0.003050823
Gpr176,-1.712484108,1.23E-31,5.15E-31
Cntn1,-1.863927476,1.34E-13,3.43E-13
Tra2b,1.388805184,2.82E-199,1.13E-197
Nudt1,0.553658972,8.02E-11,1.85E-10
Slc15a1,-2.353610146,6.85E-06,1.26E-05
Psmc4,0.738996003,6.79E-72,6.31E-71
Psmc1,-0.168189133,0.000604839,0.00097619
P2ry6,-0.654598253,3.30E-05,5.82E-05
Pex6,0.456192358,9.42E-08,1.91E-07
Slc26a2,-2.398207676,1.87E-84,2.09E-83
Khdrbs1,0.480216383,1.05E-48,6.44E-48
Rps6ka2,0.481231082,0.001440092,0.002256431
Hrk,-3.611467738,4.00E-36,1.86E-35
Prpsap2,0.329103128,8.00E-09,1.70E-08
Rhoa,-0.123355873,0.00457718,0.006870531
Nr0b2,2.453752533,4.66E-08,9.55E-08
Chrd,-1.204796949,4.83E-14,1.26E-13
Pfkfb3,-3.319313314,6.99E-91,8.50E-90
Epn1,1.252813907,1.07E-78,1.10E-77
Ebp,-0.333778354,0.001073845,0.001699585
Cflar,-0.456471485,8.87E-18,2.60E-17
Hnrnpu,0.657204812,1.63E-63,1.32E-62
Ppp2r1a,-0.164764116,0.002887582,0.00441274
Hnrnpk,0.836284061,4.89E-128,9.70E-127
Lrrc7,1.851179988,0.020894286,0.029400075
Park7,-0.392789113,0.000117489,0.00019938
Csrp3,5.026661806,1.73E-06,3.28E-06
Sec22a,-0.541613604,8.33E-23,2.80E-22
Txnip,-2.042535375,3.27E-86,3.75E-85
Septin2,-0.750431974,2.90E-57,2.08E-56
Tnfsf11,1.426019422,0.000116402,0.000197559
C7,-3.106749581,4.19E-110,6.71E-109
Ccl17,0.86186081,0.000488316,0.00079297
Keap1,-0.132365362,0.001875897,0.002912134
Scaper,-0.872330662,1.84E-28,7.13E-28
Xpnpep2,-0.752598181,0.001147643,0.001811636
St8sia2,-2.160631978,4.09E-05,7.16E-05
Ccnf,6.003181572,0,0
Tbp,0.805835185,7.31E-55,5.01E-54
Gmpr,1.881967829,1.12E-35,5.14E-35
Chd4,-0.169970216,8.04E-08,1.63E-07
Nsmf,-1.203228731,2.01E-16,5.63E-16
Klhl41,4.339546622,2.04E-16,5.74E-16
Wipf1,0.455284851,3.85E-08,7.93E-08
Il10ra,1.980498064,3.68E-52,2.40E-51
Plscr1,3.003215291,1.43E-145,3.45E-144
Smu1,0.38379836,8.91E-24,3.06E-23
Baiap2,0.346510446,0.000695649,0.001117743
Decr1,-2.150500112,2.56E-187,9.32E-186
Ppat,1.749883446,4.55E-102,6.55E-101
Ncr1,0.762470086,0.000815225,0.001302951
Kif1b,-0.748209963,7.44E-07,1.44E-06
Gpr37,2.433942492,2.19E-17,6.36E-17
Kif5b,0.145291442,0.001323428,0.00207892
Ccl22,-2.591572503,5.44E-14,1.41E-13
Ptpn23,-0.928093542,2.42E-47,1.44E-46
Uba3,0.168076142,2.09E-06,3.95E-06
Sv2b,2.088084313,2.84E-18,8.44E-18
Tpm3,1.253511738,2.24E-119,4.01E-118
Mylk2,5.124557781,2.32E-33,1.02E-32
Sv2a,0.366082116,0.001571543,0.002455893
Klf9,-2.265078628,2.18E-32,9.30E-32
Tmem158,-2.119550988,1.23E-54,8.43E-54
Atp6v1b2,1.104467454,1.03E-116,1.80E-115
Sf1,0.388642212,3.22E-29,1.27E-28
Slc4a7,-0.880722687,4.35E-15,1.17E-14
Rps20,1.146054414,4.08E-87,4.73E-86
Rps25,0.737072649,4.03E-43,2.19E-42
Rps23,1.056611424,1.18E-86,1.36E-85
Rpl41,1.072583269,9.30E-67,7.90E-66
Pacsin2,0.281758696,1.14E-08,2.40E-08
Lama5,-3.325594889,3.51E-58,2.56E-57
Slc8a2,-1.938074422,2.39E-11,5.62E-11
Slc8a3,1.716955317,2.81E-05,4.98E-05
Ackr2,-3.85094165,1.42E-21,4.59E-21
Echs1,-1.96861609,1.50E-88,1.78E-87
Chst10,-1.122335208,3.93E-17,1.13E-16
Patj,-0.62117959,5.57E-07,1.09E-06
Chek1,1.966559181,1.77E-134,3.76E-133
Wnt11,-2.162876813,4.78E-46,2.77E-45
Ryk,-0.515268065,4.72E-10,1.05E-09
Sox9,-1.421353784,9.38E-05,0.00016041
Sox5,-1.025874473,6.04E-06,1.11E-05
Gli3,-1.752253588,5.13E-30,2.06E-29
Gli1,-1.151122242,1.31E-06,2.50E-06
Bmpr2,-2.502142522,3.82E-120,6.95E-119
Ppfia3,-0.858444259,0.002122625,0.003278466
Ppfia4,2.623832634,5.54E-60,4.19E-59
Sytl4,0.396835127,0.003115153,0.004745311
Atp5me,0.232452389,0.005792798,0.008605279
Brinp1,-2.209038373,3.77E-09,8.10E-09
Flt3,-0.572888707,0.004357182,0.006553939
Nploc4,0.639908005,8.80E-33,3.80E-32
Rps3,0.844458037,3.05E-55,2.11E-54
Rps16,0.867559461,3.00E-47,1.78E-46
Rplp1,0.836246213,6.02E-34,2.67E-33
Rplp2,1.134707094,6.04E-23,2.04E-22
Rab3d,0.741557608,1.38E-15,3.77E-15
Rcan2,-2.825561559,2.49E-49,1.54E-48
Ap3m2,-1.8218333,2.85E-84,3.18E-83
Abcc3,-1.033331503,4.35E-27,1.63E-26
Abcb6,1.435010876,9.87E-74,9.44E-73
Ap2b1,-0.200929134,3.15E-06,5.89E-06
Phkg2,1.143466026,1.23E-89,1.48E-88
Napa,1.361729223,3.72E-88,4.38E-87
Gabrg1,-3.195768043,4.12E-14,1.07E-13
Plcd4,1.090401562,0.002476467,0.003805319
Dnm1,-2.794339557,3.76E-40,1.92E-39
Baalc,2.168906412,5.23E-07,1.02E-06
Caskin1,-0.471682273,2.50E-06,4.71E-06
Cacng3,3.490691735,1.53E-15,4.18E-15
Cacng4,2.229725777,3.82E-18,1.13E-17
Cacng6,4.572438034,1.57E-21,5.08E-21
Dynll2,-0.372440705,7.88E-05,0.000135349
Manea,-0.22403061,0.000544588,0.000881254
Slco2b1,-2.295132666,7.93E-61,6.11E-60
Dgka,0.233337088,0.000668263,0.001075328
Fabp5,-1.350346969,6.17E-43,3.34E-42
Arhgef5,-1.122109814,5.07E-09,1.08E-08
Cdk5,-0.38574639,2.05E-06,3.88E-06
Msmo1,-0.538576977,7.63E-06,1.40E-05
Olr1,0.714237463,0.000243088,0.000403451
Slco3a1,-3.034016572,3.21E-53,2.13E-52
Bnip3l,2.336156336,2.37E-144,5.62E-143
As3mt,-0.283919226,0.000422479,0.000689275
Daxx,0.358007993,1.15E-12,2.85E-12
Pde11a,-1.260481693,0.037381794,0.051147118
Pde7b,0.766866954,4.50E-06,8.36E-06
Faim,-0.38454267,4.83E-07,9.43E-07
Hnrnph1,0.495505305,2.50E-18,7.44E-18
Bnip1,0.589552837,2.63E-10,5.94E-10
Trpc5,-2.311261396,2.21E-06,4.16E-06
Elp1,-0.756773651,6.15E-67,5.25E-66
Afap1,-3.6872822,7.33E-128,1.45E-126
Rcvrn,-1.670554128,0.006001221,0.008902824
Higd1a,0.217901818,0.018493376,0.026181176
Psmc3ip,1.516036375,2.01E-158,5.48E-157
Trim63,2.59031927,4.53E-06,8.42E-06
Siah1,0.341135436,1.32E-12,3.26E-12
Ddit4,-1.004397926,5.64E-11,1.31E-10
Slc28a3,-0.876480283,0.007214529,0.010619167
Rtn3,-0.44338187,8.08E-10,1.79E-09
Paics,0.618011398,4.02E-36,1.87E-35
Oga,0.390916295,1.78E-20,5.60E-20
Cyp26a1,-1.153699186,0.001618675,0.002528079
Cfh,-1.076940364,2.36E-12,5.76E-12
Il23a,0.772209367,0.00024682,0.000409485
Coro1a,3.451146667,2.77E-131,5.71E-130
Sdf4,-0.122614581,0.008763859,0.012788931
Skap2,0.873975899,2.54E-25,9.08E-25
Abcg8,-1.557722214,0.034884766,0.047903403
Slc36a1,0.299156066,0.010159519,0.014736906
Anxa7,-0.567156284,8.66E-24,2.98E-23
Hey2,-1.065454887,2.26E-08,4.71E-08
Hey1,-2.207901932,8.44E-37,3.99E-36
Dcbld2,-2.339569575,9.55E-32,4.01E-31
Trim9,-1.222858599,4.55E-08,9.33E-08
Lcp2,2.180885584,1.91E-95,2.50E-94
Casp12,-3.016950617,8.76E-88,1.02E-86
Tmprss2,-3.964102428,4.53E-44,2.52E-43
Runx3,2.700528259,4.42E-145,1.06E-143
Eya2,-1.956602738,5.74E-89,6.81E-88
Kcnk15,2.804166933,1.36E-09,2.97E-09
Sdha,-1.266138847,6.35E-65,5.25E-64
Lef1,2.0010361,7.45E-42,3.94E-41
Psmd9,0.982740915,7.13E-67,6.08E-66
Rps13,1.003717372,1.39E-77,1.42E-76
Acaa2,-1.366464399,1.25E-96,1.67E-95
Lcn2,5.124802573,6.58E-139,1.47E-137
Galnt10,3.403133337,7.79E-150,1.96E-148
Cyp3a62,-1.142504252,0.002358921,0.003629034
Ifi27,-1.030472464,1.66E-20,5.23E-20
Cygb,-2.387841653,5.29E-46,3.06E-45
Prkcd,1.251924897,5.37E-51,3.43E-50
Ryr3,-1.827294082,1.47E-05,2.65E-05
Slc5a6,-2.183399977,6.04E-174,1.90E-172
Slc16a10,2.95534444,1.85E-143,4.32E-142
Slc38a1,1.475075601,2.92E-14,7.65E-14
Dmbt1,-5.774033735,7.95E-11,1.83E-10
Slc38a4,1.173113365,0.041719622,0.056699434
Mark3,0.582524426,8.71E-62,6.81E-61
Asz1,-3.109770618,1.82E-08,3.80E-08
Fgf22,-0.674667812,6.24E-12,1.50E-11
Fgf21,-2.386085205,1.48E-20,4.68E-20
Fgf23,4.244261102,2.13E-10,4.83E-10
Cs,-0.851396144,2.82E-44,1.58E-43
Acot8,0.503714011,1.35E-17,3.93E-17
mt-Rnr1,4.007746176,4.08E-42,2.17E-41
mt-Rnr2,4.624810724,3.19E-55,2.21E-54
Trnl1,1.352901896,1.26E-05,2.28E-05
Trnm,-2.122644339,3.01E-10,6.78E-10
Trnw,1.299223703,0.004872794,0.007292429
Trnn,3.237517566,2.82E-30,1.14E-29
Trnc,2.872126999,4.84E-24,1.68E-23
Trny,1.990867035,8.37E-12,2.00E-11
Trns1,2.035905594,2.88E-10,6.50E-10
Trnd,1.569114505,4.37E-06,8.12E-06
Trnk,1.883964637,4.79E-11,1.11E-10
Trnr,2.450498558,1.91E-17,5.56E-17
Trnh,3.092353758,2.13E-27,8.06E-27
Trne,2.381696646,5.29E-13,1.32E-12
Trnt,2.124161436,4.25E-06,7.90E-06
Trnp,1.623220789,1.92E-08,4.00E-08
Fgf12,1.923148984,1.31E-25,4.71E-25
Fgf11,-0.572983911,0.000541825,0.000876879
Tas1r3,-1.432923422,3.38E-10,7.60E-10
Dhrs9,-1.627138952,1.01E-12,2.50E-12
Pnma1,0.407654706,0.0453831,0.061410311
Samsn1,1.436390568,6.48E-18,1.91E-17
Adgrl3,-0.277254978,0.013439216,0.019275792
Atp6v0c,0.467163811,5.80E-20,1.80E-19
Rasgrp4,1.863449496,2.34E-32,1.00E-31
Hadha,-1.423167787,3.70E-182,1.28E-180
Palm,-0.721735741,1.69E-18,5.06E-18
Atp2c1,-1.052060667,6.79E-29,2.66E-28
Hrh4,1.780184289,7.70E-07,1.49E-06
Anp32b,2.353752478,0,0
Kcnh7,1.742545032,1.65E-34,7.41E-34
Xpnpep1,0.136665683,0.000251817,0.00041747
Capn8,4.514672237,1.50E-54,1.02E-53
Olr59,-2.519938282,6.56E-10,1.45E-09
Icmt,-0.900645456,1.71E-36,8.02E-36
Atxn10,-0.251258403,4.81E-07,9.39E-07
Steap3,-0.471537329,3.07E-06,5.74E-06
Snrk,-1.269369382,3.10E-66,2.61E-65
Slc40a1,2.566261494,1.07E-144,2.54E-143
Mutyh,1.4365801,1.69E-58,1.24E-57
Tob1,-0.563315189,0.000648142,0.001043916
Taf2,0.391680495,2.49E-29,9.87E-29
Ndel1,0.963870763,2.94E-63,2.37E-62
Kcnj15,1.353267973,3.47E-25,1.24E-24
Kcnq2,1.692904487,0.000109736,0.000186619
Zfp111,-1.546259979,3.51E-39,1.75E-38
Cetn3,-0.15446542,0.00119078,0.001877326
Sphk1,3.488020869,1.02E-73,9.77E-73
Tmlhe,-0.968700728,3.76E-38,1.83E-37
Rbm14,0.851991825,3.15E-56,2.22E-55
Efna3,-1.967164506,1.37E-07,2.76E-07
Zfp347,-0.941405652,1.97E-23,6.72E-23
Stk17b,2.104491438,6.44E-165,1.87E-163
Lfng,-2.388262674,3.22E-144,7.62E-143
Serinc5,0.79258554,7.57E-18,2.22E-17
Tesk2,1.533713101,2.68E-46,1.57E-45
Pik3ca,0.299893334,1.24E-14,3.30E-14
Abcb1a,-1.672278528,1.02E-05,1.86E-05
Nap1l3,-3.164720246,9.61E-63,7.66E-62
Ep300,0.249429452,0.000103238,0.000175893
Lonp1,-0.385480238,7.08E-16,1.96E-15
Cry2,-1.227428121,4.14E-60,3.14E-59
Agpat4,-1.574039327,6.40E-55,4.40E-54
Map4k3,-1.469466094,2.61E-105,3.95E-104
Itga2,1.401904537,1.46E-16,4.11E-16
Rap2b,1.012002254,3.73E-24,1.29E-23
Abcc4,0.948164929,3.15E-13,7.95E-13
Cysltr2,0.814608093,0.001739771,0.002708629
Clcc1,-0.602799369,1.98E-33,8.69E-33
Bcl2a1,1.201789661,1.49E-21,4.83E-21
Syf2,0.533718026,2.28E-35,1.04E-34
Slc25a10,-2.72481443,4.67E-209,2.06E-207
Dkc1,1.816534804,2.37E-52,1.55E-51
Chrna2,-1.445082919,8.32E-11,1.91E-10
Marf1,-0.275453395,2.32E-09,5.03E-09
Zfp483,-0.572842886,0.01593494,0.022712434
Ythdc1,0.301096821,5.08E-20,1.58E-19
Actn3,3.901672528,5.70E-10,1.27E-09
Ppp1r14c,-0.805983622,0.006820364,0.010061014
Kcng3,-3.38148909,1.30E-12,3.21E-12
Cyb5r4,0.678144754,8.31E-49,5.09E-48
Zfp384,0.263054574,1.18E-09,2.60E-09
Akap5,0.511479075,0.019342444,0.02732828
Atp12a,-3.467370981,2.25E-10,5.10E-10
Rph3a,2.321820873,0.002783517,0.004260091
Il11,-2.04191325,3.22E-11,7.54E-11
Klc1,-0.20528343,0.00492522,0.007367533
Fbxo32,-1.3243172,2.62E-06,4.92E-06
Sstr3,2.540775337,1.18E-68,1.03E-67
Mmp3,3.212289831,1.69E-05,3.03E-05
Tcf3,1.740679565,1.23E-214,5.65E-213
Dnph1,3.403839122,2.27E-195,8.87E-194
Tspan8,2.148064654,7.54E-113,1.24E-111
Folr1,-0.770352606,0.004534242,0.006810572
Mob4,0.131876955,0.034251649,0.047082092
Cabp1,0.522810168,0.012854614,0.018470586
Mmp13,6.687686933,3.32E-58,2.43E-57
Pank4,0.728526676,9.74E-44,5.37E-43
Ccr4,-1.119611558,0.003586433,0.005439405
Cd79b,6.946031604,7.46E-291,5.92E-289
Cx3cr1,0.904587875,2.69E-05,4.77E-05
Rab3c,1.830313913,0.030723262,0.042441025
Wfdc18,-4.613177666,4.73E-23,1.60E-22
Il13ra2,2.636457226,6.18E-44,3.43E-43
Nkg7,4.655448594,1.14E-150,2.87E-149
Gtf3c1,-0.597001914,1.33E-22,4.43E-22
Igsf6,2.38194652,3.17E-85,3.58E-84
Pou2f1,0.700983801,1.43E-24,5.03E-24
Atp5mk,0.227797266,0.039912668,0.05437607
Ptpn21,-2.210269503,8.40E-63,6.71E-62
Ppp1r15a,2.567548007,2.93E-158,7.96E-157
Hdgfl2,0.430596984,5.95E-13,1.49E-12
Fcer2,3.536465948,1.43E-37,6.90E-37
Mlxipl,-3.983173942,4.89E-52,3.18E-51
B3galt4,0.460145937,3.88E-08,8.00E-08
Csf2rb,-0.498731743,0.0041051,0.006187979
Atp5mc2,0.429799616,6.02E-11,1.39E-10
Itfg1,-1.334224166,1.67E-83,1.84E-82
Nat8b,-1.281907082,1.50E-36,7.06E-36
Pcsk4,-3.288791246,2.01E-65,1.68E-64
Trak2,3.724621885,0,0
Mpc1,-0.591834386,1.50E-05,2.70E-05
Inpp5j,-1.681839655,0.000303839,0.000500712
Giot1,-0.787736276,8.34E-24,2.87E-23
Zbp1,3.874127001,5.89E-121,1.08E-119
G3bp1,0.401331743,1.86E-23,6.34E-23
Shank2,-1.856179788,0.001453996,0.002277854
Cst6,-2.288501196,2.95E-30,1.19E-29
Adap1,0.806509563,3.54E-13,8.91E-13
Angptl2,-4.473725682,1.28E-96,1.70E-95
Cdc25a,2.239363241,3.41E-175,1.08E-173
Cdc25b,6.308917918,0,0
Gper1,-2.412039828,1.82E-50,1.15E-49
Lnpep,-1.594740674,1.63E-84,1.82E-83
Il1rl2,-1.045414726,0.000313215,0.000515732
Arr3,-1.509637708,9.97E-25,3.51E-24
P2ry14,-2.000443669,2.03E-32,8.71E-32
Dusp5,0.372283845,0.004623648,0.006937114
Rab26,2.181999934,2.22E-36,1.04E-35
Wfdc1,-0.946439376,0.008700968,0.012700288
Blcap,-1.858397245,1.47E-75,1.45E-74
Ndrg2,-1.560938302,2.70E-08,5.60E-08
Pde5a,2.092303906,1.41E-55,9.81E-55
Opa1,-0.532751177,1.30E-39,6.53E-39
Ces2c,-3.809320338,2.88E-27,1.09E-26
Dscam,1.319766632,1.93E-05,3.45E-05
Jmjd1c,0.125177712,0.044762607,0.060606726
Ppp6c,0.77586406,1.82E-91,2.25E-90
Rab29,-0.247286433,4.93E-06,9.13E-06
Rph3al,-0.240849638,0.035539714,0.048748465
Mms19,-0.146631713,0.000124821,0.000211446
Ptprh,3.298041323,1.01E-28,3.93E-28
Ap3m1,-0.313464919,2.76E-11,6.48E-11
Uggt1,-0.215346547,0.005526249,0.008225011
Chrnb3,-1.828195876,0.007022932,0.010348995
Gcsh,-1.929080968,1.45E-57,1.05E-56
Lgals2,3.052871163,3.18E-38,1.55E-37
Slc31a1,-0.215154745,0.001508673,0.002360762
Cblb,-0.96776421,1.76E-54,1.20E-53
Khsrp,0.130980413,0.040634346,0.055300695
Kcne2,-4.255464652,1.00E-100,1.42E-99
Timm9,-0.470977395,4.76E-10,1.06E-09
Camk2g,-0.408855458,0.000215029,0.000358288
Ehhadh,-3.022610958,1.15E-25,4.17E-25
Trpm4,-2.823457199,1.34E-72,1.26E-71
Slco4a1,3.967317375,1.21E-53,8.06E-53
Eif2b3,-0.117301349,0.039392641,0.053724501
Slc2a13,-2.890052018,4.94E-53,3.26E-52
Slc6a5,-3.399420651,2.75E-07,5.44E-07
Serpini2,2.406268905,0.001017545,0.001613931
Slc25a21,1.723977886,1.48E-71,1.36E-70
Taf9b,0.372927583,2.47E-13,6.26E-13
Hadhb,-0.926432979,3.64E-40,1.86E-39
Zhx1,-0.41225429,1.53E-24,5.37E-24
Hopx,2.76584628,2.86E-88,3.37E-87
Csap1,-2.720989893,9.75E-15,2.60E-14
Slc6a13,-1.022667361,0.013338957,0.019138645
Gbp2,-1.002135949,3.89E-29,1.53E-28
Gzmc,-1.713744091,0.00025547,0.00042336
Kif6,-0.622837587,0.028942139,0.04009479
Ctsd,-0.445125563,2.47E-12,6.02E-12
Myo9a,-0.309281224,0.000159442,0.000268038
Nlgn3,-1.48102469,4.30E-25,1.53E-24
Foxd1,2.26959438,0.002988626,0.004561027
Foxe3,-1.978897887,0.02093861,0.02945678
Kif11,5.752467078,0,0
Clk3,1.260242112,4.55E-55,3.13E-54
Usp15,3.010441096,1.95E-290,1.54E-288
Il12rb1,-0.380009306,0.044671963,0.060492304
Il12rb2,0.862098838,5.97E-13,1.49E-12
Cox8a,-1.015171523,2.05E-46,1.20E-45
Rap1b,1.529497611,1.00E-95,1.32E-94
Dnah1,2.25047777,2.56E-57,1.84E-56
Mgst1,-2.566614908,1.27E-98,1.75E-97
Pabpc1,1.858007949,1.40E-110,2.25E-109
Cyp3a9,1.530635368,0.009153225,0.013332792
Ptprg,-2.994350295,4.19E-212,1.86E-210
Camk1g,-1.399002055,0.002819391,0.004312987
Vsx2,-0.928173244,0.000282211,0.000466134
Eif4g2-ps1,-0.475684525,8.09E-18,2.38E-17
Snrpb,0.913030298,2.91E-111,4.73E-110
Ppp4c,1.039416084,1.30E-139,2.93E-138
Atp5f1b,-0.429917417,3.38E-08,6.97E-08
Ppp3cc,0.207765159,0.000124002,0.000210084
Smarca4,0.267886292,8.28E-07,1.60E-06
Cyp2t1,-2.840546648,1.19E-73,1.14E-72
Avpi1,-1.29791943,9.03E-28,3.45E-27
Rnf39,-1.363548544,2.73E-07,5.40E-07
Clstn2,-1.576632497,2.24E-09,4.86E-09
Sulf1,-2.485964464,5.02E-89,5.96E-88
Elovl5,-1.247500132,8.10E-46,4.68E-45
Elovl6,-0.99851048,2.67E-12,6.50E-12
Gprasp1,-1.599821644,2.54E-93,3.24E-92
Dcxr,0.804093565,4.28E-08,8.80E-08
Tnnt1,2.922106372,2.76E-25,9.87E-25
Spata6,-1.836560802,3.43E-38,1.67E-37
Pmfbp1,-5.107758617,6.06E-61,4.67E-60
Atg3,0.345803299,6.03E-18,1.78E-17
Tmem14c,2.532274922,0,0
Micu2,-0.340802615,9.68E-17,2.75E-16
Phldb1,-3.417983692,1.12E-92,1.41E-91
Aagab,0.846384009,8.79E-62,6.87E-61
Mk1,-0.720590539,5.28E-11,1.22E-10
Dnttip1,0.745517152,1.89E-66,1.60E-65
Crtac1,-3.503679334,6.66E-22,2.18E-21
Bzw2,0.92028925,3.01E-23,1.02E-22
Yif1a,-1.25844129,4.51E-103,6.60E-102
Slc12a9,-0.20032473,0.013121031,0.018838849
Pacs1,0.234437299,0.00197129,0.003053491
Adgrl2,-2.108278796,2.01E-120,3.67E-119
Mtarc2,-1.956380121,1.68E-100,2.38E-99
Rab3il1,2.379668974,2.45E-106,3.74E-105
Exoc2,-0.478251164,7.70E-34,3.41E-33
Nsa2,0.108722252,0.040882288,0.055620216
Cep170,-0.580353756,1.83E-33,8.01E-33
Ipmk,0.433698451,5.26E-19,1.59E-18
Hspbap1,0.795275453,6.59E-33,2.85E-32
Osgin1,0.571524812,0.004654355,0.006981769
Ap1g1,-0.107377125,0.003394528,0.005158665
Capn5,0.902056485,3.33E-22,1.10E-21
Atp2c2,-1.28229328,0.001138217,0.00179762
Sgk2,-0.845398293,0.049978681,0.067323983
Sgk3,0.744727806,3.47E-16,9.67E-16
Crlf2,0.738100893,1.94E-27,7.34E-27
Stau2,-0.438363461,0.000280193,0.000462956
Rnf38,0.908206394,3.76E-70,3.40E-69
Camk1,-2.16168303,4.17E-115,7.07E-114
Akr1c3,-6.282841798,6.36E-52,4.12E-51
Gpc2,-2.522740757,2.12E-37,1.02E-36
Calcb,-1.98482606,0.00047715,0.000775391
Cyp2d4,-2.880669579,3.32E-63,2.67E-62
Polk,1.137547456,1.28E-57,9.24E-57
Gzmb,-1.779780646,2.21E-14,5.82E-14
Kif2c,5.80499721,2.58E-232,1.38E-230
Crispld2,-2.998437916,3.63E-98,4.95E-97
Dkk3,-1.399743548,1.41E-10,3.21E-10
Prpf18,0.521138738,1.34E-24,4.72E-24
A3galt2,-2.686579937,1.14E-71,1.05E-70
Ero1a,-0.205608085,0.043930133,0.059550452
Nav2,-0.661111528,1.67E-05,3.00E-05
Stambp,-0.957311131,1.49E-51,9.61E-51
Nme7,-0.563171104,2.68E-19,8.19E-19
Spon2,-4.161981447,1.53E-91,1.89E-90
Grip2,-1.743192526,1.06E-06,2.04E-06
Ttl,-1.07137912,1.63E-14,4.31E-14
Dnm3,-2.945011266,2.76E-42,1.47E-41
Dnase2,0.131243055,0.020581639,0.028989107
Bub1b,5.981268337,2.89E-224,1.45E-222
Epcam,-1.844035481,4.25E-06,7.91E-06
Rhov,3.953585668,3.74E-113,6.19E-112
Naip6,2.054393713,3.31E-62,2.61E-61
Pde9a,-2.813865182,4.38E-37,2.09E-36
Serpina12,-6.886416561,2.87E-42,1.53E-41
Ahnak,-3.559114864,4.83E-180,1.62E-178
Akr1c14,-0.818435724,4.01E-05,7.02E-05
Nme1,0.734794285,5.97E-26,2.18E-25
Syt12,-0.711564208,4.09E-06,7.61E-06
Pou3f1,-2.133686105,3.93E-08,8.11E-08
Syngap1,-1.383684731,3.53E-41,1.84E-40
Dab2ip,-2.049654923,1.39E-42,7.48E-42
Vmp1,-0.73898925,4.84E-37,2.30E-36
Polr2m,0.40645086,5.42E-17,1.55E-16
Tgoln2,-2.166334978,1.37E-191,5.19E-190
Gpr26,-4.758642833,1.05E-35,4.86E-35
Hip1,-0.611769605,1.08E-15,2.97E-15
Sftpb,6.824581242,1.52E-65,1.27E-64
Mpst,1.730316999,8.91E-97,1.19E-95
Unc13d,3.002086445,2.08E-145,4.98E-144
Tnrc6b,0.826797133,2.83E-32,1.20E-31
Gpm6b,-1.076084615,0.000332631,0.000546788
Nip7,1.207181466,5.83E-124,1.10E-122
Podxl,-2.572245248,1.47E-118,2.61E-117
Nectin1,-3.164025525,9.70E-51,6.15E-50
Syt17,-1.636122622,8.03E-14,2.07E-13
Ehd4,-0.720164694,3.95E-30,1.59E-29
Prok1,-2.133060935,5.33E-10,1.19E-09
Prok2,8.650630748,3.96E-156,1.05E-154
Ubxn11,3.072231644,2.11E-213,9.45E-212
Slc38a5,9.030474049,0,0
Spdya,-1.104617352,4.97E-06,9.21E-06
Prom2,1.705967848,3.22E-07,6.35E-07
Rasgrf1,1.363652814,0.000605777,0.000977597
Slc9a5,1.920084716,5.17E-28,1.98E-27
Kat5,0.250201794,2.42E-12,5.92E-12
Spata7,-0.765042504,1.53E-15,4.19E-15
Ptgr1,-1.22276822,1.13E-28,4.38E-28
Haus1,0.448204489,9.20E-22,3.00E-21
Eif2b5,-0.252631843,3.07E-16,8.58E-16
Hyou1,-0.623373428,1.90E-16,5.34E-16
Atp5po,-0.322598052,1.88E-05,3.37E-05
Golgb1,-1.15842997,8.13E-98,1.10E-96
Hspb6,1.529541024,1.46E-06,2.77E-06
Phf5a,0.623551899,2.71E-44,1.52E-43
Sez6,0.885822588,7.29E-05,0.000125497
Cdh13,-2.268586742,3.79E-17,1.09E-16
Ehd3,2.531747229,1.10E-205,4.71E-204
Gpr149,-1.786957867,5.76E-08,1.18E-07
Dctpp1,3.205985221,0,0
Myo16,2.513570774,1.27E-10,2.92E-10
Tamalin,2.283241109,3.51E-102,5.07E-101
Ubb,1.228559192,2.47E-46,1.44E-45
Pja2,-0.506065599,5.78E-21,1.84E-20
Ces2e,2.321274055,0.038320695,0.052371288
Gabrr3,-1.477628813,1.38E-06,2.64E-06
Plb1,2.136002186,8.18E-32,3.44E-31
Cdipt,-0.297261403,3.25E-10,7.31E-10
C1s,-2.825324249,5.57E-81,5.94E-80
Pigl,-0.772124632,4.19E-17,1.21E-16
Rnase3,6.715685851,7.05E-39,3.49E-38
Gls2,-0.596229606,0.006039437,0.008956823
Sub1,0.656556565,1.24E-51,7.99E-51
Plpp3,-2.885980178,6.55E-182,2.26E-180
Adam6a,5.311612906,6.90E-30,2.77E-29
Acot2,-1.385939924,1.18E-82,1.30E-81
Dad1,0.229413268,5.23E-06,9.68E-06
Coro7,0.380082654,5.81E-08,1.18E-07
Stip1,0.159379703,7.22E-05,0.000124441
Ppp1r3b,-0.575829209,1.61E-06,3.05E-06
Fnbp1,-0.829995247,4.79E-12,1.16E-11
Caly,2.365289039,0.015167351,0.02166116
Cdk12,0.42011501,1.45E-08,3.03E-08
Fbxo6,-0.66622436,1.28E-10,2.92E-10
Ss18l1,-0.149726779,0.023861793,0.033381911
Unc50,-0.373640185,2.63E-15,7.15E-15
Gmpr2,-0.595880587,5.13E-13,1.28E-12
Zc3h14,-0.236720411,4.89E-12,1.18E-11
Lamc2,-3.512004752,3.06E-37,1.46E-36
Nos1ap,1.854939529,3.29E-33,1.43E-32
Wbp2,1.000085723,7.33E-47,4.33E-46
Mfn1,0.127274962,0.013793494,0.019760144
Prokr2,-1.448744745,1.17E-07,2.36E-07
H1f4,4.7274606,1.41E-125,2.73E-124
Tex101,4.686397341,7.63E-13,1.90E-12
Dnah8,-0.504061258,0.010357917,0.015005564
Bod1l1,0.318870361,8.10E-08,1.64E-07
Rin1,-2.335568649,7.59E-31,3.12E-30
Nudt6,-2.135816076,2.05E-56,1.45E-55
Pkn2,0.274411409,1.46E-07,2.93E-07
RGD621098,-0.41937598,3.78E-10,8.49E-10
Muc13,1.301584486,1.77E-06,3.35E-06
Exoc8,-0.37667497,4.74E-07,9.28E-07
Cgref1,-2.88681014,1.44E-33,6.36E-33
Cxcl10,-0.808432039,0.000149889,0.000252494
Acvr1c,-5.153133718,1.14E-131,2.35E-130
Nup58,1.134072191,6.59E-110,1.05E-108
Phrf1,0.38596635,1.71E-13,4.36E-13
Scaf8,-0.077060071,0.033062212,0.045525366
Lgals3bp,1.469285444,1.43E-57,1.03E-56
Scn3b,-0.942145451,0.001066707,0.001688738
Ddx46,0.783010156,1.42E-76,1.43E-75
Slc25a3,-0.468016772,5.01E-12,1.21E-11
Alg10,-0.328487615,0.007790404,0.011426441
Egfl7,-1.38332183,1.82E-23,6.20E-23
Atp5f1d,-0.324455116,0.000101675,0.00017339
Tmem150a,-1.446247986,6.01E-19,1.82E-18
Setd4,-0.65107224,1.04E-16,2.95E-16
Xab2,0.481100559,1.11E-29,4.42E-29
Adgrf5,-3.232409469,6.73E-169,2.02E-167
Cklf,3.374384313,3.83E-93,4.86E-92
Lmo1,-3.508828375,5.54E-34,2.46E-33
Nr2f6,-0.930778275,3.86E-34,1.72E-33
Rpl15,0.997415163,7.13E-92,8.86E-91
Il11ra1,-2.37761189,9.07E-33,3.91E-32
Gng8,-2.809060594,1.47E-138,3.27E-137
Nifk,0.764555874,5.01E-54,3.38E-53
Klrh1,1.94691464,0.001982353,0.003069503
Lmbrd1,-0.599775924,2.14E-26,7.90E-26
Calcoco1,-0.371150269,3.39E-09,7.30E-09
Cdkn1c,0.599334528,0.000331059,0.000544325
Foxi2,11.16273671,1.20E-269,8.33E-268
Scd,-2.465953391,8.22E-14,2.12E-13
Prlhr,6.330703789,1.11E-33,4.88E-33
Fas,0.632195699,3.85E-10,8.62E-10
Plpp2,-0.494771894,1.48E-07,2.97E-07
Ptpn4,-2.170410558,2.16E-118,3.83E-117
Mcfd2,-0.70070109,8.54E-24,2.94E-23
Tubb3,-1.103072016,1.36E-05,2.46E-05
Plbd2,-1.421031256,6.70E-107,1.03E-105
Man2c1,-0.782726769,4.19E-52,2.73E-51
Ly6i,-2.655306966,0.004325015,0.006506547
Bmf,-0.515451755,4.79E-07,9.36E-07
Il3ra,-0.310554292,0.004226015,0.006364083
Hspbp1,0.186606276,0.003743985,0.005666737
Akap9,-0.623660207,2.26E-10,5.12E-10
Sert1,1.595273824,7.42E-45,4.20E-44
Wdr44,0.490412005,1.58E-11,3.74E-11
Kcnc2,0.927543783,5.63E-05,9.77E-05
Fgd4,1.685424174,1.16E-41,6.13E-41
Dus1l,0.280970199,8.46E-13,2.10E-12
Slc7a6os,-0.154213255,0.001291738,0.002031297
Ifi47,0.587806447,3.10E-11,7.25E-11
Kif27,-0.619274971,0.007936013,0.011633666
Hsd3b7,-1.244079893,3.56E-60,2.70E-59
Sipa1l1,-0.387367669,1.40E-05,2.53E-05
Tpcn1,-0.390947499,8.06E-11,1.86E-10
Prpf19,0.351956689,5.84E-05,0.000101204
Ngef,-1.867084148,5.89E-08,1.20E-07
Uxs1,-0.150193553,0.040784663,0.055490838
Slc36a2,-3.559285352,6.90E-60,5.20E-59
Plekha5,-1.169932359,1.08E-20,3.42E-20
Slc15a3,1.186583383,1.26E-45,7.22E-45
Ripk3,0.471333917,2.05E-06,3.88E-06
Tax1bp1,1.058272844,1.77E-61,1.38E-60
Fmo2,-2.064134029,1.49E-31,6.21E-31
Pnpla7,-0.248769883,0.003439834,0.0052251
Fmo4,-1.817165994,3.90E-52,2.54E-51
Fmo5,-1.925604438,1.49E-50,9.41E-50
Arhgap4,1.744031465,4.47E-63,3.59E-62
Retn,-2.186563043,1.78E-43,9.78E-43
Adipoq,-4.805618459,6.98E-180,2.33E-178
Gpsm1,0.174951822,0.048071504,0.064867149
Slc45a1,1.072719208,0.006023777,0.008934045
Sema3d,-1.732114247,1.27E-08,2.66E-08
Zfp382,-1.242015154,3.60E-23,1.22E-22
Aspg,0.824004994,0.04983608,0.06714412
Oas1b,1.432944029,9.57E-25,3.37E-24
Fev,3.703327885,0.001872307,0.002907171
Cant1,-0.420957414,1.13E-23,3.87E-23
Trib3,-2.212871648,8.32E-40,4.20E-39
Faim2,1.554354368,0.040696333,0.055379959
Zfp180,1.037178571,6.00E-58,4.36E-57
Slc15a4,0.272727153,0.001560771,0.002439576
Asmt,-0.674615656,0.00354884,0.005384321
Zfp91,-0.231267091,1.78E-05,3.20E-05
Atrx,0.176395414,0.002063004,0.003188877
Optn,0.338853134,1.12E-07,2.26E-07
Cep104,-0.370906531,1.98E-09,4.31E-09
Myocd,-3.418210104,1.30E-22,4.35E-22
Retsat,-5.200766609,0,0
Gtf3a,-0.180277329,0.026867197,0.037360242
Pcyox1,-0.894684634,2.73E-11,6.40E-11
Serbp1,1.169179182,7.80E-187,2.83E-185
Cep350,0.281635411,9.68E-05,0.000165393
Asrgl1,-1.597890588,8.97E-59,6.62E-58
Aard,2.006274178,0.00083072,0.001326928
Rab31,0.454858434,1.77E-07,3.53E-07
Zdhhc2,0.239275491,0.025297396,0.03529514
Prim1,2.965095966,0,0
Nrp1,-1.421478921,2.53E-71,2.33E-70
Uhmk1,0.243979443,5.66E-08,1.15E-07
Tp63,2.502293445,3.55E-06,6.62E-06
Ppbp,10.93269048,4.49E-229,2.33E-227
Klhl17,-1.56202268,1.67E-54,1.13E-53
Cxcl9,-3.289968118,4.72E-68,4.09E-67
Mafk,1.004631209,2.37E-45,1.35E-44
Ggta1,0.691503983,2.30E-16,6.44E-16
Cby1,-0.920600875,8.87E-17,2.52E-16
Hint3,-0.744119072,3.95E-30,1.60E-29
Gtf2ird1,-1.326036101,8.08E-57,5.75E-56
Slc25a25,0.710369779,1.53E-09,3.34E-09
Vps4a,0.190865816,9.24E-06,1.68E-05
Lrrc3,-2.221377569,9.66E-55,6.60E-54
Gimap5,-0.684702002,2.24E-15,6.11E-15
Tnfsf10,-3.256393056,4.97E-162,1.40E-160
Filip1,-0.948829576,0.000358261,0.000587744
Ptpn7,3.294878463,8.71E-288,6.74E-286
Cdk5rap1,-0.848632524,1.64E-27,6.22E-27
Zc3hav1,0.791257717,9.11E-26,3.30E-25
Gdf7,-2.877876866,0.000150072,0.000252775
Gdf6,-2.639834818,1.99E-08,4.15E-08
Gdf5,-3.711929624,1.09E-48,6.66E-48
Stx17,-0.83297709,5.04E-129,1.01E-127
Sfpq,0.790969957,2.36E-48,1.44E-47
Tcf21,-7.091785174,4.16E-46,2.42E-45
Frmd4b,-0.456953167,1.94E-12,4.75E-12
Zfp394,0.897536472,3.43E-33,1.49E-32
Tnfsf15,-3.257814679,7.11E-29,2.78E-28
Cdk11b,0.16930255,0.012920004,0.018560937
Exoc3,0.185081915,2.16E-06,4.07E-06
Mamdc4,-0.471090407,1.56E-05,2.81E-05
Hoxc6,-3.075637197,5.27E-200,2.13E-198
Tmed7,-0.359778709,1.27E-08,2.66E-08
LOC252890,1.023067035,3.76E-08,7.75E-08
Sra1,-0.206002476,1.84E-07,3.66E-07
Lgi1,-1.653313777,5.47E-09,1.17E-08
Dnah7,-1.571126002,0.000154066,0.000259294
Pcdhga4,-3.176627504,3.30E-42,1.76E-41
Pcdhga9,-2.982616373,3.07E-36,1.44E-35
Pcdhga11,-3.784583023,2.85E-78,2.93E-77
Acox2,-1.724994146,3.20E-07,6.31E-07
Dgat2,-3.358748082,1.03E-110,1.67E-109
Dync1li1,-0.154388169,0.003896796,0.005889889
Mxd3,5.646738773,0,0
Rab38,-1.653930853,1.54E-83,1.70E-82
Nr1d1,-2.105027986,8.99E-26,3.26E-25
Spag5,5.722344401,0,0
Olfm3,3.482829593,0.001790674,0.00278451
Tubg1,0.796097577,7.01E-60,5.29E-59
Tsga10,-0.342771408,2.25E-05,4.01E-05
Nr2c1,-0.265431183,1.38E-13,3.52E-13
Timm13,1.042766497,8.93E-67,7.59E-66
Ctsz,1.027285195,4.34E-47,2.57E-46
Cox5a,0.331488336,2.16E-05,3.85E-05
Gpr37l1,-0.882287895,0.022546162,0.031616138
Hdgfl3,-0.666096809,2.06E-28,7.97E-28
Ppp1r32,-1.584896566,1.81E-12,4.44E-12
Mrgprx3,4.512096526,7.66E-51,4.86E-50
Il13ra1,-0.771184597,3.45E-07,6.78E-07
Lipogenin,1.498001608,0.048069393,0.064867149
Zwint,-0.633127538,3.16E-22,1.04E-21
Itgb5,-0.822469461,1.72E-16,4.86E-16
Frmd6,-1.502058385,3.48E-55,2.40E-54
Slc35a4,0.157718823,0.002199362,0.003392207
Cacna1b,1.30725915,4.04E-07,7.93E-07
Cenpf,6.52625269,8.03E-271,5.61E-269
LOC257650,-0.306350811,0.000580048,0.000937149
Art5,4.158299168,0.000383125,0.000627317
Casc3,-0.215866199,0.000841154,0.001343086
Dclre1c,0.609860967,1.64E-18,4.92E-18
Rwdd1,-0.660686699,1.94E-27,7.36E-27
Osbpl1a,-0.120871273,0.012382377,0.017821467
Npw,1.475811153,1.62E-07,3.25E-07
Ppp1r14b,0.640765296,6.55E-19,1.98E-18
Ppp1r14d,-0.567466871,0.007240356,0.010655591
Ppm1g,1.563101583,1.67E-227,8.56E-226
Dock9,-3.169452995,4.80E-77,4.85E-76
Nr1d2,-1.227578741,7.74E-25,2.73E-24
Wipf3,-1.717741842,9.89E-12,2.36E-11
Kcnip4,-5.134583077,3.83E-48,2.32E-47
Slc16a2,-3.388638782,9.85E-31,4.04E-30
Erc2,1.160747999,6.17E-08,1.26E-07
Aptx,-0.869102735,2.75E-42,1.47E-41
Ostf1,0.981549159,2.41E-41,1.26E-40
Brs3,9.769592218,1.89E-130,3.86E-129
F7,1.922424469,2.81E-17,8.12E-17
Fkbp4,0.630761596,1.01E-24,3.55E-24
Snx27,0.367743573,3.61E-12,8.77E-12
Ly49i2,2.784503701,8.36E-07,1.61E-06
Homez,-1.007108339,2.44E-17,7.05E-17
Adgrg1,-1.70420006,4.92E-64,4.01E-63
Fndc5,2.839716424,1.77E-19,5.44E-19
Carhsp1,0.858736106,5.24E-32,2.21E-31
Gpr156,-2.743357975,3.80E-31,1.57E-30
Aurka,4.785487828,0,0
Cops2,-0.312629577,3.58E-11,8.36E-11
Sfxn5,-1.48408982,1.47E-23,5.02E-23
Tomm20,-0.167559361,0.003590883,0.005445875
Aldh1a3,-2.999924723,3.61E-36,1.68E-35
Dcps,0.362748103,8.65E-16,2.39E-15
Tor1a,0.332648562,3.73E-08,7.69E-08
Fzd9,1.103479711,0.020842861,0.029336087
Fadd,-0.203635308,0.04378321,0.059362167
Ptpn9,-0.890939886,3.22E-55,2.23E-54
Slc4a9,0.911174128,0.011681075,0.016847354
Grina,0.21758357,0.004009559,0.006050216
Riox2,0.279832358,6.43E-05,0.000111128
St18,-1.039364642,4.73E-06,8.78E-06
Tmprss5,-1.081930112,3.99E-06,7.43E-06
Dhrs4,-1.740310079,3.18E-156,8.48E-155
Slc35e4,-1.215814995,4.43E-18,1.31E-17
Rab8b,1.381200349,6.96E-82,7.51E-81
Cyp4f6,-2.123337926,5.70E-44,3.17E-43
Gjc1,-3.201071689,1.18E-47,7.09E-47
Gzma,-1.837192763,2.57E-13,6.53E-13
Pkig,-1.44425552,2.22E-29,8.80E-29
Lzts1,-4.352977232,4.83E-77,4.88E-76
Myo7a,1.103291727,9.86E-17,2.80E-16
Fzd3,-1.353094018,1.77E-09,3.85E-09
Zscan12,0.180348363,0.003107758,0.004734777
Dab1,-1.367356321,0.021146985,0.029737257
Npc1,-0.718677699,2.66E-16,7.45E-16
Slc12a8,-2.861564321,1.63E-41,8.56E-41
Npas4,2.317940822,1.63E-08,3.41E-08
Adgrg2,-3.933959298,6.54E-73,6.17E-72
Sec11c,0.838543913,1.12E-31,4.68E-31
Hspa4,-0.10742678,0.020584931,0.028990983
Nalcn,-1.899373065,3.33E-05,5.86E-05
Cyp4v3,-0.88986555,1.08E-17,3.15E-17
Mrgprf,-3.390935414,3.54E-27,1.33E-26
Rcan1,-0.612708944,3.31E-09,7.15E-09
Soat2,-3.32814172,9.42E-29,3.67E-28
Klhl12,1.416983682,7.25E-82,7.82E-81
Zfp709,-0.15397412,0.009893949,0.014370708
Zfp597,-0.673062766,2.30E-06,4.33E-06
Serpinb10,7.471605585,2.72E-206,1.18E-204
Nptx1,-1.569458726,0.000142066,0.000239658
Vom2r44,-1.430401564,1.05E-19,3.24E-19
Rimbp2,-4.245928508,4.02E-43,2.18E-42
Eaf2,4.518317591,5.07E-60,3.84E-59
Zscan26,-1.266278168,9.73E-83,1.07E-81
Alk,1.303578337,1.07E-10,2.46E-10
Has3,-2.413441724,1.90E-62,1.50E-61
Erc1,-2.155273046,2.36E-184,8.36E-183
Duox1,-2.944661196,3.78E-70,3.42E-69
Lrrcc1,1.314931146,8.00E-78,8.20E-77
Sclt1,1.411352449,2.32E-101,3.31E-100
Prrx1,-1.317282395,1.87E-14,4.92E-14
Sars1,0.221177041,4.54E-08,9.32E-08
Rims4,-2.805983678,3.75E-18,1.11E-17
Slc13a5,3.055521576,1.73E-09,3.76E-09
Kcnj14,0.404185844,0.000274009,0.000453168
Lzts3,-1.831265634,1.04E-31,4.35E-31
Txndc9,0.128438536,0.000175621,0.000294467
Arid1b,-0.265046317,1.86E-08,3.88E-08
Stab2,5.224706026,2.36E-135,5.08E-134
Fzd6,-2.289095382,4.42E-55,3.05E-54
Wnt5b,-1.286198525,3.99E-10,8.94E-10
Fbln2,-5.457529116,5.17E-113,8.53E-112
Mtmr9,-1.048610944,6.53E-23,2.20E-22
Mrfap1,0.275795903,2.91E-08,6.04E-08
Muc6,-0.769826333,0.001413776,0.002216725
Cttnbp2,-2.365455235,3.68E-38,1.80E-37
Pxmp4,-0.527982674,2.01E-16,5.64E-16
Mbnl1,0.455950346,5.79E-17,1.66E-16
Impa2,0.245544151,0.005022488,0.007505065
Slc6a15,1.240005852,0.002851872,0.004360421
Pycard,1.578241345,4.40E-47,2.61E-46
Ppif,1.554295824,2.43E-47,1.45E-46
Trpc7,-1.619611987,4.21E-06,7.83E-06
Elavl3,4.02570627,3.57E-06,6.67E-06
Zfp161,0.769764688,1.64E-53,1.09E-52
Elac2,-0.41235205,2.59E-27,9.75E-27
Aip,-0.543951695,1.59E-26,5.87E-26
Ccr9,2.014112583,8.80E-09,1.86E-08
Zp4,-3.507175894,2.64E-06,4.95E-06
Wrnip1,0.091399653,0.020170229,0.028436716
Fibp,0.181642522,6.23E-05,0.000107872
Gm2a,-2.31117771,6.36E-87,7.36E-86
Mc2r,-5.768918059,1.36E-195,5.33E-194
Atf5,-2.398936397,1.88E-55,1.30E-54
Sorbs3,-1.33913099,8.35E-50,5.21E-49
Rffl,1.286298396,3.35E-71,3.08E-70
Aqp11,-0.657993434,6.76E-06,1.24E-05
Wfdc2,-1.174494304,2.13E-11,5.02E-11
Parm1,-1.717969329,5.63E-55,3.87E-54
Sgpl1,-2.188383333,3.60E-120,6.56E-119
Dpy30,1.057761231,6.90E-100,9.67E-99
Hsbp1,-0.375567781,1.02E-13,2.63E-13
Selenos,-0.500788825,1.35E-16,3.83E-16
Cyp4f5,-1.86703002,3.11E-74,3.00E-73
Pdia6,-0.566279063,8.28E-22,2.70E-21
Smim3,1.463973294,6.53E-50,4.09E-49
Krt20,-4.176800115,8.73E-13,2.17E-12
Testin,-2.416428106,8.99E-25,3.17E-24
Phax,0.291916637,3.21E-11,7.51E-11
Mx2,-0.567944042,8.26E-06,1.51E-05
Cdk5rap2,1.582915771,6.98E-89,8.27E-88
Akr1b8,-1.778722398,4.46E-37,2.13E-36
Fads3,-3.361995733,9.83E-205,4.20E-203
Dlgap3,2.028884718,3.37E-05,5.93E-05
Gnat3,-4.556825404,7.73E-51,4.91E-50
Tfpi2,0.57918827,5.65E-05,9.81E-05
Stk16,0.120006212,0.012229539,0.017609203
Abi2,-0.315383509,6.45E-10,1.43E-09
Dlgap4,-1.099998094,3.80E-40,1.93E-39
Vps54,0.817110208,1.68E-58,1.23E-57
Havcr1,3.376575881,9.10E-15,2.42E-14
Pex5l,1.006737287,0.03560254,0.048832377
Gimap4,-0.315457628,0.004525037,0.006798126
Clmp,-4.087952242,1.53E-291,1.22E-289
Np4,15.66382944,0,0
Abra,4.13568541,8.06E-05,0.000138431
Abca5,-2.232608219,3.48E-15,9.42E-15
Fut11,-1.139828076,3.54E-59,2.64E-58
Ptar1,1.068632397,8.18E-17,2.33E-16
Chst15,-0.24589716,0.039659926,0.054056635
Skap1,-0.472559236,0.003964484,0.005986998
Gcnt3,-0.790177023,0.008201322,0.012001777
Tmsb15b2,-1.080232425,1.06E-17,3.10E-17
Zfp455,0.431607269,0.00010196,0.000173825
Tox4,0.107650698,0.010268882,0.014885326
Taok1,-1.042494919,8.84E-84,9.81E-83
Lgr4,-2.502750742,1.73E-46,1.02E-45
Defa5,14.96385388,4.42E-307,3.90E-305
Zfp689,0.716849792,2.48E-37,1.19E-36
Mapk15,-1.186837872,0.007567331,0.011111924
Zfand4,-0.546161022,1.21E-12,2.99E-12
Camk2n1,-1.912539473,1.05E-16,2.98E-16
Ceacam4,4.320916162,3.34E-46,1.94E-45
Tnfrsf17,4.476881017,3.20E-53,2.12E-52
Nubp1,0.522454626,1.18E-28,4.60E-28
Clec16a,0.815408013,1.24E-49,7.71E-49
Sec14l5,3.968496692,1.37E-55,9.57E-55
Nmral1,1.492756612,9.87E-169,2.96E-167
Magmas-ps1,-1.171742918,3.63E-08,7.48E-08
Trap1,-0.561049296,5.50E-52,3.57E-51
Nlrc3,0.798072558,1.86E-06,3.52E-06
Zfp263,0.35619213,7.95E-07,1.53E-06
Zfp213,-0.428476187,5.07E-09,1.08E-08
Cldn9,0.900768128,0.010909016,0.015773819
Pkmyt1,2.924720639,9.50E-200,3.82E-198
Prss30,-3.320443723,2.05E-07,4.08E-07
Kctd5,0.241761707,3.35E-06,6.26E-06
Tbc1d24,1.684921292,2.06E-137,4.53E-136
Rnps1,1.178730439,3.56E-181,1.21E-179
Pgp,1.449815968,2.68E-142,6.21E-141
Rpl3l,4.62881436,6.08E-30,2.44E-29
Nubp2,0.789408118,6.26E-32,2.64E-31
Mrps34,0.41398078,2.04E-08,4.24E-08
Cramp1,0.274298404,1.35E-05,2.44E-05
Tmem204,-1.448614582,3.78E-36,1.76E-35
Ccdc154,-0.870396337,0.001896412,0.002943054
Prss29,12.15125909,2.90E-240,1.65E-238
Prss34,9.26343678,2.03E-157,5.46E-156
Chtf18,2.725213795,1.65E-231,8.76E-230
Rpusd1,-0.33145367,0.000497822,0.000807698
Antkmt,-0.344263736,2.90E-06,5.43E-06
Metrn,1.812713582,4.57E-33,1.98E-32
Stub1,-0.542402132,2.08E-22,6.92E-22
Rhot2,0.177335493,0.034526854,0.047436142
Pigq,2.363809808,3.45E-250,2.11E-248
Pdia2,5.786328694,7.52E-220,3.66E-218
Hba-a3,6.925135195,0,0
Hbz,4.375112966,1.69E-12,4.14E-12
Snrnp25,1.39035549,2.98E-83,3.29E-82
Bod1,-0.863170445,3.04E-10,6.85E-10
Ergic1,-1.530488434,3.87E-107,5.97E-106
Ubtd2,-1.705175515,1.78E-58,1.31E-57
Nudcd2,1.417605373,1.16E-139,2.63E-138
Rnf145,0.809224924,1.39E-36,6.56E-36
Timd2,2.649552668,1.05E-07,2.12E-07
RGD1559575,1.640939114,9.40E-42,4.96E-41
Cnot6,1.136989628,5.83E-121,1.07E-119
Clk4,0.649682906,1.25E-24,4.38E-24
Nhp2,1.351848681,4.64E-147,1.13E-145
Sec24a,-1.031157986,1.44E-79,1.50E-78
Sar1b,0.835324463,5.99E-05,0.000103854
Cdkn2aipnl,0.714247017,9.91E-33,4.27E-32
Skp1,-0.196403183,0.001470941,0.002303425
Shroom1,-2.23077063,5.63E-13,1.41E-12
Mfap3,-0.441635828,4.21E-07,8.26E-07
Mrpl22,0.419407653,5.55E-15,1.49E-14
RGD1308564,7.405405283,1.24E-77,1.26E-76
Fam183a,6.57841851,5.81E-60,4.39E-59
Mrpl55,-0.379332007,6.14E-18,1.81E-17
Wnt9a,-1.110807757,0.000645499,0.001039941
Prss38,-3.135191122,2.29E-12,5.60E-12
Jmjd4,0.376483878,8.69E-10,1.92E-09
Zfp496,-0.168405906,0.005961588,0.008845803
Nlrp3,1.556108771,3.86E-37,1.84E-36
Pld6,-1.158570521,0.001025932,0.001626449
Cops3,0.472463185,6.59E-20,2.05E-19
Nt5m,-1.857388944,7.18E-42,3.80E-41
Drc3,-1.781440257,1.01E-25,3.66E-25
Flii,-0.943856594,2.45E-42,1.31E-41
Shmt1,0.176827248,0.048425085,0.065329368
Dhrs7b,-1.062325475,5.09E-62,4.00E-61
Mfap4,-5.441756626,8.39E-69,7.39E-68
B9d1,-1.313089466,1.40E-77,1.43E-76
Tekt3,-2.947522281,1.14E-20,3.61E-20
Map2k4,-0.409624157,3.88E-11,9.04E-11
Tmem220,-1.263060751,7.75E-33,3.35E-32
Adprm,0.471145062,1.07E-21,3.48E-21
Myh1,4.395196599,5.90E-05,0.00010229
Dhrs7c,3.62494245,1.58E-07,3.16E-07
Rpl26,0.660095255,3.31E-37,1.58E-36
Arhgef15,-2.029221641,6.77E-33,2.93E-32
Rangrf,-0.476764112,0.000240028,0.000398529
Pfas,1.155178347,4.47E-77,4.52E-76
Per1,-1.392499846,1.83E-15,5.00E-15
Hes7,-2.091415092,1.67E-23,5.70E-23
Aloxe3,-1.12373061,0.002625626,0.004025942
Alox12b,2.394164037,0.00081833,0.001307702
Trappc1,0.11216224,0.032193503,0.044380829
Naa38,0.142212812,0.001169558,0.001844754
Wrap53,1.129397366,6.32E-69,5.58E-68
Fxr2,-0.090605147,0.019177311,0.027109211
Cd68,1.103656568,5.25E-14,1.36E-13
Eif4a1,0.685810273,2.10E-40,1.07E-39
Tnfsf13,1.117696659,2.42E-21,7.79E-21
Zbtb4,-2.822953523,3.10E-186,1.12E-184
Tmem256,0.905831311,2.09E-22,6.93E-22
Acap1,3.144099576,1.88E-113,3.11E-112
Eif5a,0.754125799,1.60E-68,1.40E-67
Elp5,0.472871937,1.09E-24,3.85E-24
Ctdnep1,0.258699159,8.20E-06,1.50E-05
Slc16a13,-1.100977005,9.31E-09,1.97E-08
RGD1308134,1.005369681,1.49E-45,8.56E-45
Rnasek,-0.488662323,9.71E-18,2.84E-17
Alox12,4.928775128,1.74E-219,8.44E-218
Med11,1.063467872,1.91E-60,1.46E-59
Zmynd15,-1.94158446,6.73E-44,3.73E-43
Camta2,-0.357886116,3.57E-08,7.37E-08
Rpain,-0.163225303,0.028311724,0.039265577
Dhx33,-1.246545151,1.07E-49,6.66E-49
Wscd1,2.79876862,2.25E-169,6.80E-168
Pitpnm3,-2.156074956,2.55E-18,7.60E-18
Sdf2,-0.681849825,3.65E-48,2.21E-47
Tlcd1,-1.131029277,5.46E-21,1.74E-20
Nek8,-0.327513706,2.16E-06,4.07E-06
Txndc17,-0.176361154,0.00217579,0.003357951
Med31,0.220844827,0.000200452,0.000334659
Zzef1,-0.688255087,1.78E-21,5.76E-21
Ctns,-0.59348435,3.61E-18,1.07E-17
Shpk,-0.63024021,3.20E-21,1.03E-20
Mnt,-0.337738693,1.91E-09,4.15E-09
Smg6,-0.455418661,1.46E-26,5.42E-26
Dph1,-0.185117441,0.012437561,0.017893926
Rpa1,1.333415993,6.93E-259,4.50E-257
Smyd4,-0.633147916,3.91E-10,8.75E-10
Serpinf1,-3.433768869,2.72E-54,1.84E-53
Serpinf2,1.478774482,3.67E-06,6.84E-06
Prpf8,-0.689213279,4.59E-16,1.28E-15
Rilp,-1.666582365,1.15E-36,5.44E-36
Slc43a2,0.477631695,1.21E-05,2.19E-05
Inpp5k,-0.36399122,7.05E-15,1.89E-14
Rflnb,1.257362814,7.77E-21,2.47E-20
Ift20,-0.164956435,0.002536039,0.003894025
Tnfaip1,-2.1251121,1.69E-75,1.67E-74
Poldip2,-0.825856678,2.65E-32,1.13E-31
Sarm1,-3.529664337,6.04E-45,3.42E-44
Tp53i13,-1.229585786,3.65E-34,1.63E-33
Blmh,0.672397787,3.04E-72,2.84E-71
Tefm,-0.685006909,9.21E-14,2.38E-13
Rhbdl3,-1.357399658,1.81E-45,1.04E-44
Ccl7,-3.505851398,1.70E-38,8.38E-38
Ccl12,1.489446203,1.30E-05,2.36E-05
Tmem132e,-0.740540423,4.83E-05,8.42E-05
Slfn14,11.44793563,0,0
Gas2l2,-1.60577473,0.028448725,0.039442641
Taf15,0.213711124,0.000489323,0.000794519
Ppm1d,1.692249087,3.33E-156,8.87E-155
Tubd1,0.208440696,0.001719771,0.002679043
Ptrh2,1.227745048,1.09E-99,1.53E-98
Dhx40,-0.14127009,0.003975791,0.00600346
Smg8,-0.444352339,5.46E-10,1.22E-09
Ska2,2.172409816,2.18E-203,9.13E-202
Tex14,-0.890061031,0.000492921,0.000800141
Septin4,-1.481147753,1.06E-26,3.94E-26
Mtmr4,-0.45251861,9.36E-22,3.05E-21
Supt4h1,0.730773952,9.59E-42,5.06E-41
Tspoap1,1.118691964,1.34E-12,3.30E-12
Lpo,-2.6993144,7.26E-13,1.81E-12
Mks1,-1.112123073,1.55E-70,1.41E-69
Vezf1,0.199481046,0.000735245,0.001179198
Tom1l1,1.235484927,1.36E-56,9.63E-56
Wfikkn2,-2.796905622,4.92E-09,1.05E-08
Lrrc59,-0.502246545,3.78E-14,9.87E-14
Eme1,4.643968516,2.73E-296,2.23E-294
Mrpl27,0.470490367,3.38E-11,7.90E-11
Samd14,-1.14709692,5.69E-08,1.16E-07
Slc35b1,-0.218300266,5.22E-07,1.02E-06
Phospho1,2.678210768,9.40E-52,6.07E-51
Snf8,-0.550018091,9.12E-18,2.67E-17
Ttll6,-2.092541656,0.000124851,0.000211485
Hoxb9,-0.463965277,0.033232444,0.045749122
Mrpl45,0.575117502,1.53E-35,7.01E-35
Socs7,0.226736122,0.001796897,0.002793746
Cisd3,-1.199726515,2.91E-15,7.88E-15
Pcgf2,-1.106252378,6.80E-29,2.66E-28
Ccr7,1.281642491,1.11E-09,2.43E-09
Krt13,-6.134622021,2.24E-48,1.36E-47
Krt14,-4.415220128,5.72E-19,1.73E-18
Eif1,0.412212589,3.00E-08,6.22E-08
Klhl11,-0.40963529,0.00410465,0.006187616
Nkiras2,-0.107789652,0.045144328,0.061103986
Rab5c,-0.172791436,0.000992642,0.001575954
Cavin1,-3.674777254,2.04E-142,4.72E-141
Coasy,-0.36945835,2.28E-09,4.94E-09
Wnk4,0.51242347,0.003007361,0.004588199
Psme3,0.503294551,2.51E-45,1.43E-44
Ifi35,0.544295833,7.31E-20,2.27E-19
Vat1,-1.035259431,4.34E-26,1.59E-25
Tmem106a,-0.639659383,3.20E-11,7.49E-11
Dhx8,0.593031179,5.02E-49,3.09E-48
Lsm12,0.35980932,1.31E-11,3.13E-11
Atxn7l3,-0.197740835,0.000125209,0.000212067
Higd1b,-4.152171713,5.07E-86,5.80E-85
Eftud2,0.325057215,2.16E-16,6.07E-16
Plcd3,-3.050300349,6.34E-46,3.67E-45
Fmnl1,1.232910201,2.49E-28,9.61E-28
Prp2l1,-1.677589239,4.50E-09,9.63E-09
Prr29,0.336073723,0.000196724,0.000328733
Ddx5,-0.422939031,6.99E-15,1.87E-14
Cep95,1.273156236,1.36E-50,8.62E-50
Smndc1,0.649077471,3.15E-51,2.02E-50
Psmd12,0.431696034,7.71E-16,2.13E-15
Helz,-0.618090647,2.34E-21,7.54E-21
Cep112,-1.508481869,7.77E-25,2.75E-24
Abca9,-1.999559338,1.37E-26,5.07E-26
Slc39a11,-0.34993138,0.000300749,0.000495758
MGC95210,0.106770394,0.019811398,0.027958804
Cpsf4l,-0.95194926,0.003657447,0.005541144
Ttyh2,-1.193122699,7.00E-12,1.68E-11
Gprc5c,-0.979874554,6.37E-06,1.17E-05
Igsf7,-1.764329922,3.06E-22,1.01E-21
Cd300lf,2.968470151,2.31E-52,1.52E-51
Otop3,-2.64948513,3.14E-07,6.20E-07
Hid1,-2.195845397,4.04E-47,2.40E-46
Trim80,1.558650797,0.006341267,0.009383756
Armc7,0.214813949,0.000937625,0.001490926
Jpt1,0.493683798,4.25E-21,1.36E-20
Nup85,1.819439481,2.01E-246,1.18E-244
Recql5,0.889145598,5.77E-48,3.48E-47
Fbf1,-0.813590221,4.87E-49,3.00E-48
Ubald2,1.897784281,4.61E-236,2.54E-234
Dnah17,-0.308544024,0.01879639,0.026586971
Rbfox3,-1.91692457,5.72E-08,1.17E-07
Rptor,-0.741655363,4.03E-43,2.19E-42
Chmp6,-0.286480889,1.37E-07,2.76E-07
Actg1,0.709344878,3.80E-20,1.19E-19
Pycr1,-0.723902076,1.05E-09,2.31E-09
Ppp1r27,3.281487263,6.90E-07,1.34E-06
Sectm1b,-2.755807271,1.71E-24,6.00E-24
Sectm1a,0.926280743,7.45E-11,1.72E-10
Adamts2,-4.459640045,5.05E-159,1.39E-157
Ccl6,0.301752589,0.034665874,0.047611663
Mettl23,-0.422768582,8.06E-06,1.47E-05
St6galnac1,-3.403229597,2.84E-09,6.15E-09
Yars2,-0.325084176,3.62E-05,6.35E-05
Pkp2,-1.044945836,3.63E-06,6.77E-06
Ube2v2,0.389704018,1.65E-12,4.05E-12
Mzt2b,-0.264106849,4.52E-09,9.69E-09
Top3b,-0.19845516,0.000487722,0.00079205
Ppm1f,-0.891321348,3.26E-46,1.90E-45
RGD1308065,5.503736577,8.17E-85,9.17E-84
Ccdc116,-1.30978082,0.00129675,0.002038745
Ydjc,-0.40817768,0.019085211,0.026982886
Hic2,-0.709628006,7.83E-22,2.56E-21
Crkl,0.269983248,7.07E-05,0.000121844
Thap7,-0.511619938,4.95E-18,1.46E-17
LOC287947,3.251894219,0.000615207,0.000992166
Scarf2,-1.905107932,1.94E-44,1.09E-43
Dgcr8,0.994388698,3.31E-62,2.61E-61
Cdc45,4.548679945,0,0
Mrpl40,-0.519407738,2.30E-14,6.04E-14
Olr1569,3.070708384,0.000108473,0.000184599
Klhl6,3.511148487,4.43E-117,7.75E-116
Parl,0.495375461,3.46E-30,1.40E-29
Abcf3,0.364066917,6.37E-15,1.71E-14
Alg3,-0.732057392,2.42E-24,8.43E-24
Eif4g1,-0.907633412,1.20E-61,9.39E-61
Ephb3,-2.159268012,1.09E-22,3.65E-22
Vps8,-1.096740727,3.66E-80,3.86E-79
Kng1,2.509645586,2.30E-06,4.33E-06
Rfc4,3.46393989,0,0
Lpp,-2.359645643,4.04E-105,6.10E-104
P3h2,-1.055464798,6.60E-10,1.46E-09
Ccdc50,-2.17275344,3.84E-265,2.60E-263
Atp13a4,1.73691988,7.97E-07,1.54E-06
Tmem44,-1.836964765,9.52E-23,3.19E-22
Lsg1,-0.351490992,6.02E-09,1.28E-08
Fam43a,-0.76828184,4.60E-18,1.36E-17
Fbxo45,0.41999357,3.68E-21,1.18E-20
Tm4sf19,-1.662122747,4.49E-11,1.04E-10
Zdhhc19,4.073328238,3.04E-18,9.03E-18
Umps,0.761628701,1.46E-37,7.05E-37
Ccdc14,1.042159479,1.92E-39,9.62E-39
Mylk,-1.614135731,1.20E-18,3.62E-18
Kpna1,0.935716169,9.45E-56,6.61E-55
Mix23,0.132336327,0.029222547,0.040460515
Csta,-1.490480314,0.008407984,0.0122884
Stfa3,6.721911477,5.40E-41,2.80E-40
Hcls1,2.541560932,1.01E-113,1.68E-112
Polq,5.805677109,0,0
Stxbp5l,-0.993157605,0.034481484,0.047376009
Ndufb4,-0.669993544,7.59E-13,1.89E-12
Poglut1,-0.679225111,1.51E-28,5.84E-28
Tmem39a,-0.432308643,9.19E-22,3.00E-21
Arhgap31,-2.17890562,7.87E-56,5.51E-55
Zbtb20,-2.677754123,7.09E-110,1.13E-108
Naa50,0.573892822,6.62E-15,1.77E-14
Sidt1,1.584854848,1.46E-08,3.05E-08
Spice1,0.306925871,1.32E-05,2.39E-05
Tmprss7,2.719292017,5.63E-21,1.80E-20
Nectin3,-1.958407176,1.19E-23,4.09E-23
Retnlg,8.082833209,1.55E-174,4.93E-173
Mtx2,0.271638522,7.76E-09,1.65E-08
Hoxd3,-7.023886642,1.35E-97,1.82E-96
Hoxd4,-5.283850543,3.19E-147,7.82E-146
B3galt5,-1.144496949,8.16E-05,0.000139991
Nit2,-0.658476236,6.21E-27,2.32E-26
Tmem30c,-1.332902462,1.75E-07,3.50E-07
Cmss1,0.625896512,1.82E-16,5.11E-16
Gpr15,1.166613952,0.000729594,0.001170389
Cldnd1,-0.723980799,4.13E-26,1.51E-25
Crybg3,-1.676831409,7.36E-65,6.08E-64
Bace2,-3.616323938,5.10E-105,7.68E-104
Get1,-0.845206243,4.17E-27,1.57E-26
Psmg1,-0.127886904,0.009617145,0.013980327
Pigp,-0.715993984,6.34E-06,1.17E-05
Ripply3,1.304062713,2.09E-07,4.16E-07
Hlcs,-2.0128629,8.36E-76,8.29E-75
Chaf1b,3.652987019,1.13E-203,4.75E-202
Cryzl1,-0.451316818,3.55E-09,7.65E-09
Donson,0.325767041,4.08E-05,7.15E-05
Gart,0.699914561,1.04E-55,7.24E-55
Ifnar1,0.509813931,4.16E-19,1.27E-18
Cfap298,-0.683712157,5.07E-35,2.31E-34
Mrap,-2.562953075,7.21E-70,6.48E-69
Mis18a,6.471732868,0,0
Cct8,0.592467553,4.02E-46,2.34E-45
Usp16,0.266712466,5.74E-11,1.33E-10
Ltn1,0.143390555,0.026000488,0.036226555
N6amt1,-0.194605506,0.00534264,0.007960146
Rbm11,1.973507712,6.79E-10,1.51E-09
Gbe1,0.462657288,1.25E-09,2.75E-09
Cggbp1,0.698162132,1.33E-60,1.02E-59
Zfp654,0.464799568,7.56E-13,1.88E-12
Tssk1b,-0.994304625,0.004167009,0.006278101
Pex11g,-0.884761421,6.39E-19,1.93E-18
Mcoln1,-0.615102015,1.72E-17,5.01E-17
RGD1559710,1.739523877,1.12E-07,2.26E-07
RGD1562451,2.154972054,7.64E-81,8.12E-80
Rfc3,3.006354427,0,0
N4bp2l2,0.390187965,1.25E-23,4.27E-23
Hsph1,0.80287088,1.87E-36,8.78E-36
Uspl1,0.326142779,2.58E-11,6.06E-11
Katnal1,0.847493295,2.11E-24,7.36E-24
Slc46a3,0.778578191,3.59E-29,1.42E-28
Pomp,0.472177577,2.50E-19,7.66E-19
Trrap,-0.145372781,0.030704291,0.042416799
Rsph10b,-1.803318297,5.17E-15,1.39E-14
Pms2,0.448955727,3.19E-28,1.23E-27
Aimp2,0.663904385,7.30E-24,2.52E-23
LOC288481,1.346131694,0.035523995,0.04873175
Zfp12,-0.536065288,5.69E-17,1.63E-16
Rbak,-0.218229866,0.000540172,0.000874347
Wipi2,0.653479231,2.98E-26,1.10E-25
Slc29a4,-0.966889353,0.001425612,0.002234216
Snx8,0.248838709,0.008679276,0.012670501
Elfn1,-5.580850829,3.40E-40,1.73E-39
Ints1,0.573809862,1.01E-29,4.02E-29
Micall2,1.862411945,3.71E-83,4.08E-82
Eif3b,0.311300782,7.06E-13,1.76E-12
Dhrsx,0.309450841,4.98E-05,8.68E-05
Akap17a,0.607455387,4.09E-10,9.16E-10
Asmtl,-0.418087477,4.11E-14,1.07E-13
Gjc3,-0.695129887,0.0215694,0.030309654
Mcm7,2.968478143,0,0
Taf6,-0.101587442,0.003949712,0.005966213
Trappc14,1.135192221,1.95E-56,1.38E-55
Mospd3,1.214988053,2.08E-83,2.30E-82
Sap25,0.931390285,2.91E-17,8.42E-17
Tfr2,4.554767014,3.30E-55,2.28E-54
Pop7,1.414721108,1.64E-189,6.10E-188
Plod3,-1.739374654,6.28E-184,2.21E-182
Fis1,1.425336586,2.26E-69,2.01E-68
Ift22,-1.935969323,4.36E-41,2.27E-40
Alkbh4,1.370616773,2.20E-81,2.36E-80
Polr2j,0.271093525,1.43E-06,2.73E-06
Rasa4,-1.432625005,8.73E-43,4.71E-42
Tmem120a,-2.528483659,2.47E-120,4.51E-119
Ccl24,-1.673624453,1.74E-29,6.92E-29
Nsun5,-0.560231806,4.13E-26,1.51E-25
Trim50,-1.278761846,0.019846884,0.028007547
Eif4h,0.401109175,2.22E-38,1.09E-37
Ervfrd-1,2.682020108,3.24E-21,1.04E-20
Tmem270,-3.771761098,9.44E-29,3.68E-28
Gtf2ird2,-1.274275311,8.54E-64,6.94E-63
Galnt17,-2.049066859,6.30E-07,1.22E-06
Sbds,-0.606943272,3.05E-33,1.33E-32
Tmem248,-0.121738347,0.011729213,0.016911835
Tpst1,0.509805679,1.60E-10,3.65E-10
Cct6a,0.444479663,3.10E-27,1.17E-26
Zbed5,-1.394011706,3.29E-41,1.71E-40
Mmp17,-3.656390601,9.41E-46,5.43E-45
Dhx37,0.144398111,0.001107693,0.001751375
Gtf2h3,0.513758035,1.60E-27,6.09E-27
Mphosph9,1.971278878,6.26E-160,1.73E-158
Vps37b,1.189964256,2.77E-101,3.94E-100
Zcchc8,0.595122035,5.33E-28,2.05E-27
Atxn2,-1.381166748,3.09E-112,5.07E-111
Pheta1,-0.676062924,2.79E-09,6.03E-09
Cux2,-2.126215617,3.28E-11,7.68E-11
Vps29,-0.131759811,0.010053724,0.014589884
Arpc3,1.33047142,1.40E-75,1.38E-74
Rita1,-1.076857092,4.46E-19,1.35E-18
Tesc,3.463140376,4.89E-144,1.15E-142
Wsb2,-1.059405637,8.92E-18,2.62E-17
Rab35,0.086153414,0.03120834,0.043076915
Unc119b,-0.29443306,1.74E-08,3.64E-08
RGD1311899,-0.75697174,4.11E-20,1.28E-19
Gltp,1.36606881,2.37E-128,4.71E-127
Rnf10,2.570691237,1.71E-133,3.59E-132
Srrd,-0.344230922,3.46E-05,6.08E-05
Tpst2,-0.249393057,0.003341294,0.005079853
Pgam5,0.084157892,0.045692259,0.061806035
Chfr,0.87968572,4.43E-65,3.68E-64
Foxn4,2.986236424,0.000500315,0.00081152
Sgsm1,-1.461968604,3.19E-08,6.60E-08
RGD1306556,-2.597541583,3.58E-48,2.17E-47
Tmem132d,-2.687644234,0.012285762,0.017687575
Diablo,0.149591047,0.000866413,0.001382224
Mtm1,-0.978710544,2.63E-30,1.07E-29
Naca,0.75183107,9.56E-37,4.52E-36
Rbms2,-1.637175087,1.97E-77,2.00E-76
Spryd4,0.305159768,0.003680502,0.00557493
LOC288777,1.314430275,4.79E-07,9.36E-07
Pa2g4,1.220815568,1.81E-127,3.58E-126
Rab5b,-0.945224068,1.14E-110,1.84E-109
Bloc1s1,-0.701153191,1.33E-22,4.43E-22
Olr1058,-1.759243408,6.12E-10,1.36E-09
Olr1057,-1.891677377,2.34E-05,4.16E-05
Il27ra,1.562430478,2.15E-24,7.49E-24
Rfx1,0.827187921,6.86E-42,3.63E-41
Podnl1,2.194572623,1.66E-24,5.80E-24
Cc2d1a,-0.19305606,0.00012467,0.000211202
Nanos3,0.50367093,0.011493058,0.016585884
Mri1,-0.174692687,0.010328449,0.014967271
Trmt1,-0.269859106,1.87E-09,4.08E-09
Farsa,1.0197487,3.11E-94,4.01E-93
Get3,0.458910719,4.84E-30,1.95E-29
Trir,1.445283684,4.19E-178,1.37E-176
Dhps,0.598230902,1.50E-31,6.28E-31
Wdr83,1.129567039,1.81E-80,1.92E-79
Wdr83os,-0.090854274,0.02159859,0.030347788
Serpinb8,-0.802061853,2.93E-05,5.17E-05
LOC288978,-1.079721834,6.87E-33,2.97E-32
Insig2,-0.919641163,2.18E-11,5.13E-11
Slc35f5,-1.436233617,2.45E-58,1.79E-57
Gpr39,-4.638591007,3.38E-51,2.16E-50
Map3k19,1.477056171,0.012237842,0.017620301
Thsd7b,-4.198760798,7.17E-33,3.10E-32
Mapkapk2,0.892601513,9.13E-66,7.66E-65
Cdk18,-1.381729993,5.45E-16,1.51E-15
Pik3c2b,-0.50750883,6.87E-10,1.52E-09
Sox13,-1.683369401,1.79E-77,1.83E-76
Chit1,5.316373415,2.81E-182,9.73E-181
Tmem183a,1.024205778,1.48E-60,1.13E-59
Adipor1,2.141454839,3.33E-135,7.16E-134
Lhx9,-1.629958074,6.54E-12,1.57E-11
Zbtb41,-0.26859538,0.013307287,0.019096908
Aspm,5.566613033,0,0
Rgs18,4.39733744,8.91E-180,2.96E-178
Rgl1,-1.881164869,4.85E-56,3.41E-55
Colgalt2,-1.174882986,3.65E-11,8.52E-11
Tsen15,-0.687204456,1.61E-17,4.67E-17
Edem3,0.17005426,0.011945855,0.017217489
RGD1565977,-1.533928408,6.13E-05,0.000106152
Swt1,0.3222861,3.66E-09,7.88E-09
Ivns1abp,-0.739937941,2.01E-43,1.10E-42
Hmcn1,-3.2439101,1.19E-73,1.14E-72
Shcbp1l,-4.709154182,4.68E-42,2.48E-41
Prg4,4.468852869,1.23E-31,5.15E-31
Tdrd5,2.388881798,1.12E-15,3.09E-15
LOC289134,4.513474005,9.67E-05,0.000165144
Tp53i3,-2.337398727,0,0
Mrps14,0.218603838,0.002299229,0.003540125
Cacybp,1.01334431,2.36E-82,2.58E-81
Cenpl,3.621582718,0,0
Eef1aknmt,1.167374026,6.29E-106,9.56E-105
Kifap3,-0.285775471,1.23E-05,2.23E-05
LOC289172,5.714021629,9.18E-44,5.07E-43
Slc19a2,0.515411226,1.53E-06,2.91E-06
Dpt,-6.084516428,6.85E-120,1.24E-118
Gpr161,-2.284543055,6.65E-68,5.76E-67
Dcaf6,0.675211311,1.95E-12,4.77E-12
Creg1,3.363677724,6.50E-84,7.23E-83
Tmco1,-1.430708909,4.17E-119,7.44E-118
Mgst3,1.473884907,3.68E-42,1.96E-41
Lmx1a,-5.712781656,4.61E-69,4.08E-68
Fcgr2b,1.062295601,1.75E-10,3.97E-10
Sdhc,-1.188222194,1.59E-36,7.48E-36
Ndufs2,-1.026809515,1.80E-24,6.30E-24
Ppox,3.081430589,5.07E-246,2.97E-244
Nit1,-1.230707452,2.62E-86,3.01E-85
Vangl2,2.206749256,8.06E-16,2.22E-15
Ncstn,-0.646696346,6.88E-48,4.14E-47
Pex19,-2.120040979,4.58E-222,2.26E-220
Slamf9,0.730564673,5.07E-06,9.39E-06
Vsig8,-1.364880552,4.68E-06,8.68E-06
Mptx1,-0.858603905,0.003954315,0.005972861
RGD1562462,0.839579728,0.00424676,0.006394022
Olr1584,1.002987252,0.000254741,0.0004222
Olr1592,2.149141608,3.87E-05,6.78E-05
Spta1,11.76863808,0,0
Grem2,-4.875795073,2.24E-94,2.89E-93
Pld5,3.458866996,1.15E-17,3.37E-17
Adss,0.637957227,6.55E-54,4.41E-53
Cox20,-0.307246721,0.00134431,0.002110938
Gpr137b,-0.793050766,6.00E-27,2.24E-26
Tfb2m,-0.407833916,5.73E-10,1.27E-09
Acbd3,-0.165860171,1.36E-10,3.10E-10
Sde2,0.876691115,8.59E-78,8.79E-77
Lefty2,1.528550961,0.006621473,0.009778348
Tmem63a,0.470298185,2.30E-10,5.19E-10
RGD1564463,1.296856559,0.007431427,0.010923204
Nvl,0.437224143,8.27E-19,2.50E-18
Cnih4,-1.230206212,9.63E-103,1.41E-101
Susd4,-1.241881621,5.28E-08,1.08E-07
Disp1,-2.000560721,7.13E-48,4.29E-47
Rps6kc1,0.505823688,5.16E-26,1.88E-25
Hhat,0.687317467,1.55E-07,3.10E-07
Rab3gap2,-0.346371267,8.13E-08,1.65E-07
Eprs,-0.68122856,7.32E-41,3.78E-40
Slc30a10,5.918186612,2.16E-33,9.47E-33
Lyplal1,-2.111127771,8.00E-115,1.35E-113
Gpatch2,-0.81542541,4.33E-89,5.15E-88
Ush2a,-0.764603269,0.008203443,0.012003693
Tatdn3,-0.966681755,4.30E-30,1.73E-29
Nenf,-1.002759732,1.02E-29,4.08E-29
Ints7,0.998666326,1.68E-50,1.07E-49
G0s2,-3.368597088,1.01E-128,2.02E-127
Plxna2,-3.602233813,8.04E-124,1.52E-122
Cr2,5.790735609,1.78E-110,2.87E-109
Kif21b,1.460561028,3.42E-24,1.19E-23
Camsap2,0.179393361,0.001985135,0.003073489
Ddx59,0.827072092,7.54E-57,5.37E-56
Atp6v1g3,6.661813972,1.02E-58,7.52E-58
Nuak2,1.56411348,9.37E-44,5.17E-43
Xpr1,-0.153599345,0.007327412,0.010776741
Glmn,-1.073041764,1.42E-87,1.66E-86
Lrrc8c,-0.55951494,4.12E-08,8.48E-08
Abcg3l1,-1.573986924,8.87E-102,1.27E-100
Hsd17b11,-1.01950856,1.73E-30,7.04E-30
Klhl8,-0.644710709,1.04E-09,2.29E-09
Slc10a6,-2.35983499,2.74E-50,1.73E-49
Abraxas1,0.30131024,4.29E-05,7.50E-05
Mrps18c,0.310554627,2.34E-05,4.17E-05
Naa11,-1.637668939,2.80E-08,5.81E-08
Fras1,-3.366605517,1.08E-18,3.24E-18
Mrpl1,0.272613713,3.38E-06,6.31E-06
Ccni,1.640531151,3.82E-85,4.31E-84
Ccdc158,-1.159774769,2.76E-11,6.48E-11
Sdad1,0.34440779,5.41E-06,1.00E-05
Rchy1,0.822344515,1.64E-43,8.98E-43
Epgn,-1.617688253,0.04882829,0.065855306
Ankrd17,-0.42872459,4.55E-13,1.14E-12
Enam,1.925455728,0.000229636,0.000381789
Prr27,3.752131809,0.003195126,0.004863377
Tmprss11g,-3.021421508,0.000211991,0.000353386
Igfbp7,-2.568362311,3.64E-113,6.03E-112
Polr2b,0.2621554,6.23E-07,1.21E-06
Noa1,-0.531858597,6.60E-22,2.16E-21
Cracd,5.354393061,0,0
Fip1l1,0.385925847,1.56E-29,6.22E-29
Usp46,2.094137172,3.12E-163,8.89E-162
Lrrc66,-1.878984085,4.03E-17,1.16E-16
Ociad1,-0.38001182,3.76E-16,1.05E-15
Nipal1,0.662775104,0.001382855,0.002169852
Nfxl1,0.193274188,0.002310552,0.003556471
Corin,-5.006442951,1.00E-56,7.10E-56
Commd8,0.394591683,2.68E-21,8.61E-21
Gnpda2,-0.653408802,8.94E-23,3.00E-22
Atp8a1,1.790802312,2.53E-65,2.11E-64
Ube2k,0.446489711,5.53E-39,2.74E-38
Klb,-3.556010835,8.12E-67,6.92E-66
Nwd2,-4.218424401,1.97E-31,8.20E-31
Rell1,0.16407027,0.002756444,0.004220841
Tbc1d19,-1.314691502,5.29E-35,2.40E-34
Ldb2,-0.963256973,1.30E-08,2.73E-08
Lap3,-1.679358763,2.91E-122,5.43E-121
Dhx15,0.625816807,1.49E-48,9.07E-48
Lyar,1.135559826,3.96E-80,4.18E-79
Evc2,0.635740123,8.89E-08,1.80E-07
Evc,-4.188487532,2.78E-91,3.41E-90
Nop14,-0.226025941,2.31E-07,4.58E-07
Nat8l,-3.818783016,8.94E-92,1.11E-90
Pla2g3,-2.169513902,4.14E-05,7.24E-05
Smtn,-0.860014363,7.69E-10,1.70E-09
Morc2,-0.517195815,9.70E-28,3.70E-27
Pes1,0.462188077,3.81E-32,1.62E-31
Mtfp1,1.876268633,3.07E-62,2.42E-61
Osm,3.424262266,7.00E-115,1.19E-113
Ewsr1,0.758460362,1.76E-73,1.68E-72
Xbp1,-0.92441782,5.50E-35,2.50E-34
Polm,0.883294753,1.68E-15,4.58E-15
Pold2,0.82482831,9.53E-48,5.73E-47
Myl7,-2.928968627,4.31E-11,1.00E-10
Fignl1,6.235918728,0,0
Spata48,3.321202191,4.42E-46,2.56E-45
Ddx56,0.475448214,1.84E-28,7.13E-28
Zmiz2,-0.400080048,5.84E-07,1.14E-06
Myo1g,1.874334995,8.89E-55,6.08E-54
Nacad,-2.303119065,4.99E-18,1.47E-17
Pkd1l1,1.271186561,2.74E-06,5.14E-06
Abca13,8.383844477,1.48E-149,3.70E-148
Upp1,-0.331104819,0.000324493,0.000533797
C1d,0.380696007,1.14E-19,3.53E-19
Actr2,0.988164342,1.18E-30,4.84E-30
Cep68,-0.68792412,1.14E-41,6.03E-41
Ugp2,-0.305973388,0.018065727,0.025605915
Commd1,0.245116381,3.37E-07,6.64E-07
Fam161a,-1.505292229,1.84E-14,4.85E-14
Ccdc85a,-1.182662296,1.75E-23,5.98E-23
Cfap36,0.458318981,1.41E-22,4.70E-22
Clhc1,-1.871970706,9.94E-19,3.00E-18
Erlec1,-0.854806255,9.13E-45,5.15E-44
Pde6b,2.091319084,8.55E-07,1.65E-06
Dr1,0.619800368,1.46E-99,2.04E-98
Tmed5,-1.430803231,4.80E-50,3.01E-49
Fam149b1,-0.876261237,3.89E-61,3.02E-60
Mss51,1.108545563,8.01E-08,1.63E-07
Psmd6,0.245857418,2.88E-07,5.69E-07
RGD1306063,-0.819940878,2.17E-34,9.74E-34
Oxsm,-0.578186023,7.21E-28,2.76E-27
Fam3d,-4.335721082,5.77E-39,2.86E-38
Pdhb,-0.313924817,8.98E-05,0.000153759
LOC289953,-1.786199089,5.54E-05,9.61E-05
Psmc6,0.371541962,4.73E-18,1.40E-17
Fermt2,-2.540131914,7.06E-80,7.42E-79
Cdkn3,6.392174664,0,0
Cnih1,-0.842596006,7.69E-43,4.16E-42
Dlgap5,3.389346074,2.01E-280,1.49E-278
Parp2,0.690249652,1.11E-44,6.23E-44
Osgep,0.581529503,9.29E-20,2.88E-19
Pnp,0.843925593,1.86E-35,8.54E-35
Eddm3b,-3.526203102,3.40E-26,1.25E-25
Hnrnpc,1.019602103,1.05E-130,2.15E-129
Efs,-2.028415067,1.52E-39,7.60E-39
Cmtm5,-0.95691411,0.013207013,0.018955767
Fitm1,3.863384619,2.96E-10,6.68E-10
Emc9,-0.425729595,0.001021254,0.001619553
Rec8,3.338373976,1.75E-219,8.48E-218
Ipo4,-0.703378484,2.88E-22,9.54E-22
Tssk4,0.834362482,0.000420966,0.000686919
Tinf2,0.529891037,1.75E-19,5.39E-19
Dhrs1,-0.943676147,1.20E-60,9.20E-60
Nop9,0.713938128,4.78E-47,2.83E-46
Mcpt3,5.78842065,7.43E-38,3.61E-37
Ctsg,14.64582974,0,0
Mphosph8,-0.285660666,8.55E-07,1.65E-06
Xpo4,0.732659287,1.29E-57,9.34E-57
Sap18,0.833078868,8.60E-102,1.24E-100
Cab39l,0.152735405,0.003979759,0.006009145
Tnfrsf19,2.109893705,4.82E-15,1.30E-14
Spryd7,-0.60459013,1.13E-05,2.05E-05
Tdh,-1.060900048,0.000103055,0.000175601
Sox7,-2.657198513,3.70E-35,1.68E-34
Ints9,0.715283431,1.01E-39,5.11E-39
Nuggc,3.882597288,1.25E-39,6.28E-39
Pbk,5.750505004,5.87E-249,3.54E-247
Synb,0.945347788,0.004933361,0.007378399
Loxl2,-4.99759444,3.00E-266,2.05E-264
Pdlim2,-0.496347152,2.27E-08,4.72E-08
Phyhip,3.216965352,1.65E-17,4.80E-17
Dok2,0.326860837,0.002135219,0.003296886
Rcbtb2,-0.703665583,1.19E-32,5.09E-32
Itm2b,-0.533274721,1.53E-25,5.50E-25
Nudt15,-0.821665506,2.38E-14,6.25E-14
Dnajc15,-1.048953033,9.61E-25,3.39E-24
Vwa8,-0.550659846,7.35E-14,1.90E-13
Diaph3,5.769654006,0,0
Esd,0.366489993,3.98E-09,8.55E-09
Rubcnl,0.77520143,3.53E-11,8.25E-11
Sugt1,0.295388057,4.54E-11,1.06E-10
Olfm4,7.269403911,3.36E-41,1.75E-40
RGD1306441,5.529966421,3.78E-30,1.53E-29
Mycbp2,-1.78497461,5.08E-118,8.97E-117
Slitrk6,-1.955089407,2.27E-10,5.15E-10
Cldn10,1.959543428,1.43E-11,3.40E-11
Ggact,0.74753769,4.05E-11,9.43E-11
Tmtc4,-0.478310047,7.97E-06,1.46E-05
Thoc3,1.333583552,2.05E-181,7.00E-180
Anxa11,0.360468347,1.80E-10,4.10E-10
Tmem254,-1.821635967,3.68E-83,4.06E-82
Slmap,-0.188920156,0.012359475,0.017790235
Appl1,-1.505617692,3.85E-58,2.81E-57
Arhgef3,0.358807645,9.92E-05,0.000169287
Selenok,0.291313736,0.003722828,0.005635869
Chdh,1.890438074,2.10E-06,3.97E-06
Rft1,-0.536757396,2.20E-21,7.10E-21
Gnl3,0.394853805,1.73E-17,5.02E-17
Nt5dc2,1.261509415,1.20E-58,8.82E-58
Tnnc1,3.821176498,6.61E-62,5.19E-61
Sema3g,-2.344294397,2.09E-60,1.60E-59
Mettl6,0.276827196,3.91E-08,8.05E-08
Ogdhl,-0.718385174,0.038729454,0.05288342
Wapl,1.213804153,1.31E-121,2.43E-120
LOC290595,3.448468317,5.68E-34,2.52E-33
Ghitm,-0.260085199,3.14E-05,5.54E-05
Sh2d4b,-0.45849403,0.001924794,0.002985222
RGD1311847,-0.937361161,6.68E-35,3.03E-34
Cyp4f18,4.430518269,1.75E-131,3.63E-130
Haus8,2.474102035,5.75E-155,1.51E-153
Ocel1,0.211645389,0.000213691,0.000356159
Ushbp1,-1.844684799,1.38E-31,5.78E-31
Babam1,0.546534454,2.05E-43,1.12E-42
Mrpl34,0.140284959,0.032423284,0.044685103
Gtpbp3,-0.813468678,1.04E-18,3.12E-18
Mvb12a,-1.019016807,1.72E-117,3.01E-116
Pgls,0.486876446,4.85E-10,1.08E-09
Colgalt1,-0.549546245,3.91E-22,1.29E-21
B3gnt3,-1.405323897,2.09E-05,3.73E-05
Fcho1,4.330413713,0,0
Map1s,0.153121923,0.003330006,0.005063731
Rpl18a,1.403200565,3.68E-134,7.80E-133
Ccdc124,0.305708951,5.28E-06,9.78E-06
Ifi30,0.2607772,0.012081342,0.017400896
Mpv17l2,0.100421742,0.043497179,0.058985174
Pde4c,-2.394021096,1.50E-24,5.24E-24
Lsm4,1.716177936,7.86E-201,3.23E-199
Pgpep1,-0.971214047,4.87E-25,1.73E-24
Isyna1,-1.023648619,9.41E-28,3.60E-27
Fkbp8,-0.092655367,0.029324147,0.040589789
Crlf1,-3.824811077,4.25E-34,1.89E-33
Klhl26,-2.147519279,3.37E-74,3.25E-73
Ddx49,-0.142076543,0.004227232,0.006365592
Mau2,0.316663818,4.67E-09,9.98E-09
Gatad2a,0.503496605,6.78E-50,4.24E-49
Tssk6,2.741858096,4.35E-86,4.98E-85
Atp13a1,0.607870807,1.28E-21,4.14E-21
Ints10,0.570642823,7.11E-42,3.76E-41
Nat3,-2.600711847,3.40E-31,1.41E-30
Tma16,0.231679567,0.004876947,0.007297906
Klhl2,-0.46981376,4.35E-12,1.05E-11
Hpf1,1.860635729,9.68E-236,5.31E-234
Neil3,3.730735506,3.10E-41,1.61E-40
Dctd,0.718055951,2.30E-14,6.05E-14
Ing2,0.548637442,5.48E-22,1.80E-21
Trappc11,-0.362136702,4.99E-33,2.17E-32
Irf2,0.36326239,5.04E-12,1.22E-11
Ccdc110,-1.37548344,0.007833883,0.011489643
Pdgfrl,-1.062069677,1.01E-15,2.77E-15
Vps37a,-0.108986061,0.023863734,0.033383049
Tusc3,-0.3682914,3.49E-05,6.13E-05
Cldn23,-2.282362023,3.59E-10,8.05E-10
Tnks,-0.860980644,1.01E-60,7.74E-60
Saraf,-0.886609739,3.46E-28,1.33E-27
Dctn6,0.515241002,4.36E-24,1.51E-23
Ubxn8,-1.528792242,2.77E-146,6.73E-145
Tex15,-1.775873208,0.005262365,0.00785003
Wrn,0.865014359,2.82E-41,1.47E-40
Tti2,0.457373734,5.84E-21,1.86E-20
Erlin2,-1.400378585,9.38E-154,2.44E-152
Ash2l,0.297155369,2.35E-19,7.20E-19
Nsd3,0.709449134,7.85E-45,4.43E-44
Tm2d2,-0.574607687,2.61E-11,6.13E-11
Adam9,-1.769617264,5.99E-86,6.85E-85
Gins4,1.932235366,8.25E-130,1.68E-128
Gpat4,-0.630370977,4.16E-50,2.61E-49
Mrps31,0.278380092,2.40E-07,4.75E-07
Usp4,0.16069012,1.81E-05,3.24E-05
Qars1,0.760772338,4.39E-132,9.12E-131
Cdc16,0.828343196,1.93E-69,1.72E-68
LOC290876,2.281966684,8.36E-10,1.85E-09
Tmem255b,-2.964694971,9.60E-36,4.43E-35
Adprhl1,3.820612078,9.97E-11,2.29E-10
Col4a1,-4.529386399,1.48E-228,7.62E-227
Lig4,2.148289206,2.75E-153,7.10E-152
Arglu1,0.322587727,1.72E-11,4.07E-11
Aga,-0.867139172,2.33E-79,2.43E-78
Med10,0.829913114,4.32E-34,1.92E-33
Fastkd3,-0.732457519,2.02E-42,1.08E-41
Mtrr,-0.593809719,1.27E-34,5.73E-34
Cntnap3,2.242721021,7.99E-05,0.000137151
Slc35d2,-0.896417993,1.50E-28,5.81E-28
Aopep,-0.729416943,4.34E-08,8.92E-08
Isca1,1.976473443,2.22E-120,4.06E-119
Lman2,0.113668908,0.004094541,0.006173006
Prelid1,0.48499159,3.52E-18,1.04E-17
Uimc1,-0.091540057,0.025397216,0.035426056
Faf2,-0.253069002,1.17E-07,2.35E-07
Cdhr2,-1.094332179,2.21E-08,4.59E-08
Gadd45g,-1.551832153,4.23E-16,1.18E-15
Diras2,1.950725993,1.19E-11,2.83E-11
Ogn,-2.440139806,3.67E-113,6.08E-112
Fam120a,0.225137066,1.71E-08,3.57E-08
Ptpdc1,-0.827621924,1.43E-10,3.27E-10
Id4,-0.704864722,2.93E-05,5.18E-05
Fam8a1,-1.217561669,9.15E-76,9.06E-75
Mcur1,-0.401600372,1.31E-06,2.51E-06
Nedd9,-0.235480323,0.01565964,0.022330801
Eef1e1,2.321499907,1.68E-160,4.67E-159
Snrnp48,-0.141094152,0.037562007,0.051377059
Ppp1r3g,-3.310865282,2.55E-23,8.66E-23
Eci2,-1.259546919,1.47E-74,1.43E-73
Eci3,-1.30112308,1.49E-27,5.68E-27
RGD1307537,-2.778507022,7.48E-23,2.52E-22
Prpf4b,0.653026586,2.05E-17,5.93E-17
Tubb2b,-0.445197194,0.005956438,0.008839047
Nqo2,-1.41473715,5.67E-71,5.20E-70
Serpinb6a,-1.326425788,6.49E-64,5.28E-63
Serpinb1a,4.386021564,1.72E-124,3.28E-123
Gmds,0.297479769,1.08E-05,1.96E-05
Irf4,1.013775966,3.28E-07,6.46E-07
Uqcrfs1,-0.264855269,0.001658426,0.002586614
E2f3,1.005519823,3.33E-73,3.16E-72
Nrsn1,2.282364698,0.00533784,0.007953485
Dcdc2,-3.931290805,1.57E-12,3.87E-12
Aldh5a1,-0.491148541,0.02154679,0.030282196
Gmnn,4.434462209,0,0
H1f1,7.504437931,2.00E-77,2.03E-76
Hist1h4m,4.286308315,6.15E-44,3.41E-43
Hist1h2bo,6.323107174,5.37E-139,1.20E-137
Hist1h2ail1,6.502396736,1.52E-154,3.97E-153
Zkscan4,-1.701370656,1.12E-53,7.49E-53
Nkapl,-2.813983532,1.59E-16,4.48E-16
Trim27,1.024090233,5.69E-123,1.07E-121
Gpr141,3.506036766,4.64E-37,2.21E-36
Epdr1,2.258962423,2.96E-38,1.45E-37
Stard3nl,-0.329347332,1.92E-09,4.17E-09
Mrpl32,0.140869761,0.012889475,0.018517979
Mkx,1.128956316,0.000393499,0.000643591
Mki67,6.931185964,0,0
Actn2,3.795093718,1.24E-21,4.03E-21
Zmynd11,-0.524254264,3.91E-48,2.37E-47
Fbh1,-0.153180903,0.003575934,0.005424037
Rbm17,0.995156258,3.64E-137,7.96E-136
Usp6nl,0.851733362,7.36E-44,4.08E-43
Ucma,-2.336321212,7.81E-05,0.000134145
Sephs1,0.18128691,1.67E-06,3.17E-06
Nmt2,-0.866725568,1.48E-21,4.81E-21
Mindy3,-0.50089261,2.19E-21,7.08E-21
Trdmt1,0.20799312,0.000303944,0.000500856
St8sia6,-1.244171532,8.88E-12,2.12E-11
Spag6,-1.239165763,3.14E-11,7.36E-11
RGD1566369,1.485052814,8.27E-35,3.74E-34
Enkur,0.757848625,0.002312657,0.003559526
Prtfdc1,-1.056478906,1.85E-16,5.19E-16
Etl4,-2.763671939,3.90E-46,2.26E-45
Ly86,1.330547331,1.28E-34,5.78E-34
Rttn,1.009597893,1.20E-46,7.03E-46
Cbln2,8.164486794,6.04E-162,1.70E-160
Cndp2,-1.172565591,8.30E-71,7.60E-70
Zadh2,-2.240619159,1.09E-136,2.38E-135
Zfp516,-0.907033689,1.17E-20,3.71E-20
Atp9b,-0.869596537,3.41E-60,2.59E-59
Ctdp1,0.58290719,1.02E-49,6.34E-49
Setbp1,-0.899219299,1.13E-07,2.27E-07
Dym,-0.187549116,0.005036605,0.00752464
Rpl17,1.142498228,7.31E-84,8.12E-83
Lipg,3.068967888,6.93E-49,4.26E-48
Mbd1,0.44665947,4.54E-16,1.26E-15
Cxxc1,1.066879887,9.85E-106,1.50E-104
Ska1,6.362751008,0,0
Prrc1,-0.931131657,5.91E-29,2.32E-28
Megf10,-0.541597067,0.017486723,0.024821381
Aldh7a1,-2.481295015,7.01E-57,4.99E-56
Ppic,-2.817425884,2.65E-140,6.03E-139
Srfbp1,0.433586944,9.03E-15,2.41E-14
Poli,0.917425468,2.20E-13,5.59E-13
Stard6,0.331648239,6.90E-05,0.000118997
Ccdc68,-1.464895202,0.00069568,0.001117743
Rnmt,0.237721547,2.41E-10,5.45E-10
Psmg2,0.240020222,1.49E-07,2.98E-07
Cep76,2.848498205,0,0
Cidea,-3.379676488,9.18E-116,1.58E-114
LOC291547,1.27081678,3.36E-06,6.27E-06
Oacyl,-3.176294503,9.03E-19,2.73E-18
Nedd4l,2.509032451,4.99E-156,1.33E-154
Atp8b1,-3.064266013,1.39E-188,5.14E-187
Nars1,0.93607732,7.94E-120,1.44E-118
Ppargc1b,-1.640141908,1.42E-29,5.67E-29
Tcof1,0.307474787,1.81E-06,3.42E-06
Chsy3,-0.35289012,0.045283224,0.061283573
Minar2,-3.553817977,8.87E-24,3.05E-23
Slc27a6,-1.723125354,3.54E-16,9.86E-16
Trim36,-1.657385256,4.61E-22,1.52E-21
Dcp2,0.259567686,0.032743012,0.045111036
Myot,4.065670624,2.93E-05,5.18E-05
Ndfip1,-1.529254598,1.29E-78,1.34E-77
Spry4,-3.514462944,2.87E-156,7.65E-155
Kctd16,-1.73619863,5.15E-05,8.96E-05
Lars1,0.315579736,2.04E-10,4.62E-10
Pcdhga7,-3.474245999,3.25E-37,1.55E-36
Pcdhga5,-3.168176733,9.80E-30,3.92E-29
Pcdhb14,-2.707985368,1.51E-52,9.88E-52
Pcdhb11,-2.426244755,6.99E-31,2.88E-30
Pcdhb10,-1.824805772,7.11E-13,1.77E-12
Pcdhb7,-1.721679793,1.62E-12,3.97E-12
Pcdhb6,-1.351697401,1.17E-07,2.36E-07
Pcdhb5,-2.129029086,3.69E-20,1.15E-19
Pcdhb4,-2.323467341,4.26E-17,1.22E-16
Pcdhb3,-2.092531767,4.15E-25,1.48E-24
Ik,0.628551334,1.07E-92,1.34E-91
Ndufa2,-0.383592564,0.000251383,0.000416821
Tmco6,-0.3715956,1.95E-09,4.24E-09
Hspa9,-1.219876926,1.26E-109,2.00E-108
Sil1,-1.633516886,9.67E-148,2.38E-146
Mzb1,4.460484102,3.28E-57,2.35E-56
Spata24,-1.61116755,1.10E-31,4.62E-31
Dnajc18,-0.489906699,3.80E-10,8.52E-10
Srp19,1.39500902,1.04E-167,3.12E-166
Cdc23,-0.497615096,9.07E-24,3.11E-23
Brd8,1.035487551,1.75E-68,1.53E-67
Ercc3,0.284615927,2.10E-14,5.53E-14
Iws1,0.401740644,9.60E-22,3.13E-21
Slc25a46,0.232367462,1.85E-10,4.20E-10
Slc39a6,0.697296082,3.06E-07,6.03E-07
Rprd1a,-0.175200553,0.002760528,0.004226875
Ino80c,0.542854653,3.00E-35,1.37E-34
Dsg3,5.63324657,2.93E-102,4.23E-101
Dsg1,2.475203526,1.67E-06,3.17E-06
Dsc2,-1.506290501,3.60E-10,8.08E-10
Kctd1,-0.918819276,3.05E-16,8.51E-16
Taf4b,-1.161802477,2.43E-49,1.50E-48
Rmc1,0.204457036,0.026570437,0.036966695
Rbbp8,1.118368727,1.51E-91,1.87E-90
Abhd3,-2.747500432,3.37E-47,2.00E-46
Snrpd1,1.645602942,8.59E-181,2.90E-179
Usp14,-0.577536041,5.85E-21,1.86E-20
Thoc1,0.333577385,4.78E-09,1.02E-08
RGD1561771,-2.176739692,0.001444096,0.002262585
Cmtm3,-0.189637383,0.023564346,0.032987057
Car7,-1.76125972,0.009590734,0.013943989
Tk2,1.546165093,7.00E-67,5.97E-66
Slc38a7,-1.595306432,5.80E-69,5.12E-68
Cnot1,0.497797435,2.00E-16,5.63E-16
Setd6,-0.341249349,1.28E-09,2.81E-09
Ccdc113,1.441446265,0.000253247,0.00041977
Mmp15,-2.995488928,1.71E-24,6.00E-24
Zfp319,-1.174566679,2.69E-40,1.38E-39
Tepp,-1.398566361,9.16E-20,2.84E-19
Katnb1,0.537357187,2.52E-45,1.44E-44
Adgrg3,5.135200946,6.39E-131,1.31E-129
Nlrc5,0.887563684,1.11E-15,3.05E-15
LOC291863,-5.702883485,2.41E-100,3.40E-99
Nup93,1.649207958,9.42E-158,2.56E-156
Nudt21,0.856142109,2.02E-134,4.29E-133
Mcm5,5.097635129,0,0
Fto,-0.630150158,2.34E-20,7.36E-20
Aktip,-1.446709886,2.28E-56,1.61E-55
Tox3,-2.764441686,1.81E-21,5.84E-21
Nod2,1.213001724,7.13E-21,2.27E-20
Cnep1r1,-0.28743895,4.89E-10,1.09E-09
N4bp1,-0.248266663,1.20E-08,2.53E-08
Lonp2,-1.639913447,3.05E-124,5.81E-123
RGD1308706,0.779577655,1.80E-53,1.20E-52
Orc6,3.156393957,1.85E-304,1.62E-302
Olr1666,-2.608055984,8.07E-09,1.71E-08
Hhip,1.618003489,0.001192498,0.001879935
Mmaa,-0.48481015,6.68E-09,1.42E-08
Slc10a7,0.144996072,0.014527274,0.020786172
Tmem184c,-0.948908269,1.93E-23,6.58E-23
Prmt9,0.527290663,1.91E-22,6.33E-22
Pgrmc1,-1.413278879,3.54E-37,1.69E-36
Ces2g,-5.481683797,3.10E-171,9.56E-170
Ces4a,-3.470825442,2.17E-43,1.19E-42
B3gnt9,-0.909883856,1.43E-32,6.16E-32
Hsf4,-1.618638322,2.71E-14,7.11E-14
Exoc3l1,0.794392216,4.96E-12,1.20E-11
Tmem208,0.541131639,6.18E-17,1.77E-16
Kctd19,-1.182810772,1.61E-06,3.06E-06
Tppp3,-2.729389533,1.09E-18,3.29E-18
Zdhhc1,-1.950241793,9.86E-29,3.84E-28
Ripor1,-0.519624143,4.67E-09,1.00E-08
Enkd1,3.077811695,1.02E-205,4.38E-204
Dus2,1.549261208,5.90E-67,5.04E-66
Nutf2,0.581199185,5.43E-31,2.24E-30
Psmb10,0.658353383,3.52E-28,1.35E-27
Dpep2,3.27181355,3.46E-187,1.26E-185
Utp4,-0.196663297,0.00022532,0.000374781
Cog8,0.205671432,0.000653991,0.001052992
Tmed6,1.922788558,1.19E-05,2.16E-05
Nob1,0.447905218,1.40E-11,3.33E-11
Wwp2,1.221567395,4.99E-88,5.85E-87
Dhx38,0.160691299,0.000114556,0.000194502
Hydin,-6.191772459,2.40E-126,4.69E-125
Sf3b3,0.870513938,2.95E-77,2.99E-76
Ddx19a,0.34640922,1.81E-10,4.12E-10
Aars1,0.115239286,0.034377433,0.047237436
Cfdp1,0.425139332,2.59E-16,7.26E-16
Wwox,-0.798060741,2.84E-12,6.92E-12
Cdyl2,-0.411376723,5.06E-14,1.32E-13
Cmip,-0.568447925,4.74E-23,1.60E-22
Gins2,3.105038492,0,0
Irf8,1.614809943,8.45E-48,5.08E-47
Banp,0.432238302,7.29E-09,1.55E-08
Zc3h18,0.433437867,3.24E-18,9.64E-18
Ctu2,0.565224748,1.30E-15,3.56E-15
Cdt1,5.479189499,0,0
Aprt,-0.237475244,5.57E-05,9.68E-05
Galns,0.444383396,2.19E-06,4.13E-06
Sult5a1,-2.756616795,3.41E-51,2.18E-50
Spata33,-0.703005198,0.000184142,0.000308422
Tcf25,-1.029173942,3.35E-145,8.02E-144
Nup133,1.046215527,2.42E-81,2.58E-80
Urb2,0.267593836,2.98E-05,5.26E-05
Galnt2,-0.131925338,0.002079381,0.003213352
Ttc13,-0.125199789,0.003772948,0.00570853
Pgbd5,1.12376784,0.004683407,0.007022856
Sprtn,0.125476804,0.023646518,0.033094834
Tectb,-5.009938193,1.37E-35,6.28E-35
Dclre1a,1.088228122,7.72E-69,6.81E-68
Tdrd1,-3.107058817,4.41E-20,1.38E-19
Afap1l2,-0.593310381,6.66E-05,0.000114976
Eno4,-2.817760973,1.08E-53,7.22E-53
Shtn1,-0.525712246,0.003093298,0.004713232
Eif3a,0.638561815,4.75E-38,2.31E-37
Hs2st1,-1.567209158,3.27E-186,1.18E-184
Mcoln2,1.863809604,9.48E-19,2.86E-18
LOC292178,-1.646241747,0.002538505,0.003897609
Rnf217,-0.325939038,0.034338665,0.047188548
Kiaa0408L,-0.929763864,0.006875438,0.010139729
Trip13,4.103808905,0,0
Tmem242,-1.022610085,3.84E-52,2.50E-51
Mrpl18,1.147981052,3.68E-171,1.13E-169
Fbxo5,4.866895979,0,0
Myct1,-1.799634968,3.60E-34,1.61E-33
Ccdc170,-2.699652076,1.55E-32,6.66E-32
Rmnd1,-0.450474119,1.34E-16,3.80E-16
RGD1564920,1.810495557,5.12E-05,8.91E-05
Tbxt,1.28800785,6.53E-05,0.000112826
Sft2d1,0.722259718,1.49E-37,7.16E-37
Rnaset2,0.427445528,1.93E-06,3.65E-06
Gpr31,2.543453167,1.75E-13,4.46E-13
Ttll2,-2.231948267,0.000432838,0.000705631
Olr387,3.363999091,1.64E-06,3.12E-06
B3gnt6,-1.020029687,9.85E-10,2.17E-09
Eola2,-0.369259714,5.30E-08,1.08E-07
Smoc2,-3.755073159,2.45E-53,1.63E-52
Thbs2,-6.112037589,1.12E-82,1.22E-81
Fpr1,10.32322638,1.30E-121,2.41E-120
Fpr3,0.945097618,0.000145204,0.000244813
Lrp11,-2.754445113,6.28E-88,7.36E-87
Katna1,1.379668953,7.72E-124,1.46E-122
Adgb,2.493565976,7.82E-26,2.84E-25
Stx11,3.862618048,1.15E-218,5.47E-217
Fuca2,-0.634392823,1.27E-09,2.79E-09
Aig1,-2.708197984,7.12E-180,2.37E-178
Vom2r26,2.85525839,0.000358345,0.000587817
Tsen34,-1.250212573,4.91E-75,4.81E-74
Leng1,-0.726020476,2.92E-31,1.21E-30
Prpf31,0.635234914,1.90E-35,8.71E-35
Oscar,3.897351439,7.06E-94,9.05E-93
Nlrp12,4.543356113,5.83E-32,2.46E-31
LOC292543,-2.578346226,5.55E-05,9.64E-05
Zfp418,-0.816606735,7.72E-19,2.33E-18
Zfp444,0.144252986,0.008838791,0.012894462
Fiz1,0.455598654,3.56E-22,1.18E-21
Ube2s,2.737781021,0,0
Lilrb4,1.879225165,1.02E-26,3.78E-26
Ttyh1,0.647258856,0.00955734,0.013898852
Zfp606,-0.417765443,3.66E-07,7.19E-07
Nop53,0.624086117,5.11E-27,1.91E-26
Vta1,0.620070507,1.68E-112,2.76E-111
Tmem160,0.495962989,1.35E-12,3.32E-12
Slc1a5,-2.100168776,5.47E-86,6.25E-85
Prkd2,0.419811321,2.11E-11,4.98E-11
Mill1,-4.763798242,7.11E-29,2.78E-28
Ercc1,-0.609046772,2.91E-20,9.10E-20
Ccdc61,0.212392901,0.00487132,0.007290943
Nova2,-2.509613899,9.10E-55,6.23E-54
Sympk,-0.106003134,0.009174084,0.013361861
Fbxo46,1.240783936,1.62E-111,2.65E-110
Qpctl,0.115298681,0.044297079,0.060009377
Ppm1n,1.452018422,3.01E-30,1.22E-29
Clptm1,-0.541963085,2.58E-29,1.02E-28
Tescl,-2.387128445,1.00E-09,2.21E-09
Irgq,-1.091488983,4.53E-46,2.63E-45
Ethe1,0.919080728,1.83E-19,5.62E-19
Erfl,-1.708667449,1.03E-08,2.18E-08
Erf,-1.149042193,6.47E-47,3.82E-46
Ccdc97,0.45286169,1.44E-23,4.91E-23
Cyp2b21,-2.622520628,2.68E-05,4.76E-05
Snrpa,1.546893311,3.16E-126,6.15E-125
Numbl,-2.288027563,1.60E-25,5.77E-25
Ltbp4,-3.75507872,9.49E-81,1.01E-79
Shkbp1,1.128106105,2.40E-57,1.73E-56
Blvrb,2.405884198,2.14E-219,1.03E-217
RGD1307554,1.152535091,6.67E-25,2.36E-24
Fcgbpl1,-4.851054188,9.72E-127,1.91E-125
Fbl,1.294893049,1.74E-111,2.83E-110
Plekhg2,-1.338428108,7.56E-35,3.42E-34
Med29,-0.140595756,0.010242189,0.01485026
Pak4,1.183781529,1.00E-36,4.73E-36
Fbxo17,1.644234249,4.45E-05,7.78E-05
Mrps12,0.817406111,9.51E-38,4.60E-37
Sars2,0.443919537,1.29E-06,2.46E-06
Rinl,1.948345745,5.13E-32,2.17E-31
Eif3k,0.146949367,0.000926989,0.001474808
Map4k1,2.072955435,4.04E-88,4.75E-87
Fam98c,0.721827648,3.64E-14,9.51E-14
Ggn,-0.567531717,2.50E-05,4.43E-05
Psmd8,-0.305032561,1.80E-10,4.08E-10
Catsperg,-1.44559613,1.02E-27,3.89E-27
Yif1b,-0.415083479,6.59E-12,1.59E-11
Spint2,-0.515162438,5.98E-07,1.16E-06
Sipa1l3,-1.143867843,7.62E-25,2.70E-24
Polr2i,0.840169889,5.13E-51,3.27E-50
Alkbh6,-0.585347959,4.47E-10,9.99E-10
Syne4,-0.513334214,0.011738537,0.016924454
Lin37,0.331462712,4.12E-09,8.83E-09
Psenen,0.401327918,8.77E-25,3.09E-24
Sbsn,-4.160855627,3.37E-134,7.16E-133
Ffar2,1.632941804,2.31E-25,8.27E-25
Gpi,0.470131395,7.28E-07,1.41E-06
Pepd,-0.810558219,8.01E-18,2.35E-17
Wdr88,-1.600017703,0.000200319,0.000334532
Gpatch1,-0.514202688,7.51E-31,3.09E-30
Cep89,1.079815796,2.10E-58,1.54E-57
Pdcd5,0.253272423,0.000187815,0.000314325
Zfp536,-1.004584187,0.028614244,0.039659114
Pop4,0.647705723,1.82E-69,1.63E-68
Siglec5,0.539256163,3.00E-06,5.62E-06
Siglec10,-0.782164286,5.50E-06,1.02E-05
Etfb,-0.968190792,1.07E-30,4.37E-30
Siglec8,3.064048925,2.70E-44,1.51E-43
Ctu1,-0.486463325,3.65E-20,1.14E-19
Klk1c3,-5.911988578,2.71E-73,2.56E-72
RGD1309036,-0.610355619,0.030735587,0.042456068
Josd2,0.905100239,7.90E-32,3.33E-31
Emc10,-0.461928524,1.04E-20,3.30E-20
Mybpc2,3.115329722,7.92E-07,1.53E-06
RGD1563905,0.93517508,4.22E-05,7.38E-05
Zfp473,-2.190590007,1.28E-24,4.50E-24
Tbc1d17,0.421047337,6.20E-05,0.000107334
Akt1s1,-0.843259862,1.38E-20,4.36E-20
Ptov1,-0.189565138,0.018388977,0.026037115
Med25,0.668484638,1.19E-18,3.59E-18
Tsks,-2.464103175,3.96E-29,1.56E-28
Irf3,-0.331525148,1.58E-05,2.85E-05
Nosip,0.683345133,5.33E-13,1.33E-12
Pih1d1,1.84418285,3.85E-141,8.83E-140
Slc6a16,1.55735007,6.47E-13,1.61E-12
Hrc,3.432689452,6.03E-09,1.28E-08
Ruvbl2,0.848223047,1.86E-51,1.19E-50
Rasip1,-1.520974712,1.09E-23,3.73E-23
Sult2b1,-1.059818936,0.000931638,0.001481965
Syngr4,-0.475520691,0.009837991,0.014292939
Otog,3.186364722,3.47E-06,6.48E-06
Tsg101,0.192744553,2.58E-06,4.84E-06
Htatip2,0.924436965,1.89E-38,9.30E-38
Arfgef3,-1.17065051,0.016246336,0.023132868
Perp,-0.541219203,0.045779169,0.061912271
Rpl36a,1.082394406,5.95E-56,4.17E-55
Mkrn3,-0.730470022,3.78E-08,7.79E-08
Tjp1,-2.831544266,4.35E-91,5.32E-90
Adamts17,-1.506740846,1.26E-05,2.28E-05
Map7,-0.782622183,6.98E-07,1.35E-06
Bclaf1,0.22880698,3.05E-08,6.32E-08
Arrdc4,-0.533839217,7.83E-06,1.43E-05
Klhl25,1.901894654,2.74E-85,3.10E-84
Sema4b,1.160554731,2.92E-41,1.52E-40
Zfp710,0.317757503,5.66E-06,1.05E-05
Kif7,-0.975935544,6.06E-34,2.69E-33
Rhcg,-2.622261414,1.12E-05,2.03E-05
Rlbp1,3.196143307,4.28E-07,8.39E-07
Abhd2,-0.342991525,0.029338912,0.040602628
Isg20,1.974823515,2.47E-89,2.94E-88
Cpeb1,-2.490904948,8.63E-45,4.87E-44
Whamm,-1.991979426,8.84E-231,4.67E-229
Ramac,1.430336124,9.27E-130,1.88E-128
Btbd1,-0.999233808,4.45E-46,2.58E-45
Zfand6,1.082944123,1.35E-77,1.38E-76
Tmem135,-1.812800999,5.97E-177,1.94E-175
Eed,0.810610735,7.09E-109,1.12E-107
Ccdc89,-2.670330105,3.11E-09,6.71E-09
Tmem126a,-0.653891335,1.44E-08,3.03E-08
Tmem126b,-0.623616311,5.36E-24,1.86E-23
Prcp,-0.587995155,8.11E-23,2.72E-22
Nars2,-0.710867195,1.86E-23,6.34E-23
Alg8,0.463336544,3.45E-08,7.12E-08
Ndufc2,-0.342951308,3.29E-06,6.15E-06
Lrrc32,-1.677531448,4.83E-39,2.40E-38
Olr35,-2.524433087,4.82E-50,3.02E-49
Spcs2,0.481405756,8.87E-17,2.52E-16
Pold3,1.744958165,3.95E-207,1.72E-205
C2cd3,1.43038871,1.13E-77,1.16E-76
Art2b,2.741759757,5.36E-27,2.01E-26
Folr2,-1.658953269,1.49E-20,4.71E-20
Anapc15,1.482325916,2.51E-174,7.92E-173
Lrrc51,-1.417910779,1.26E-34,5.69E-34
Sox6,1.915127702,3.27E-98,4.46E-97
Insc,-1.70545277,6.41E-07,1.24E-06
Far1,1.382797743,2.72E-96,3.61E-95
Micalcl,1.87936084,3.48E-21,1.12E-20
Galnt18,-2.856568565,6.39E-64,5.20E-63
Lyve1,-2.03446034,1.68E-18,5.04E-18
Bcl2l1-ps1,3.697937705,7.12E-39,3.52E-38
Olr128,3.464416777,6.04E-06,1.11E-05
Hbe1,6.637589387,2.91E-81,3.11E-80
Trim6,-2.657067199,1.89E-46,1.11E-45
Olr155,1.561215904,0.032181876,0.044368936
Fam160a2,-0.226590967,1.92E-06,3.63E-06
Arfip2,-1.161674457,4.47E-54,3.01E-53
Taf10,0.660983246,1.87E-35,8.58E-35
Hbs1l,0.850230671,5.94E-45,3.36E-44
Tmem9b,-0.230889523,6.50E-07,1.26E-06
Rpl27a,0.962069772,4.05E-91,4.96E-90
Nlrp10,1.539858167,6.25E-08,1.27E-07
Eif3f,0.405566863,1.33E-10,3.03E-10
Abca16,-5.277953942,8.47E-170,2.58E-168
Uqcrc2,-0.690643278,3.90E-20,1.22E-19
Hs3st2,1.433040147,6.09E-06,1.12E-05
Palb2,1.777857744,4.75E-70,4.28E-69
Ndufab1,-0.295441041,0.006454665,0.009541061
Gga2,0.939582712,7.17E-51,4.56E-50
Cog7,-0.315381202,4.24E-13,1.06E-12
Xpo6,0.266614152,4.62E-07,9.03E-07
Eif3c,0.322354897,3.41E-14,8.91E-14
Cln3,0.806628043,3.82E-25,1.36E-24
Slx1b,-0.919274556,4.18E-46,2.43E-45
Ypel3,0.512848449,1.30E-11,3.08E-11
Tlcd3b,-3.109753861,2.73E-50,1.72E-49
Kctd13,-0.292867978,0.002865829,0.004381081
Asphd1,1.248353595,0.033105769,0.045578977
Pagr1,-0.237498256,6.39E-05,0.000110507
Kif22,5.601939142,0,0
Qprt,-0.475671327,0.021370236,0.030044056
Cd2bp2,0.742138104,4.90E-41,2.54E-40
Septin1,2.583036623,2.56E-84,2.86E-83
Prkacb,0.296850639,2.11E-08,4.39E-08
Bcl7c,0.552150904,2.14E-18,6.40E-18
Ctf2,-2.089190745,1.48E-09,3.23E-09
Ahsp,11.81712441,0,0
Bag3,-1.195173183,1.30E-08,2.74E-08
Ate1,0.232737848,3.99E-08,8.22E-08
Nsmce4a,0.853323454,3.62E-51,2.32E-50
Hmx2,2.545948005,0.040258949,0.054820065
Gprc5b,-3.755685209,7.15E-58,5.19E-57
Arl6ip1,1.344896546,5.24E-68,4.55E-67
Rnf152,0.610545932,3.34E-05,5.88E-05
Cpxm2,-3.989402647,1.51E-27,5.73E-27
Abraxas2,0.706086965,3.68E-65,3.06E-64
Mmp21,2.469298318,2.05E-06,3.88E-06
Zfp511,-0.21938471,0.00040798,0.000666539
Scart1,-3.416577655,5.71E-23,1.93E-22
Olr302,-3.290961021,1.91E-08,3.99E-08
RGD1309350,3.811616627,7.77E-65,6.42E-64
Ric8a,-0.232542757,2.01E-11,4.75E-11
Sirt3,-0.318319427,0.003645123,0.005523604
Ifitm5,-0.577718111,7.98E-05,0.000137151
Ifitm1,1.032579075,1.96E-19,6.01E-19
Pkp3,-1.831539043,4.61E-10,1.03E-09
Ptdss2,-0.256360247,0.000285592,0.00047143
Hras,0.480319031,7.64E-06,1.40E-05
Rassf7,1.854791422,1.97E-29,7.81E-29
Irf7,1.811502531,9.08E-39,4.49E-38
Pidd1,2.422044158,4.39E-171,1.35E-169
Tspan4,-1.346431047,5.09E-74,4.90E-73
Chid1,0.331539111,5.93E-14,1.54E-13
Brsk2,0.700354591,0.008495225,0.012410999
Ifitm10,-1.783500321,9.72E-19,2.93E-18
Tmem171,2.794945187,1.17E-07,2.35E-07
Phlda2,-1.206101948,0.000130006,0.000219864
Cars,0.656099534,1.11E-37,5.38E-37
Ppfia1,-0.341718189,8.98E-11,2.06E-10
Mrgprd,-2.597952588,6.19E-06,1.14E-05
Lrp5,-2.204296954,4.65E-218,2.21E-216
Tcirg1,0.287038714,0.001323304,0.002078836
Acy3,-1.006032068,1.08E-44,6.12E-44
Ndufv1,-0.720573321,2.78E-20,8.71E-20
Rhod,-0.442776115,0.008195726,0.011994181
Zdhhc24,-0.7474166,5.27E-10,1.17E-09
mrpl11,0.364684025,3.21E-10,7.23E-10
B4gat1,-1.435365236,2.54E-53,1.69E-52
Cd248,-5.503831763,4.84E-120,8.79E-119
Sf3b2,0.527281217,4.67E-75,4.58E-74
Eif1ad,0.744106802,9.51E-64,7.73E-63
Ctsw,0.288270707,0.041844069,0.056863341
Efemp2,-1.705610117,4.54E-47,2.69E-46
Mus81,0.173153914,0.001845613,0.002866625
Scyl1,-0.619780911,3.03E-43,1.65E-42
Slc22a20,-1.496991563,6.98E-05,0.000120333
RGD1560544,0.807612429,3.89E-06,7.25E-06
Sac3d1,0.304616302,9.20E-06,1.68E-05
Snx15,1.559614957,1.02E-78,1.06E-77
Ehd1,-0.925382667,5.87E-60,4.44E-59
Cdc42bpg,-1.16288303,2.26E-26,8.33E-26
Map4k2,0.888718276,4.24E-13,1.06E-12
Ccdc88b,2.372719983,1.61E-100,2.27E-99
Trmt112,0.20242309,0.000148374,0.000250042
Esrra,-0.301343026,5.22E-05,9.08E-05
Trpt1,-0.715933499,2.05E-05,3.65E-05
Otub1,-0.175066757,0.000629794,0.001015081
Lgals12,-3.694738404,6.37E-91,7.77E-90
Plaat5,-4.059298295,1.63E-95,2.13E-94
Ubxn1,0.575542323,1.92E-25,6.88E-25
Ganab,-0.748199852,3.95E-60,3.00E-59
B3gat3,0.186994412,0.001774622,0.002760854
Eef1g,0.572492942,5.93E-22,1.95E-21
Incenp,4.825595242,0,0
Myrf,-3.043927541,3.69E-37,1.76E-36
Ccdc86,-0.310917398,0.0001576,0.000265062
LOC293740,1.952465507,1.59E-15,4.34E-15
Ms4a12,-3.331566819,1.06E-26,3.94E-26
Ms4a14,-1.785657043,1.42E-15,3.88E-15
Ms4a7,0.367711269,0.038884399,0.053080291
Ms4a4c,1.358752374,3.23E-08,6.69E-08
Ms4a6bl,1.286326445,1.73E-20,5.46E-20
Ms4a6b,1.391480459,5.85E-10,1.30E-09
Ms4a3,12.88420324,2.20E-272,1.55E-270
Mrpl16,-0.723952738,4.70E-20,1.47E-19
Olr326,2.674051106,0.000686826,0.001103997
Dtx4,-1.428209096,5.67E-62,4.45E-61
Lpxn,0.375497956,4.45E-06,8.26E-06
Psat1,-2.541412223,1.39E-192,5.32E-191
Prune2,-0.370602715,0.005253024,0.007836492
Mphosph10,0.335405805,3.72E-18,1.10E-17
Mcee,-1.608878808,2.52E-62,2.00E-61
Haus7,0.680607601,4.20E-25,1.49E-24
Dusp9,-2.547831918,6.37E-11,1.47E-10
Zfp275,-0.664580655,2.06E-21,6.66E-21
Bcap31,-1.690980806,1.49E-143,3.50E-142
Srpk3,4.067644813,4.66E-34,2.07E-33
Pdzd4,4.11046333,1.30E-149,3.26E-148
Flna,-0.314750779,0.049072684,0.066172856
Fam50a,-0.148945166,0.00027631,0.000456796
Ubl4a,0.239678118,3.24E-05,5.71E-05
Carnmt1,0.765043249,8.20E-10,1.81E-09
Trpm6,1.578437392,2.32E-08,4.82E-08
Cdc37l1,-0.645320016,1.19E-26,4.40E-26
Plgrkt,-1.234377545,5.93E-46,3.43E-45
Mlana,3.155641954,1.02E-05,1.85E-05
Dkk1,3.182617607,0.002903821,0.00443641
Prrg3,-2.546888604,2.95E-21,9.48E-21
Pkd2l1,-5.160303167,6.46E-76,6.41E-75
Bloc1s2,0.877201147,9.91E-53,6.51E-52
Arhgap18,-0.293306037,4.43E-05,7.74E-05
Hoga1,-2.879523872,4.40E-49,2.71E-48
Morn4,-2.289975636,5.11E-54,3.44E-53
R3hcc1l,0.192235844,0.000467133,0.000759907
Zfand5,1.039999082,4.00E-39,1.99E-38
Smc5,0.442181909,6.29E-21,2.00E-20
Wnt8b,-3.585452489,1.63E-17,4.74E-17
Pax2,-3.416615352,1.36E-13,3.49E-13
Pdzd7,1.100341191,4.85E-07,9.48E-07
Kazald1,-1.156068327,9.92E-20,3.07E-19
Dpcd,-0.514074339,9.18E-08,1.86E-07
Pprc1,0.401261747,3.35E-12,8.14E-12
Cuedc2,1.505078978,1.11E-221,5.48E-220
Sfxn2,-1.223191756,1.45E-16,4.10E-16
Borcs7,-0.631567769,1.00E-21,3.26E-21
Taf5,1.776189438,1.05E-147,2.58E-146
Calhm2,-1.54835092,7.24E-52,4.69E-51
Stn1,-1.058516145,5.08E-74,4.90E-73
Sfr1,-0.284344121,1.42E-06,2.70E-06
Sorcs3,-5.245863686,8.04E-35,3.64E-34
Pik3ap1,0.55682784,5.17E-08,1.06E-07
Dntt,5.060459322,2.33E-174,7.36E-173
Cc2d2b,3.430265261,4.58E-13,1.15E-12
Kcnv2,-5.614554369,5.49E-27,2.05E-26
RGD1308750,0.56201052,1.05E-10,2.41E-10
Hells,3.874625419,3.28E-233,1.77E-231
Slc35g1,-1.373558085,6.66E-08,1.36E-07
Cep55,3.246792975,3.18E-94,4.10E-93
Ffar4,-3.522930671,3.39E-110,5.43E-109
Marchf5,0.285192671,2.15E-07,4.28E-07
Pank1,0.828606693,1.79E-05,3.20E-05
Ifit1bl,5.830644722,0,0
Ankrd22,7.326230157,6.35E-54,4.27E-53
Papss2,-3.244312664,7.43E-99,1.02E-97
Moxd1,3.819984841,1.47E-19,4.53E-19
Taar4,-3.522688297,2.75E-21,8.83E-21
Clic2,-0.502478001,0.000191457,0.000320221
Ilrun,-0.357415415,2.29E-05,4.08E-05
Ppp1r11,-0.34058594,1.75E-13,4.46E-13
Trim31,8.365691233,8.85E-117,1.54E-115
Trim10,8.4189727,0,0
RT1-M1-4,-2.23968053,2.95E-05,5.22E-05
RT1-S3,1.154490736,5.05E-33,2.19E-32
Mrps18b,-0.278260913,0.001636058,0.00255442
RGD1302996,0.460019426,1.03E-07,2.08E-07
Dhx16,0.261841964,2.90E-11,6.81E-11
Ier3,1.108595402,8.07E-17,2.30E-16
Gtf2h4,0.497709925,1.61E-11,3.81E-11
Ddah2,-2.401306111,4.42E-76,4.41E-75
Ly6g6c,1.902442587,3.73E-29,1.47E-28
Prrc2a,-0.245990015,3.33E-10,7.50E-10
Ncr3,3.018270331,5.38E-61,4.16E-60
Msh5,1.506247017,6.60E-14,1.71E-13
Cfb,-3.651908471,5.06E-29,1.99E-28
Nelfe,0.344522314,5.14E-16,1.43E-15
Skiv2l,-0.205390429,1.95E-07,3.88E-07
Btn3a2,-3.109691722,3.84E-14,1.00E-13
RT1-Db1,-0.341833681,0.017869767,0.025338343
RT1-DMb,0.870163519,3.78E-11,8.81E-11
RT1-DMa,0.617508576,1.35E-06,2.57E-06
Brd2,0.284417016,2.93E-22,9.68E-22
Col11a2,1.425804191,2.88E-12,7.00E-12
Slc39a7,-0.294850123,9.92E-13,2.46E-12
Rps18,1.241016504,2.50E-92,3.12E-91
Kifc1,5.616894575,0,0
Cuta,-0.230180802,0.000662618,0.001066475
Zbtb9,-0.406613725,7.72E-11,1.78E-10
Smim29,0.565470429,6.10E-18,1.80E-17
Nudt3,0.269282645,3.19E-06,5.97E-06
Scube3,-2.466871972,5.88E-24,2.03E-23
Tead3,-2.653967777,1.32E-42,7.10E-42
Kctd20,0.474994598,1.39E-26,5.15E-26
RGD735065,-0.230161,5.03E-06,9.32E-06
Pi16,-3.613741526,1.31E-92,1.65E-91
Mtch1,-0.873396532,1.53E-31,6.38E-31
Btbd9,-0.470097396,1.71E-13,4.37E-13
Glo1,0.432108742,2.52E-07,4.99E-07
Slc37a1,1.970175385,7.35E-85,8.26E-84
Pknox1,0.211943593,8.25E-05,0.000141474
Agpat3,-2.477772851,5.54E-134,1.17E-132
Gatd3a,-1.394661504,5.84E-51,3.72E-50
Aire,3.009217007,1.90E-06,3.59E-06
Trpm2,3.660359769,5.82E-108,9.10E-107
Ube2g2,0.651529063,3.22E-21,1.03E-20
Susd2,-3.63518229,4.23E-54,2.85E-53
Pcbp3,-0.421254126,0.000274113,0.000453316
Col6a1,-4.13854666,0,0
Mcm3ap,-0.480135497,7.75E-20,2.40E-19
Slc5a4,1.617949355,0.000938036,0.0014915
Zfp280b,0.401427184,0.001913502,0.002968487
Cisd1,-0.548432123,0.000373906,0.000612528
Reep3,-0.54361079,3.87E-15,1.05E-14
Lrrtm3,-1.620347978,0.007449768,0.010946901
Supv3l1,-0.384874948,4.60E-19,1.40E-18
Zup1,1.447887121,3.76E-103,5.53E-102
Kpna5,1.546713822,8.73E-70,7.83E-69
Nus1,-1.080857345,1.17E-125,2.26E-124
Asf1a,1.407370481,2.27E-183,7.94E-182
Man1a1,-1.622494806,7.48E-66,6.28E-65
Serinc1,-1.242770497,1.03E-49,6.42E-49
Smpdl3a,-0.842229598,8.96E-30,3.59E-29
Ranbp2,0.155104863,0.007015004,0.010338342
Calhm5,-5.271628138,1.48E-119,2.66E-118
Rpf2,0.787959439,3.34E-54,2.26E-53
Nt5dc1,0.279487447,1.73E-07,3.44E-07
Fam241b,-1.842733381,3.03E-60,2.30E-59
Nodal,-1.754888837,0.003446386,0.005233978
Ppa1,-0.475882277,2.25E-13,5.72E-13
Pald1,-0.780585255,8.72E-07,1.68E-06
Dnajb12,0.647381639,3.11E-26,1.14E-25
Foxo3,2.44688412,6.16E-166,1.81E-164
Sesn1,0.256669306,0.000443929,0.000723154
Cep57l1,1.210268618,4.57E-104,6.78E-103
Mical1,1.348484288,4.36E-53,2.88E-52
Ak9,2.421670851,0.000501995,0.000813959
Sh3rf3,-2.751275205,3.17E-29,1.25E-28
Oit3,-1.557198083,2.06E-05,3.68E-05
Mcu,-0.492964898,3.76E-13,9.47E-13
Pou5f1,4.149711209,1.78E-57,1.28E-56
Fam13c,-1.851148462,5.19E-21,1.66E-20
Wasf1,-1.792320539,6.97E-09,1.48E-08
Ttc37,-0.563011501,2.38E-30,9.66E-30
Slf1,1.134669924,2.03E-80,2.15E-79
RGD1560883,-1.357490072,4.71E-45,2.67E-44
Fam172a,0.890222646,1.13E-46,6.67E-46
Lhfpl2,-1.342203191,1.52E-36,7.14E-36
S100z,3.086728247,1.54E-15,4.23E-15
Poc5,0.507368939,5.36E-14,1.39E-13
Gfm2,-0.420282287,1.47E-10,3.36E-10
Hexb,-0.40685355,0.000633157,0.00102039
Enc1,-2.984432493,1.00E-49,6.24E-49
Btf3,0.688143373,2.43E-40,1.24E-39
Bdp1,0.682593616,7.25E-09,1.54E-08
Naip5,1.120074176,1.67E-09,3.64E-09
Gtf2h2,0.492865017,4.88E-31,2.02E-30
Mrps36,-0.507600513,1.66E-08,3.48E-08
Slc30a5,-0.67405566,4.14E-28,1.59E-27
Cd180,1.365366392,4.25E-21,1.36E-20
Sgtb,-1.056829706,2.81E-08,5.83E-08
Ppwd1,0.653795673,2.40E-31,1.00E-30
Cenpk,4.699006511,0,0
Rgs7bp,-3.38981583,1.78E-19,5.48E-19
Dimt1,0.282361208,3.01E-06,5.63E-06
Gpbp1,1.087439041,7.59E-172,2.35E-170
Gpx8,-2.111859695,1.12E-153,2.90E-152
Cspg4b,-1.932800575,1.45E-17,4.22E-17
Mocs2,-1.402088062,1.11E-56,7.85E-56
Pelo,-0.292699317,9.23E-11,2.12E-10
Parp8,0.401037732,0.000654383,0.001053565
Mrps30,-0.19892136,0.000129886,0.000219675
Card6,0.565086157,1.02E-11,2.43E-11
Ttc33,-0.145326838,0.034945346,0.047982136
Wdr70,0.137033825,0.004168177,0.006279542
Nipbl,0.335915607,1.62E-07,3.23E-07
Skp2,3.686499476,0,0
Capsl,1.323868664,0.030889523,0.042650781
Il7r,1.105970198,9.05E-15,2.41E-14
Brix1,0.739102292,9.87E-77,9.93E-76
Rad1,1.285748632,2.75E-114,4.60E-113
Rai14,0.381271142,0.017880392,0.025352194
C1qtnf3,-2.043615403,1.06E-05,1.93E-05
Rxfp3,1.728284022,0.001481951,0.002319807
Adamts12,-4.522075619,1.73E-283,1.30E-281
Tars1,0.204021601,9.50E-07,1.83E-06
Zfp622,0.303184371,7.30E-11,1.68E-10
Krt18,-2.381056584,4.75E-06,8.81E-06
Dnah5,-5.5807575,1.01E-84,1.13E-83
Marchf6,0.213436816,0.000217843,0.000362794
Cct5,0.655829813,9.51E-49,5.83E-48
Tpd52,0.497083998,1.16E-09,2.54E-09
Sec62,0.380875772,3.65E-13,9.18E-13
Tnik,1.590569967,1.36E-25,4.91E-25
Mecom,-3.338852718,3.03E-64,2.48E-63
Fndc3b,-2.068846015,2.63E-163,7.48E-162
Nceh1,2.189444839,3.86E-45,2.20E-44
Armc1,0.631637705,2.57E-36,1.20E-35
Kcnmb2,-0.669160412,0.044168028,0.059842773
Gnb4,0.377496892,3.16E-10,7.11E-10
Mrpl47,0.236094284,0.001946863,0.003017551
Mccc1,-1.178629263,2.49E-43,1.36E-42
Acad9,-0.307861015,3.29E-11,7.69E-11
Exosc9,1.595624145,6.86E-182,2.36E-180
RGD1307100,-0.659954126,5.93E-15,1.59E-14
Adad1,-1.889929768,8.13E-06,1.49E-05
LOC294985,-1.393562031,0.00469248,0.007035437
Ankrd50,-1.358191908,5.54E-49,3.41E-48
Pabpc4l,-4.4553193,2.48E-23,8.44E-23
Pcdh18,-2.925117432,7.02E-69,6.19E-68
Mgst2,0.721843987,3.14E-06,5.88E-06
Exosc8,0.898378831,1.08E-56,7.64E-56
Alg5,-0.924780837,3.96E-37,1.89E-36
Tm4sf1,-2.035160319,3.38E-34,1.51E-33
Wwtr1,-1.930954007,1.62E-30,6.61E-30
RGD1559622,5.303173228,1.30E-20,4.10E-20
Gmps,0.477527447,1.84E-31,7.67E-31
Vom2r45,-1.835396718,0.004530248,0.006804918
Ift80,1.614041948,1.76E-104,2.62E-103
Smc4,2.814845958,4.02E-244,2.33E-242
Etfdh,-1.455090685,2.05E-73,1.94E-72
Rxfp1,0.970702318,0.020892854,0.029399457
Mnd1,3.031289236,1.48E-291,1.18E-289
Fhdc1,4.331421646,7.82E-216,3.63E-214
Sh3d19,-2.248457689,3.68E-41,1.91E-40
LOC295194,1.04085273,0.000263202,0.000435808
S100a5,-3.265333023,3.57E-19,1.09E-18
S100a13,-0.733552336,1.91E-10,4.35E-10
S100a1,-2.780146935,8.45E-44,4.67E-43
Snapin,-0.824380156,2.22E-57,1.60E-56
Slc27a3,-1.971702809,3.71E-91,4.54E-90
mrpl24,-0.847840942,8.65E-67,7.36E-66
Naxe,-0.799871336,9.71E-26,3.51E-25
Cct3,0.222959898,2.16E-06,4.07E-06
Glmp,-0.782177767,1.43E-34,6.45E-34
Msto1,-0.853549723,1.07E-34,4.84E-34
Dap3,0.485471091,7.83E-17,2.23E-16
Mtx1,-0.478209989,1.13E-32,4.87E-32
Krtcap2,-0.842750533,1.26E-40,6.47E-40
Slc50a1,-0.77157561,1.04E-47,6.26E-47
Dcst1,-2.114111888,2.68E-28,1.03E-27
Dcst2,-1.152475412,3.93E-05,6.89E-05
Zbtb7b,-1.024759043,7.46E-40,3.77E-39
Pygo2,0.426044887,2.28E-07,4.53E-07
Tmod4,4.247421468,5.11E-21,1.63E-20
Gabpb2,1.330772202,1.95E-112,3.21E-111
Mllt11,1.672627644,5.63E-12,1.36E-11
Sf3b4,0.536371357,3.47E-19,1.06E-18
Hist2h2be,0.950510728,3.20E-26,1.18E-25
Hist2h4,4.897706316,5.21E-92,6.49E-91
Fcgr1a,2.005210388,1.99E-54,1.35E-53
Ankrd34a,-1.61824151,2.15E-09,4.66E-09
Rbm8a,1.00072695,1.19E-85,1.35E-84
Pear1,-1.344695635,1.08E-45,6.19E-45
Etv3,-0.941012667,1.16E-103,1.71E-102
Acp6,-0.905387495,1.38E-29,5.50E-29
Zfp697,-2.440472363,1.23E-47,7.37E-47
Tbx15,4.372826146,9.32E-20,2.89E-19
Man1a2,-0.211304939,0.000864178,0.001378807
Vtcn1,-1.466975822,0.00203746,0.003151039
Trim45,0.473612702,0.005641031,0.00838961
Ttf2,1.380410548,3.61E-74,3.48E-73
Mab21l3,-1.389898575,0.033741299,0.046417232
Dennd2c,1.597727496,3.08E-28,1.19E-27
Bcas2,3.664344908,0,0
Bcl2l15,3.302076734,2.42E-41,1.26E-40
Ptpn22,2.130316154,4.46E-45,2.54E-44
Ppm1j,0.983016586,0.006611887,0.009765535
Rhoc,-1.268628238,4.81E-22,1.58E-21
St7l,-1.009858054,3.76E-32,1.59E-31
Rap1a,0.149799408,0.011092288,0.016028636
Lamtor5,0.23284044,1.42E-07,2.85E-07
Eps8l3,-1.438864634,0.029154666,0.040374088
Gstm6l,-4.048749996,9.51E-16,2.62E-15
Amigo1,-1.207018511,1.36E-19,4.20E-19
Vav3,1.586258876,1.24E-40,6.39E-40
Ntng1,-1.140594475,1.54E-11,3.66E-11
Rtca,-0.73147272,6.20E-51,3.94E-50
Plppr4,-1.487784621,0.020650791,0.029082354
Slc44a3,-1.835264513,8.62E-23,2.89E-22
Usp53,-1.884050402,4.91E-65,4.07E-64
Myoz2,4.743291214,6.47E-08,1.32E-07
Mettl14,-0.318877917,4.77E-15,1.28E-14
Ndst3,1.888975772,3.12E-06,5.84E-06
Papss1,1.217839839,7.46E-36,3.45E-35
Dkk2,-5.411329215,2.44E-81,2.61E-80
Tbck,-0.361584842,2.73E-10,6.15E-10
Ints12,0.228806742,0.000120936,0.000205042
Arhgef38,-2.741550414,0.001930183,0.002993109
Slc39a8,-0.393645885,0.00018561,0.000310793
Bdh2,-1.210801799,2.74E-30,1.11E-29
Sec24b,-1.102127118,1.74E-176,5.61E-175
Emcn,-1.365559998,5.87E-25,2.08E-24
Trmt10a,0.819102996,2.34E-45,1.34E-44
Adh6a,2.808765828,4.32E-09,9.26E-09
Metap1,0.664225021,4.41E-43,2.39E-42
Clnk,-0.814653325,0.000205567,0.000343045
Erich3,3.452320084,6.12E-49,3.76E-48
Depdc1,7.541942805,0,0
Msh4,2.206155826,3.36E-11,7.85E-11
Pigk,-0.60126209,3.01E-38,1.47E-37
Dnajb4,-0.755451476,5.98E-29,2.35E-28
Hltf,1.027265424,4.14E-54,2.80E-53
Clcn6,-0.743107814,4.28E-17,1.23E-16
Rnd3,-1.635568325,7.42E-40,3.75E-39
Orc4,-0.240683678,2.71E-06,5.09E-06
Rif1,1.323466559,2.21E-78,2.27E-77
Prpf40a,0.714326806,2.46E-37,1.18E-36
Pkp4,-1.502270053,5.42E-28,2.08E-27
Cd302,-1.618357364,4.56E-70,4.11E-69
Pla2r1,-1.179412626,5.91E-33,2.56E-32
Arhgap15,2.611701617,1.11E-83,1.23E-82
Gca,1.741857314,7.61E-33,3.29E-32
Fign,-2.994063983,4.03E-54,2.72E-53
Ttc21b,-1.462540667,6.12E-25,2.17E-24
RGD1564400,0.319574716,0.012683044,0.01823203
Spc25,6.34558432,0,0
Phospho2,-0.130109395,0.022217635,0.031179096
Cybrd1,-2.551895562,2.69E-42,1.44E-41
Fkbp7,-2.325533905,4.25E-176,1.36E-174
Plekha3,0.237808886,0.001077219,0.001704742
Sestd1,-2.327787024,1.14E-92,1.43E-91
Ube2e3,0.884301292,2.36E-72,2.20E-71
Dnajc10,-1.243457654,3.97E-129,7.99E-128
Frzb,-6.278747611,5.86E-144,1.38E-142
Nup35,1.314204503,1.14E-226,5.82E-225
Tmx2,-0.540349769,4.67E-15,1.26E-14
Serping1,-2.152546414,7.28E-59,5.39E-58
Ube2l6,1.539710233,9.69E-54,6.51E-53
Prg3,11.58643653,8.73E-251,5.38E-249
Tnks1bp1,-2.378981165,3.90E-235,2.14E-233
Mtch2,-0.422351941,5.26E-11,1.22E-10
Slc39a13,-2.09014873,1.33E-138,2.98E-137
Mybpc3,1.683344621,9.68E-08,1.96E-07
RGD1309540,-0.220375962,0.013650947,0.019564461
Chst1,-0.358377483,0.013390296,0.019209511
Iftap,-0.726598434,2.65E-16,7.42E-16
Rag2,9.686879022,5.11E-159,1.40E-157
Commd9,-0.39965646,1.79E-12,4.39E-12
Apip,-1.107084999,2.06E-57,1.48E-56
Depdc7,-0.422796656,0.038431797,0.052510913
Eif3m,0.542350939,6.73E-24,2.32E-23
Mettl15,0.817542886,1.69E-17,4.91E-17
Lpcat4,-0.98869356,3.67E-19,1.12E-18
Emc4,-0.853874655,1.98E-52,1.30E-51
Emc7,-0.790309757,4.12E-31,1.70E-30
Arhgap11a,3.52294084,0,0
Spred1,-0.712846567,6.87E-25,2.43E-24
Fsip1,2.434249729,5.67E-44,3.15E-43
Srp14,-0.686753393,1.19E-31,4.98E-31
Ino80,-0.128188416,0.002194661,0.003385662
Ndufaf1,-0.700962456,2.02E-23,6.88E-23
Sptbn5,1.050864147,1.01E-14,2.68E-14
Lcmt2,0.334276465,1.67E-08,3.49E-08
Tp53bp1,-1.084246586,8.46E-44,4.67E-43
Ell3,2.131962842,5.72E-63,4.59E-62
Secisbp2l,-1.298269131,2.93E-119,5.24E-118
Fam227b,0.89574912,7.91E-11,1.82E-10
Dtwd1,-0.85559253,7.92E-32,3.34E-31
Usp8,-0.341510524,5.48E-13,1.37E-12
Snrnp200,-0.184080176,0.006644392,0.009811215
Stard7,-0.09512586,0.023588968,0.033017412
Gpat2,0.581552483,0.011927623,0.017192048
Fahd2a,-1.310975918,1.76E-55,1.22E-54
Mrps5,0.158807614,0.00263027,0.004032436
Nphp1,-1.185282532,4.00E-26,1.46E-25
Bub1,4.410939848,0,0
Acoxl,1.568438368,3.02E-06,5.66E-06
Fbln7,1.77440184,2.79E-12,6.80E-12
Sirpb3,2.750977862,7.73E-09,1.64E-08
Cpxm1,-3.007249973,1.49E-111,2.43E-110
Pced1a,-0.634763635,7.78E-26,2.82E-25
Vps16,0.674728327,2.34E-41,1.22E-40
Ubox5,-0.292757667,3.61E-06,6.73E-06
Ddrgk1,-1.406280434,1.42E-97,1.92E-96
Pank2,0.076862368,0.030744329,0.042466161
Mcm8,1.70034042,2.16E-100,3.05E-99
Tmx4,0.442444947,8.04E-09,1.71E-08
Ankef1,-3.935205517,1.13E-59,8.45E-59
Ndufaf5,0.236146748,0.003054613,0.004655967
Dstnl1,0.517430863,1.76E-06,3.34E-06
Snx5,0.809321402,8.21E-62,6.43E-61
Mgme1,1.289047416,2.58E-97,3.47E-96
Ralgapa2,-1.195195205,1.33E-25,4.81E-25
Nxt1,3.082964687,8.69E-256,5.55E-254
RGD1565143,-2.022896191,6.91E-34,3.06E-33
Cst7,2.491204477,3.01E-53,1.99E-52
Acss1,0.483345671,5.65E-09,1.20E-08
Snph,-1.33830992,0.001468852,0.002300519
Angpt4,-4.092788431,8.39E-62,6.57E-61
Srxn1,0.567840046,4.73E-12,1.14E-11
Tcf15,0.406546113,0.002201576,0.003395445
Pdrg1,-0.547995083,4.90E-11,1.14E-10
Tm9sf4,-0.792733157,2.11E-56,1.49E-55
Plagl2,1.923803596,3.92E-198,1.56E-196
Cbfa2t2,-0.248298551,1.88E-09,4.09E-09
Zfp341,0.424881778,4.35E-11,1.01E-10
Raly,0.156980212,0.007043523,0.010377271
Eif2s2,0.741030709,8.30E-52,5.37E-51
Edem2,0.157470196,0.020857473,0.029352463
Ergic3,-0.447035244,2.14E-16,6.00E-16
Aar2,-0.284756185,1.27E-16,3.58E-16
Myl9,-0.489153677,0.009413352,0.013697535
Ctnnbl1,0.165923623,0.000473159,0.000769245
Bpi,5.172685052,6.56E-33,2.84E-32
Arhgap40,-1.571782081,0.021504945,0.030225992
Mybl2,7.291481007,0,0
Oser1,0.595774489,2.96E-66,2.50E-65
Ttpal,1.187518415,2.49E-44,1.40E-43
Serinc3,-1.404170976,2.34E-242,1.35E-240
Pabpc1l,-1.360192797,0.001588779,0.002482566
Matn4,-3.15107772,1.01E-26,3.74E-26
Pigt,-0.700954437,7.08E-38,3.44E-37
Ube2c,6.977439796,0,0
Tnnc2,4.871172892,6.05E-13,1.51E-12
Ctsa,-0.226085041,0.00956687,0.013911343
Pltp,-1.454630592,1.16E-21,3.76E-21
Ncoa5,0.615327951,7.64E-30,3.06E-29
Zmynd8,1.015113511,1.33E-58,9.75E-58
Arfgef2,-0.683384472,1.53E-43,8.41E-43
Znfx1,-0.712931093,5.32E-27,1.99E-26
Ube2v1,1.00762806,3.60E-52,2.35E-51
Dpm1,-0.621629132,4.92E-37,2.34E-36
Kcng1,-2.96579449,1.09E-08,2.31E-08
Zfp93,-1.016155432,0.000911622,0.001451453
Fam210b,3.016086089,1.56E-183,5.46E-182
Cass4,1.550252993,1.07E-18,3.22E-18
Rtfdc1,0.358300619,2.07E-49,1.28E-48
Fam209,2.853618549,2.72E-07,5.39E-07
Itgav,-1.202680043,1.12E-39,5.63E-39
Osbpl2,-0.200674168,0.002470571,0.003796456
Mtg2,-0.137985264,0.008476785,0.012385283
Gid8,1.775608126,7.38E-215,3.38E-213
Ythdf1,0.342517377,1.01E-43,5.56E-43
Birc7,-1.438326892,0.027115929,0.037690173
Nkain4,-5.095836969,6.04E-33,2.62E-32
Ppdpf,0.244083476,0.001680945,0.002620216
Srms,-2.117624161,9.28E-20,2.87E-19
Helz2,-0.823949168,4.04E-10,9.04E-10
Zgpat,-0.575989897,7.43E-31,3.05E-30
Tpd52l2,0.183808834,1.03E-05,1.87E-05
Lkaaear1,-1.999726217,1.29E-06,2.46E-06
Hat1,2.649033177,0,0
Alx4,-1.248198083,3.71E-07,7.29E-07
Spopl,-0.697151585,4.34E-46,2.52E-45
C8g,-0.980543215,7.53E-11,1.74E-10
Tubb4b,1.668701929,9.44E-121,1.73E-119
Anapc2,-0.448512835,3.94E-39,1.96E-38
Uap1l1,-1.000351398,9.21E-42,4.86E-41
Npdc1,-2.435296296,7.88E-41,4.07E-40
Fut7,2.390234107,1.86E-41,9.73E-41
Paxx,-0.198765431,0.029599375,0.040947763
Clic3,-5.030189085,8.46E-42,4.47E-41
Edf1,-0.104893313,0.041970241,0.057026942
Phpt1,-0.172614017,0.044765406,0.060607741
Glt6d1,2.2341319,0.001240055,0.001952307
Camsap1,0.743707981,3.74E-26,1.37E-25
Nacc2,-2.029029248,3.56E-102,5.13E-101
Dnlz,-0.549344393,1.83E-09,3.98E-09
Rpl7a,0.719018985,1.50E-40,7.72E-40
Cacfd1,-0.308223066,2.89E-05,5.11E-05
Slc2a6,1.561764581,1.22E-23,4.18E-23
Mymk,4.976622934,3.75E-20,1.17E-19
Vav2,0.354615304,9.07E-06,1.65E-05
Spaca9,-2.469423879,5.48E-10,1.22E-09
Med27,0.223326779,2.94E-06,5.50E-06
Cercam,-2.057430707,8.03E-47,4.74E-46
Pkn3,-0.84656572,7.39E-11,1.71E-10
Phyhd1,-1.240132769,1.15E-43,6.31E-43
Miga2,-1.895041461,3.62E-126,7.04E-125
Dolpp1,-0.46977129,1.67E-12,4.10E-12
Asb6,1.531268685,1.61E-177,5.23E-176
Plpp7,1.122266108,0.00091056,0.001449916
Prrc2b,-0.976960436,3.45E-48,2.09E-47
Ciz1,-0.704148262,6.40E-36,2.97E-35
Rpl12-ps1,2.033981706,1.41E-55,9.80E-55
Mapkap1,0.173734592,4.51E-07,8.83E-07
Rabepk,0.160176502,0.024089459,0.033679704
Psmd5,1.722993321,3.69E-165,1.08E-163
Gsn,-5.274851852,0,0
Stom,-0.641387358,1.01E-12,2.49E-12
Ndufa8,0.456614091,2.66E-13,6.74E-13
Lhx2,3.246450154,3.92E-19,1.20E-18
Rpl35,0.874777123,5.85E-46,3.39E-45
Arpc5l,0.919163585,5.50E-18,1.62E-17
Nub1,-0.194734428,3.46E-05,6.08E-05
Smarcd3,-0.874762522,0.004382623,0.006591537
Chpf2,-1.067861412,4.78E-48,2.89E-47
Fastk,-0.599865737,1.40E-18,4.20E-18
Rint1,-0.121413358,0.002574739,0.003951193
Pus7,-0.471345588,1.06E-16,3.02E-16
Srpk2,0.332565902,8.11E-09,1.72E-08
Napepld,0.821193418,2.86E-32,1.22E-31
Armc10,-0.555183665,3.09E-43,1.68E-42
Tmem60,0.361949468,2.96E-10,6.68E-10
Phtf2,-0.522521471,4.38E-05,7.65E-05
Sema3c,-4.200937071,5.34E-51,3.41E-50
Sema3e,-4.918265549,1.85E-60,1.41E-59
Slc25a40,0.304591306,0.003409269,0.005180002
Rbm48,0.672687458,1.05E-25,3.78E-25
Hepacam2,0.929981974,0.000691674,0.001111608
Pdk3,2.494993328,9.93E-175,3.15E-173
Pon2,-0.750461009,1.88E-41,9.84E-41
Las1l,0.127057874,0.004313315,0.006489605
Gpr165,-2.229675368,1.74E-06,3.30E-06
Eda2r,-1.779016084,1.25E-05,2.26E-05
Rpa3,2.526478037,0,0
Glcci1,-0.73913266,5.09E-20,1.58E-19
ST7,1.007018103,1.41E-56,9.99E-56
Lsm8,0.864002916,2.47E-35,1.13E-34
Lmod2,4.684373572,0.000102602,0.000174869
Iqub,-0.722132514,0.006346769,0.009390488
Fscn3,2.964067619,3.00E-96,3.97E-95
Kcp,1.956043045,1.88E-49,1.16E-48
Tnpo3,-0.849118089,5.55E-64,4.52E-63
Ube2h,0.690732278,3.35E-18,9.96E-18
Zc3hc1,0.841745446,8.48E-52,5.48E-51
Cpa2,-2.676505323,7.45E-26,2.71E-25
Chchd3,0.590023324,1.09E-13,2.80E-13
Lrguk,-0.784060157,3.42E-06,6.39E-06
Slc35b4,-0.477375434,2.17E-10,4.91E-10
Akr1b10,1.191279897,3.32E-16,9.26E-16
Bpgm,5.417004436,0,0
Atp6v0a4,-2.678513446,4.39E-13,1.10E-12
Clec2l,-2.539789332,8.99E-37,4.25E-36
Mkrn1,4.558171043,0,0
Kel,11.96212979,0,0
Gstk1,-1.277929961,2.36E-27,8.89E-27
Zfp282,-0.113431268,0.041687126,0.056657874
Zfp212,0.704149417,6.67E-33,2.89E-32
Rarres2,-3.774563319,7.40E-86,8.44E-85
Gimap6,-0.33445719,7.12E-05,0.000122807
Malsu1,-1.203626432,1.75E-24,6.14E-24
Cbx3,1.20761931,4.98E-156,1.32E-154
Snx10,1.709137842,4.81E-81,5.13E-80
Hoxa9,-1.274354488,8.77E-05,0.000150267
Mturn,-1.074272548,6.67E-14,1.73E-13
Gars,0.692692262,6.55E-56,4.59E-55
Fkbp9,-3.726547454,1.98E-189,7.38E-188
Mad2l1,3.582547403,0,0
Thnsl2,-2.145913904,9.67E-46,5.57E-45
Smyd1,2.988256592,1.46E-07,2.93E-07
Mrpl35,0.37310174,1.67E-07,3.34E-07
Usp39,0.859536416,1.57E-117,2.77E-116
Rnf181,-0.229624785,2.02E-06,3.82E-06
Capg,-0.321027473,0.034278084,0.047111863
Elmod3,-1.540085806,5.78E-73,5.46E-72
Ctnna2,1.457891881,0.004029733,0.006079018
Htra2,0.803078833,1.06E-51,6.85E-51
Ccdc142,-0.282769187,0.000492502,0.000799506
Wbp1,0.276822478,8.50E-07,1.64E-06
Rtkn,-2.236134964,8.28E-20,2.57E-19
Mob1a,0.883602679,7.44E-42,3.94E-41
Bola3,1.073916592,1.55E-40,7.95E-40
Dguok,-1.044967447,1.32E-108,2.07E-107
Tex261,-0.517427227,4.33E-47,2.57E-46
Nagk,-0.808119961,1.40E-50,8.84E-50
RGD1560795,2.730515129,9.83E-29,3.83E-28
Cct7,0.643155168,1.92E-93,2.45E-92
Alms1,0.7574928,2.07E-31,8.60E-31
Tprkb,-0.561008007,2.39E-33,1.04E-32
Fam136a,-0.632612426,2.70E-51,1.73E-50
Gfpt1,-0.566697806,1.79E-26,6.61E-26
Gkn2,-0.870375589,0.015026338,0.0214691
Copg1,-1.111118522,8.15E-105,1.22E-103
Abtb1,3.111879484,1.12E-223,5.61E-222
Podxl2,-1.53000136,3.02E-13,7.63E-13
Chchd6,-0.347920686,2.77E-05,4.91E-05
Txnrd3,-1.92723105,6.20E-56,4.35E-55
Hdac11,-1.945615668,1.29E-19,3.99E-19
Lsm3,1.43799666,7.39E-156,1.96E-154
Ccdc174,0.377575369,1.89E-12,4.63E-12
Eif4e3,-0.476608243,3.50E-09,7.54E-09
Shq1,1.141167919,1.16E-39,5.81E-39
Ppp4r2,0.170484216,1.78E-09,3.89E-09
Crbn,-0.113255445,0.013074645,0.018776713
Edem1,0.349203316,0.000108377,0.000184446
Nampt,-1.178514573,1.02E-24,3.61E-24
Setd5,-0.304057122,1.69E-11,3.99E-11
Arpc4,0.762727087,1.36E-46,7.97E-46
Il17rc,-2.322762729,3.24E-35,1.48E-34
Sec13,0.346448087,1.82E-13,4.64E-13
Vgll4,-0.991907331,1.51E-76,1.51E-75
Mkrn2,-0.635330863,4.38E-34,1.95E-33
Washc2c,-1.280369878,1.20E-132,2.51E-131
Csgalnact2,0.458065265,3.30E-09,7.11E-09
Rad52,0.71738387,4.05E-25,1.44E-24
Atp6v1e1,0.640386367,8.69E-30,3.48E-29
Pex26,-0.933444379,5.42E-61,4.18E-60
Dppa3,-2.073723795,6.49E-05,0.000112224
Clec4a2,2.89048486,7.23E-37,3.43E-36
Spsb2,-0.226614986,0.000234877,0.000390261
Usp5,-0.134238987,0.002190524,0.003379634
Cdca3,7.246760439,0,0
P3h3,-1.438793387,2.15E-54,1.46E-53
Lag3,0.855891961,4.60E-11,1.07E-10
Ing4,0.287056632,3.13E-10,7.05E-10
Mrpl51,0.324614109,5.09E-15,1.37E-14
Tapbpl,-0.737586335,4.49E-33,1.95E-32
Ltbr,-1.262553231,1.47E-159,4.07E-158
RGD1311164,0.152902267,0.001228093,0.001934092
Rhno1,1.64404126,9.93E-146,2.39E-144
Klra5,0.912597586,0.000899318,0.001432632
Dusp16,-1.534088157,3.54E-41,1.84E-40
Ddx47,0.629308813,3.69E-27,1.39E-26
Plbd1,2.099884395,3.12E-34,1.39E-33
Wbp11,0.978991645,5.79E-108,9.05E-107
Erp27,2.89348314,2.12E-28,8.18E-28
Strap,0.265037465,1.85E-10,4.20E-10
Aebp2,-0.343907031,1.81E-27,6.87E-27
Pyroxd1,-0.489270381,2.03E-26,7.48E-26
Cfap94,-0.664852531,2.01E-12,4.92E-12
Tm7sf3,0.803323455,1.05E-59,7.88E-59
Mrps35,0.207161916,0.026694698,0.037134337
Steap1,-1.520282976,1.05E-06,2.02E-06
Jph1,2.168589804,8.93E-09,1.89E-08
Rpl7,0.714490315,1.37E-34,6.15E-34
Sbspon,-3.463497724,1.10E-19,3.40E-19
Terf1,1.426988426,3.51E-99,4.87E-98
Lactb2,-0.552572936,9.40E-14,2.42E-13
Mybl1,1.203397478,4.68E-34,2.08E-33
Rrs1,0.762084961,1.53E-39,7.65E-39
Atp6v1h,0.097859119,0.039679662,0.054081042
Xkr4,-1.458604692,2.84E-09,6.13E-09
Sdr16c5,-1.076101986,0.044632346,0.06044419
Ca8,-0.890552705,2.14E-06,4.04E-06
Ndufaf6,0.977656217,1.50E-28,5.81E-28
Tp53inp1,0.675537932,1.48E-13,3.79E-13
Dsel,-2.697221427,3.88E-149,9.70E-148
Arid1a,0.581164737,2.10E-24,7.33E-24
Sytl1,0.778963727,6.46E-09,1.38E-08
Zfp362,-0.847824985,4.29E-41,2.23E-40
Bsdc1,2.572394776,1.86E-164,5.35E-163
Tssk3,1.536852566,7.44E-27,2.77E-26
Hdac1,1.639056831,1.21E-257,7.80E-256
RGD1562036,4.057376725,1.92E-13,4.90E-13
Pef1,-0.599742809,4.90E-57,3.50E-56
Gem,-3.232600433,2.53E-40,1.30E-39
Cibar1,1.019627051,6.04E-38,2.93E-37
Otud6b,0.154768231,0.003178462,0.004839258
Wwp1,0.417581405,1.72E-08,3.60E-08
Atp6v0d2,1.373881119,4.17E-06,7.75E-06
Pnisr,-0.312484748,0.00018589,0.000311244
Gpr63,-2.719307106,4.67E-34,2.08E-33
Fhl5,-5.600473251,1.84E-119,3.31E-118
Rragd,1.982471918,4.81E-19,1.46E-18
Ube2j1,0.328727645,1.07E-17,3.14E-17
Akirin2,0.456420731,4.42E-21,1.41E-20
Rars2,-0.772495872,2.72E-42,1.45E-41
Smim8,0.208846627,0.000751356,0.001204516
Ddx58,-1.724822231,2.20E-65,1.84E-64
Ndufb6,-0.616235714,6.39E-11,1.48E-10
Bag1,-0.28656915,2.10E-07,4.17E-07
Chmp5,-0.452993842,9.45E-22,3.08E-21
Nudt2,0.622060079,7.39E-24,2.55E-23
Rpp25l,0.497563102,5.31E-08,1.09E-07
Galt,-0.72100406,1.23E-17,3.58E-17
Ccl21,-5.426541738,9.34E-20,2.89E-19
Actl7a,-0.950962511,1.01E-05,1.83E-05
Abitram,-0.640606567,5.69E-11,1.32E-10
Ctnnal1,-0.411278192,0.000166276,0.000279209
Tmem245,-0.505917614,8.51E-07,1.64E-06
Akap2,-2.891631592,2.76E-212,1.23E-210
Susd1,0.536755754,1.10E-07,2.21E-07
Inip,1.809214983,1.15E-269,7.98E-268
Snx30,0.243696585,0.007284971,0.010716453
Slc46a2,-1.626968686,5.53E-08,1.13E-07
Plppr1,-1.799818122,0.000716956,0.001150865
Tex10,0.706882276,1.98E-27,7.49E-27
Erp44,-0.193962269,4.59E-05,8.01E-05
Sec61b,0.775804722,6.36E-40,3.22E-39
Col15a1,-6.336129628,5.17E-248,3.08E-246
Nans,0.888671702,3.12E-74,3.02E-73
Trmo,4.200487819,3.15E-302,2.71E-300
Xpa,-0.282578243,2.57E-05,4.57E-05
Ncbp1,1.103110957,6.63E-93,8.38E-92
RGD1305807,0.8819098,0.037207078,0.050917485
Aldh1b1,1.339516877,0.015403138,0.021981979
Trmt10b,-0.232983727,0.000494346,0.00080241
Zbtb5,0.474494854,3.76E-19,1.15E-18
Zcchc7,-0.197346535,0.010242684,0.01485026
Slc31a2,-1.826714115,1.07E-62,8.54E-62
Prpf4,0.912080509,1.71E-101,2.45E-100
Pole3,0.273041299,8.38E-08,1.70E-07
Col27a1,-1.806115878,2.00E-23,6.83E-23
Atp6v1g1,0.295258866,3.08E-10,6.93E-10
RGD1566134,2.049608318,0.036369471,0.049826546
Rasef,-2.082120083,0.000258262,0.00042782
LOC298139,4.823533138,0.000181336,0.000303843
Frmd3,-2.230283079,6.02E-10,1.34E-09
Tenm1,-1.78154026,6.00E-10,1.33E-09
Frem1,-3.088600046,6.31E-119,1.12E-117
Ttc39b,-0.960721022,9.64E-22,3.14E-21
Bnc2,-4.858388929,3.96E-76,3.95E-75
Plin2,-1.627923679,4.29E-99,5.94E-98
Fam214b,2.217162924,4.71E-98,6.40E-97
Mtap,-1.394897102,5.38E-167,1.60E-165
Mysm1,-0.490044085,5.94E-18,1.75E-17
Fggy,-1.558395178,5.82E-28,2.23E-27
Cachd1,-4.449721802,9.61E-231,5.06E-229
Slc35d1,1.664181681,3.66E-80,3.86E-79
Oma1,0.226670088,0.007943945,0.011644717
Ttc22,-1.926838629,3.08E-10,6.94E-10
Mroh7,-0.99396361,1.22E-11,2.92E-11
Lrrc42,0.217725233,6.74E-05,0.000116354
Yipf1,-0.749192131,8.68E-27,3.23E-26
Slc25a43,1.348021243,1.31E-10,2.99E-10
RGD1561445,-3.138558726,1.94E-15,5.28E-15
Lonrf3,0.814229944,6.58E-09,1.40E-08
Nkap,0.124469402,0.039085678,0.053337824
Osbpl9,-0.614376972,1.61E-78,1.66E-77
Txndc12,-1.033517314,1.92E-64,1.57E-63
Prpf38a,1.164908135,2.19E-124,4.17E-123
Gpx7,-3.295559039,1.53E-139,3.44E-138
Echdc2,-2.439690238,8.59E-39,4.25E-38
Czib,-1.017339425,2.29E-42,1.23E-41
Magoh,0.803793473,5.06E-57,3.61E-56
Olr836,-3.012465796,1.60E-23,5.45E-23
Gba2,-0.730910239,3.36E-14,8.79E-14
Creb3,-0.87070943,2.84E-69,2.53E-68
Arhgef39,5.167055594,5.97E-236,3.28E-234
Cmpk1,0.689538397,2.05E-33,8.99E-33
Nsun4,-0.687185648,1.02E-18,3.07E-18
Rad54l,3.408680143,1.57E-188,5.78E-187
Ipp,2.13420823,5.78E-237,3.21E-235
Nasp,2.851128791,0,0
Toe1,0.982349494,2.10E-71,1.93E-70
Atp6v0b,1.763384812,8.87E-71,8.12E-70
Dph2,0.340394311,6.50E-07,1.26E-06
Ermap,11.64611637,0,0
Cldn19,-1.007362934,0.009769224,0.014195822
Ppcs,-0.997153635,1.40E-22,4.68E-22
RGD1563049,-0.430847747,0.008126972,0.011900037
Kcnq4,-2.483260635,6.46E-17,1.85E-16
Smap2,1.917698323,0,0
Mfsd2a,1.222441209,0.003182458,0.004844594
Ppie,0.857649656,2.01E-28,7.77E-28
Pabpc4,2.722130971,3.83E-98,5.21E-97
Rhbdl2,4.567937906,7.85E-63,6.27E-62
Rragc,-0.874299395,6.68E-85,7.51E-84
Csf3r,5.208352287,1.73E-181,5.92E-180
Grik3,-2.932553553,4.20E-26,1.54E-25
Dnali1,-0.564150091,0.038539866,0.052646414
Epha10,4.038497958,4.99E-25,1.77E-24
Tekt2,2.484875666,5.11E-14,1.33E-13
Ago4,1.021907677,4.16E-28,1.60E-27
Clspn,5.559006511,0,0
Dhdds,-0.647774961,1.09E-33,4.81E-33
Crybg2,-3.088214001,9.51E-59,7.02E-58
Sh3bgrl3,1.392057906,1.69E-70,1.53E-69
Cnksr1,1.135138574,0.002377156,0.003656136
Zfp593,0.445158688,1.92E-10,4.37E-10
Mtfr1l,-0.239919281,0.011692824,0.016862655
Tmem50a,-0.424661317,7.05E-13,1.76E-12
Grhl3,-3.727905311,5.89E-27,2.20E-26
Pithd1,0.35277001,7.14E-08,1.45E-07
Zfp46,-1.20520624,1.12E-31,4.70E-31
C1qa,0.627142817,6.78E-05,0.000117094
Cela3b,-6.310658231,7.87E-67,6.70E-66
Mul1,-0.477217473,4.26E-15,1.15E-14
Ubxn10,-2.069747454,0.000664553,0.001069532
Pla2g2e,-2.257534132,5.77E-09,1.23E-08
Capzb,0.225671254,8.93E-06,1.63E-05
Mrto4,0.760154174,3.20E-62,2.52E-61
Klhdc7a,-5.761434004,1.75E-95,2.29E-94
Rcc2,2.287808229,0,0
Sdhb,-0.749119792,4.07E-17,1.17E-16
Necap2,0.857665755,2.38E-74,2.31E-73
Tmem82,-3.19016362,1.41E-24,4.93E-24
Slc25a34,-1.280912199,1.17E-05,2.12E-05
Efhd2,1.1848443,5.13E-59,3.81E-58
LOC298611,-0.504639871,0.000897512,0.001429833
Miip,1.341056106,2.78E-88,3.28E-87
Agtrap,0.306790011,0.006049915,0.008971462
Tardbp,1.144218617,3.75E-148,9.27E-147
Ube4b,-0.165559724,0.000422641,0.000689501
Nmnat1,-1.329891574,1.33E-47,7.99E-47
H6pd,-0.756867309,1.49E-24,5.24E-24
Ca6,-0.535250093,2.60E-07,5.15E-07
Rer1,-0.434928241,6.70E-18,1.97E-17
Morn1,-1.816437916,8.15E-36,3.77E-35
Ssu72,-0.459438991,2.10E-37,1.01E-36
Atad3a,-0.201095147,1.42E-05,2.56E-05
Vwa1,-2.869807445,4.45E-52,2.90E-51
Aurkaip1,0.147962814,6.92E-05,0.000119438
Ints11,-0.557901851,6.31E-42,3.34E-41
Ube2j2,0.729982463,2.55E-64,2.09E-63
Ttll10,-4.871399345,3.82E-22,1.26E-21
Isg15,0.586286816,1.13E-05,2.05E-05
Plekhn1,-1.51826421,8.84E-42,4.67E-41
Angptl6,0.88721658,5.51E-08,1.13E-07
Ppan,0.675170232,6.35E-36,2.95E-35
Eif3g,0.700108248,3.04E-55,2.10E-54
Icam4,8.109917479,0,0
Raver1,0.689436924,8.16E-62,6.39E-61
Gpalpp1,0.171100218,0.003359104,0.005106142
Crim1,-2.629995795,3.87E-240,2.19E-238
Ndufaf7,0.114969247,0.004480969,0.006734315
Atl2,0.826568388,5.22E-22,1.72E-21
Cox7a2l,0.118220935,0.007726482,0.011336518
Zfp36l2,0.163523112,0.02326885,0.032594018
Dync2li1,-1.971848169,3.19E-33,1.39E-32
Prepl,-1.536426577,3.14E-42,1.67E-41
Ttc27,0.869700233,5.13E-38,2.49E-37
Nlrc4,2.153742648,1.15E-39,5.76E-39
Slc30a6,-0.224381588,0.000926126,0.001473514
Memo1,2.287797769,6.22E-181,2.11E-179
Ypel5,2.513611391,3.45E-154,8.99E-153
Clip4,-1.779767438,5.55E-07,1.08E-06
Slc4a1ap,0.691508717,1.19E-07,2.39E-07
Snx17,-0.153738565,1.41E-06,2.70E-06
Atraid,-0.671097938,2.29E-25,8.23E-25
Emilin1,0.94038209,2.11E-09,4.58E-09
Mapre3,-0.895185112,0.00026237,0.000434478
Cenpa,4.976322391,0,0
Slc35f6,-0.556358053,8.74E-17,2.49E-16
Dnajc27,-1.339267611,2.52E-47,1.50E-46
Ptrhd1,1.474925416,9.52E-63,7.60E-62
Klhl29,-1.422257723,3.13E-08,6.47E-08
Slc7a15,-4.912029634,1.08E-134,2.32E-133
Pum2,0.850066656,1.08E-190,4.06E-189
Laptm4a,-1.985332561,4.92E-111,7.98E-110
Osr1,-4.277741692,2.09E-39,1.05E-38
Gen1,3.814266051,2.04E-248,1.22E-246
Cyria,-1.145091011,1.38E-24,4.85E-24
Mycn,0.569632569,0.03615713,0.049556291
Slc66a3,0.488795016,4.00E-06,7.45E-06
Itgb1bp1,-1.188540147,1.95E-178,6.41E-177
Cpsf3,-0.238957249,2.56E-09,5.54E-09
Iah1,-0.164568099,0.008358892,0.012220878
Adi1,-1.070518818,8.61E-23,2.89E-22
Sntg2,-2.626319916,7.97E-12,1.91E-11
Lamb1,-4.19594566,8.89E-165,2.57E-163
Dld,-1.203815766,2.95E-81,3.15E-80
Bcap29,0.660896503,7.12E-24,2.45E-23
Gpr22,-1.141288404,0.00688024,0.010146305
Pik3cg,2.319573466,1.84E-103,2.70E-102
Scin,0.670859837,6.94E-05,0.000119648
Zfp277,-0.478846249,8.45E-23,2.84E-22
Maea,-0.089445107,0.010727892,0.015521027
Nova1,-2.444319617,9.66E-103,1.41E-101
G2e3,2.635868545,5.44E-218,2.57E-216
Nubpl,-0.306965536,0.001025925,0.001626449
Arhgap5,-1.38975365,2.08E-31,8.66E-31
Npas3,-1.482487704,3.32E-13,8.38E-13
Eif2s3,0.251207614,0.001684445,0.002625256
Spin4,-1.955597542,5.44E-42,2.89E-41
RGD1565054,-1.497364592,1.74E-06,3.29E-06
Brms1l,-1.092005347,1.14E-28,4.43E-28
Trappc6b,-0.48342489,1.26E-22,4.22E-22
Klhl28,0.559398096,2.04E-13,5.18E-13
Fkbp3,0.732911064,4.28E-10,9.58E-10
Rpl10l,-1.414126664,4.62E-06,8.57E-06
Pole2,4.177865712,0,0
Klhdc2,0.613371342,5.27E-29,2.07E-28
Sav1,0.370239673,3.22E-13,8.12E-13
Nin,1.518441982,1.64E-35,7.54E-35
Jkamp,-1.224799915,4.35E-53,2.87E-52
Dhrs7l1,-3.653547935,1.06E-09,2.33E-09
Dhrs7,-2.446674799,5.47E-54,3.68E-53
Slc38a6,-0.831482653,1.14E-30,4.68E-30
Syt16,-1.298467602,0.005092666,0.007605322
Rhoj,-2.289483535,4.77E-33,2.07E-32
Tex21,1.093362787,0.008082977,0.011838547
Ppp1r36,-1.400214875,5.10E-16,1.42E-15
Churc1,0.525227151,5.54E-15,1.49E-14
Atp6v1d,0.340460044,4.61E-10,1.03E-09
Dpf3,4.436096165,6.30E-156,1.67E-154
Zfyve1,0.323237019,3.71E-08,7.65E-08
Ptgr2,-1.399047249,1.02E-75,1.01E-74
Coq6,0.271748345,2.10E-07,4.18E-07
Abcd4,-2.05818368,9.84E-107,1.51E-105
Arel1,0.56556579,1.75E-23,5.97E-23
Fcf1,0.600365435,1.17E-74,1.14E-73
Dlst,0.265410072,6.91E-05,0.000119294
Rps6kl1,-2.990278387,1.76E-46,1.03E-45
Acyp1,1.585289186,1.73E-181,5.93E-180
Nek9,-0.433810513,4.64E-22,1.53E-21
Batf,1.544230745,7.73E-39,3.83E-38
Erg28,0.171137463,0.033980194,0.046732837
Ift43,-1.358939149,3.74E-33,1.63E-32
Esrrb,-4.310337539,3.57E-40,1.82E-39
RGD1561148,-5.24298222,8.66E-43,4.67E-42
Flrt2,-3.019884108,6.53E-37,3.10E-36
Gpr65,1.956665519,1.24E-30,5.06E-30
Ttc8,-1.217784597,2.24E-12,5.47E-12
Kif4b,-2.896363458,5.01E-12,1.21E-11
Cpsf2,0.871973931,8.13E-90,9.77E-89
Moap1,-0.514792765,0.007339099,0.010792321
Asb2,0.772065091,0.022355026,0.031364464
Ifi27l2b,-0.305746819,0.02703595,0.037580771
Serpina6,2.46758519,0.004440326,0.006675269
Serpina16,-1.665842541,0.000915385,0.001457208
Dicer1,-0.208713489,2.33E-07,4.61E-07
Clmn,-4.357004355,2.71E-67,2.33E-66
Setd3,-0.298554685,1.34E-08,2.82E-08
Jade3,0.311381754,4.35E-05,7.60E-05
Ndufb11,0.494328908,8.86E-10,1.96E-09
Uxt,-0.61256287,7.37E-28,2.82E-27
Cfp,2.378251173,1.07E-98,1.48E-97
RGD1305298,-0.863309415,0.000331556,0.000545112
Exoc3l4,3.34520868,3.17E-143,7.40E-142
Tnfaip2,-0.931242496,6.27E-18,1.85E-17
Nudt14,-0.658807145,2.81E-21,9.01E-21
Brf1,-0.115375957,0.022772569,0.031916983
Syne3,-1.709243939,8.97E-62,7.01E-61
LOC299411,5.045898913,1.55E-26,5.74E-26
RGD1560842,3.105050155,0.003150262,0.004797805
LOC299440,6.305528494,2.88E-31,1.19E-30
LOC299458,3.160674463,1.30E-09,2.85E-09
LOC299469,4.027288306,2.28E-05,4.05E-05
Esyt2,-0.407643198,1.01E-06,1.95E-06
Zbtb39,-1.186880386,4.49E-45,2.55E-44
Rdh16,-0.947911172,0.002108762,0.003257564
Mterf3,0.774189079,8.97E-44,4.95E-43
Cyp4f39,-2.879836586,1.15E-81,1.24E-80
Pglyrp2,1.687657491,7.79E-10,1.72E-09
Olr1087,-2.524105613,9.67E-08,1.95E-07
Cdc34,1.375259124,6.58E-58,4.78E-57
Polrmt,-0.853242517,5.87E-24,2.03E-23
Elane,9.757048581,0,0
Tmem259,0.184852676,0.024014457,0.033581192
Abca7,2.007922369,3.86E-145,9.22E-144
Apc2,-3.520055289,5.66E-62,4.45E-61
RGD1359127,0.195655084,0.000497321,0.000806973
Mex3d,-1.330024045,2.73E-32,1.16E-31
Mknk2,-0.838876046,1.11E-26,4.13E-26
Sf3a2,0.950589966,1.29E-84,1.44E-83
Lmnb2,2.149851699,6.77E-149,1.68E-147
Gadd45b,0.465261289,4.69E-08,9.61E-08
Mrpl54,0.238681046,0.010280953,0.014901362
Tle2,-1.535843664,1.60E-19,4.94E-19
Sirt6,-0.450690167,4.28E-16,1.19E-15
Ankrd24,-1.125429922,2.52E-40,1.29E-39
Ndufa7,-0.443528756,1.18E-06,2.27E-06
Zfp414,0.73901154,1.22E-46,7.15E-46
Ascl4,0.68327377,0.006230601,0.009229688
Cry1,0.814779346,1.09E-20,3.45E-20
Nuak1,-1.848603047,1.08E-115,1.86E-114
Aldh1l2,-0.62888926,0.004202909,0.006330891
RGD1563365,0.862546788,1.73E-39,8.67E-39
Nup37,0.48552796,1.44E-29,5.72E-29
Washc3,-0.184723433,0.000823765,0.001316102
RGD1561102,-0.690330551,0.001127354,0.001781173
Ano4,-4.179053476,1.08E-13,2.77E-13
LOC299727,-4.167920345,1.00E-15,2.76E-15
Nedd1,1.179038189,1.40E-85,1.59E-84
Lta4h,2.109772429,4.55E-76,4.54E-75
Amdhd1,2.969377057,1.19E-08,2.51E-08
Ntn4,-1.324044139,8.68E-06,1.59E-05
Ndufa12,0.239407858,0.000131768,0.000222768
RGD1565753,1.274121195,0.045528934,0.06159356
Tmtc2,-1.468879614,1.59E-35,7.28E-35
Myf5,3.683919382,0.023457154,0.032846899
Glipr1,2.399600103,2.62E-54,1.78E-53
Rab21,0.34880111,1.44E-14,3.80E-14
Tmem19,-0.563907272,3.17E-40,1.62E-39
Lgr5,1.555947053,0.000584974,0.000944747
Cnot2,0.18915236,2.55E-07,5.05E-07
Cct2,0.450210792,1.61E-30,6.55E-30
Yeats4,0.954430285,1.56E-75,1.54E-74
Cpsf6,0.675462696,2.04E-32,8.74E-32
Llph,0.767118505,5.24E-37,2.49E-36
Tbc1d30,-0.532311096,1.57E-06,2.99E-06
Gns,-1.430310072,1.61E-130,3.30E-129
Tbk1,0.27915833,2.42E-12,5.91E-12
Lrig3,-3.51219387,1.09E-104,1.64E-103
Rxylt1,-1.642354982,3.41E-70,3.09E-69
RGD1565117,2.668515087,4.49E-13,1.13E-12
Dctn2,0.250334133,1.03E-05,1.88E-05
Shmt2,0.792743796,4.78E-52,3.11E-51
Lrp1,-2.458336883,1.16E-121,2.15E-120
Eif3el1,0.49874517,2.01E-19,6.18E-19
Trps1,-1.530324295,8.41E-52,5.44E-51
Eif3h,0.546990109,4.80E-35,2.18E-34
Utp23,0.732863132,1.22E-34,5.49E-34
Med30,0.352079335,8.37E-12,2.00E-11
Ext1,-1.83824154,4.49E-282,3.36E-280
Gsdmc,-0.703711657,0.008156724,0.01194242
Cyrib,0.652010425,3.11E-13,7.86E-13
Ndrg1,-2.308832146,6.11E-107,9.40E-106
Dscc1,3.046668908,3.48E-302,2.98E-300
Mrpl13,0.227128938,5.53E-05,9.60E-05
Sntb1,-1.536919323,7.77E-40,3.93E-39
Slc22a22,-1.811734695,0.006124055,0.009078221
Tbc1d31,0.520820905,2.19E-21,7.07E-21
Ndufb9,0.227368084,0.012298547,0.01770512
Nsmce2,-0.18451326,0.00012263,0.000207818
RGD1564515,2.538204426,0.025310138,0.035311253
Atp6v1c1,0.229666297,1.40E-06,2.67E-06
Rrm2b,-0.799067436,5.27E-31,2.17E-30
Grhl2,1.137673424,0.037523582,0.051331622
Ankrd46,-0.879200268,6.55E-58,4.76E-57
Matn2,-1.748953316,3.03E-37,1.45E-36
Slurp1,2.538032416,0.003152403,0.004800819
Lynx1,1.861667633,0.000237244,0.000394105
Gml,-2.342703184,0.011776829,0.016978008
LOC300024,8.023161781,3.01E-115,5.13E-114
Ly6h,-2.395012148,1.02E-08,2.15E-08
Gpihbp1,-3.082272725,3.50E-118,6.20E-117
Top1mt,-0.669357118,1.59E-26,5.88E-26
Rhpn1,-2.087664738,2.32E-15,6.30E-15
Eef1d,1.242227807,4.84E-129,9.73E-128
Tigd5,0.537117156,1.03E-05,1.87E-05
Pycr3,-0.439190877,1.46E-11,3.47E-11
Gfus,0.465486246,7.07E-29,2.77E-28
Exosc4,0.656259256,7.64E-28,2.92E-27
Gpaa1,0.641952956,4.15E-19,1.26E-18
Bop1,0.460943217,3.06E-15,8.29E-15
Slc39a4,-2.076009471,8.41E-06,1.54E-05
Vps28,-0.926988375,8.46E-61,6.51E-60
Kifc2,-2.486132104,3.57E-39,1.78E-38
Recql4,3.704454777,1.83E-248,1.10E-246
Apol11a,-2.134731456,1.70E-65,1.42E-64
Ift27,0.767713944,4.22E-44,2.35E-43
Gga1,-0.195450431,8.69E-05,0.000148865
Sh3bp1,0.461898657,1.59E-06,3.02E-06
Eif3l,0.276958982,1.53E-15,4.19E-15
Fam227a,-2.326466021,3.36E-26,1.23E-25
Tomm22,1.087083989,4.68E-108,7.33E-107
Gtpbp1,1.6401103,5.56E-161,1.56E-159
Dnal4,-1.086558386,2.81E-52,1.84E-51
Rpl3,0.823416469,1.72E-45,9.86E-45
Slc25a17,-0.471435491,3.24E-34,1.45E-33
Rbx1,0.285974977,1.06E-19,3.29E-19
Polr3h,0.683278296,5.88E-44,3.27E-43
Pmm1,-0.537932427,5.95E-17,1.70E-16
RGD1306782,-1.281624171,1.32E-06,2.53E-06
Snu13,0.678820223,9.30E-60,7.00E-59
Srebf2,-0.231498274,0.011374164,0.016419111
Ttll12,1.21700443,1.45E-84,1.62E-83
Pnpla5,3.106618957,0.000311661,0.000513229
Samm50,-0.289412015,1.38E-06,2.64E-06
Rtl6,-1.574066331,6.75E-35,3.06E-34
Arhgap8,-1.551821275,1.37E-09,3.00E-09
Phf21b,0.440441189,0.006225779,0.009223931
Fam118a,-0.278756301,6.37E-05,0.000110253
Pkdrej,-0.941245246,5.99E-05,0.000103731
Ttc38,-0.899088331,1.75E-57,1.26E-56
Gtse1,4.502390763,1.57E-274,1.13E-272
Celsr1,-0.676748247,0.026620381,0.037034439
Cerk,0.332278316,3.82E-06,7.12E-06
RGD1560617,-0.559646559,0.002184756,0.003371086
Mov10l1,1.553699411,0.000201929,0.000337069
Trabd,0.597687687,1.09E-35,5.02E-35
Ppp6r2,0.339283369,1.79E-15,4.89E-15
Ncaph2,1.302486845,6.35E-178,2.07E-176
Kif21a,-0.442838269,0.017534306,0.024884145
Lrrk2,0.530659167,6.37E-06,1.17E-05
Gxylt1,-0.262597087,4.56E-05,7.96E-05
Irak4,-0.442927066,9.34E-13,2.31E-12
Amigo2,-1.610913541,2.19E-45,1.26E-44
LOC300187,-1.273391383,0.009378018,0.013648135
Rpap3,-0.42475226,9.57E-16,2.63E-15
Slc48a1,-0.429707317,9.09E-06,1.66E-05
Senp1,0.540937365,2.09E-24,7.32E-24
Zfp641,-1.965837689,1.64E-24,5.76E-24
Kansl2,0.230526472,2.14E-05,3.81E-05
Tex49,-2.812697039,6.55E-23,2.21E-22
Ddx23,0.725453636,8.96E-69,7.89E-68
Fkbp11,-0.227810548,0.015354611,0.021916954
Lmbr1l,-0.650418393,9.05E-13,2.24E-12
Tuba1c,2.901682166,2.22E-192,8.48E-191
Troap,6.056704425,4.14E-205,1.77E-203
Spats2,1.137202463,1.49E-78,1.53E-77
Mcrs1,0.618399718,7.67E-44,4.24E-43
Fmnl3,0.575853596,6.06E-20,1.88E-19
Lima1,-2.644200855,3.24E-137,7.09E-136
Dazap2,0.848786839,1.18E-113,1.95E-112
Smagp,-0.697188404,3.42E-16,9.54E-16
Atg101,1.564839641,1.46E-71,1.35E-70
Krt7,-4.978504258,1.64E-47,9.80E-47
Krt75,2.308513395,2.13E-15,5.81E-15
Krt73,3.439762873,2.59E-05,4.60E-05
Pfdn5,0.288559898,0.000472778,0.000768709
Aaas,1.116280505,1.38E-104,2.07E-103
Sp7,5.908359641,6.33E-100,8.89E-99
Cbx5,1.400337329,4.12E-113,6.81E-112
Alg13,0.227626119,0.000840871,0.001342707
Lhfpl1,-1.791775479,7.11E-05,0.000122644
Amot,0.553214271,0.00842615,0.012314342
LOC300303,1.114017955,1.42E-12,3.49E-12
LOC300308,-1.804765489,0.000272946,0.00045146
Kctd17,-1.927745774,2.99E-30,1.21E-29
Mmp27,3.321307962,8.53E-22,2.79E-21
Mmp20,1.609823959,0.028770356,0.03986988
Ccdc82,2.094092855,7.13E-264,4.77E-262
Cwc15,0.292523219,2.96E-09,6.40E-09
Med17,0.179558347,4.33E-07,8.49E-07
Naalad2,-6.009182272,4.95E-240,2.80E-238
Mbd3l1,-2.572514173,2.52E-06,4.73E-06
Tmem205,-0.877362142,1.30E-16,3.68E-16
Plppr2,-0.791629609,4.66E-08,9.57E-08
Rgl3,-1.743246895,3.47E-27,1.30E-26
Prkcsh,-0.499674855,5.58E-33,2.42E-32
Zfp653,0.936769158,4.72E-26,1.72E-25
Ecsit,-0.693873429,4.77E-07,9.33E-07
Bmper,-5.739675648,1.63E-114,2.73E-113
Herpud2,-0.601137994,1.27E-41,6.66E-41
Thyn1,-0.260524693,1.35E-05,2.43E-05
Vps26b,-0.226180378,0.000297079,0.000489762
Adamts15,-5.058892607,2.54E-75,2.49E-74
Adamts8,-2.290693515,5.18E-05,9.02E-05
Ei24,-0.854801265,1.03E-45,5.92E-45
Tmem218,-0.984466205,3.13E-45,1.78E-44
Esam,-1.927424661,1.38E-89,1.66E-88
Vsig2,1.51187354,8.56E-18,2.51E-17
Tbrg1,-0.508956492,1.10E-15,3.01E-15
RGD1311744,-1.811523617,3.33E-25,1.19E-24
LOC300647,-2.716101921,1.20E-07,2.41E-07
Crtam,1.247512225,4.58E-05,7.98E-05
Sorl1,-0.612157998,7.03E-05,0.000121193
Tecta,-1.579347384,1.66E-05,2.97E-05
Trim29,-2.929548221,5.06E-14,1.32E-13
Rnf26,0.432916169,2.30E-16,6.45E-16
Abcg4,1.296821972,1.95E-09,4.25E-09
Hinfp,1.026762446,3.11E-55,2.15E-54
C2cd2l,1.047811154,5.70E-47,3.37E-46
Dpagt1,-0.948013388,7.45E-92,9.24E-91
Bcl9l,-2.964465581,9.79E-168,2.93E-166
Arcn1,-0.535915666,2.62E-42,1.40E-41
Cd3g,0.893626177,1.25E-08,2.64E-08
Mpzl2,-1.80284331,3.17E-52,2.07E-51
Bud13,0.694050406,4.65E-48,2.81E-47
Nnmt,-3.672227287,7.40E-184,2.60E-182
Ttc12,-2.042763234,1.86E-28,7.19E-28
Atm,0.588154311,2.61E-19,7.99E-19
Cib2,0.800593994,0.001762081,0.002742209
Dnaja4,2.433605126,1.10E-180,3.72E-179
Hykk,-2.192085771,5.01E-18,1.48E-17
Fbxo22,-0.190915923,1.53E-08,3.21E-08
Etfa,-1.685375783,3.19E-116,5.53E-115
Pstpip1,2.926752691,2.14E-108,3.37E-107
Tspan3,-0.966218799,6.55E-28,2.51E-27
Mpi,-0.510627098,7.80E-09,1.66E-08
Lman1l,-0.794281126,0.000455034,0.000740673
Ubl7,0.720332807,3.05E-31,1.27E-30
Rec114,5.259464218,2.29E-239,1.28E-237
Bbs4,-0.203749925,0.000820394,0.001310858
Arih1,0.458811398,1.27E-30,5.21E-30
Hexa,-0.17795154,0.005644105,0.008393667
Celf6,-2.166406977,2.31E-11,5.45E-11
Gramd2a,-1.194619667,0.004481226,0.006734359
Lrrc49,-1.450553726,5.07E-24,1.76E-23
Coro2b,-3.053764903,2.13E-72,1.99E-71
Pias1,1.124290231,4.14E-116,7.17E-115
Iqch,0.886982751,0.022873615,0.032054049
Ints14,0.107778222,0.012486826,0.017959563
Hacd3,-1.321412046,4.08E-60,3.09E-59
Clpx,-0.413455033,3.76E-10,8.43E-10
Pclaf,6.74223145,0,0
Snx22,6.972820623,0,0
Ciao2a,2.066786289,3.67E-307,3.25E-305
Dapk2,2.739618264,1.59E-138,3.54E-137
Aph1b,0.961657477,1.36E-24,4.79E-24
Lactb,-0.252693533,1.42E-07,2.85E-07
Rora,-1.923791175,1.81E-16,5.10E-16
Bnip2,-0.11015311,0.002213558,0.003413568
Tex9,0.57866567,2.57E-12,6.27E-12
Khdc3,2.201126338,1.33E-20,4.21E-20
Wdr72,-1.748723566,0.000133971,0.000226376
Fam214a,-2.547879409,6.05E-60,4.57E-59
Leo1,-0.127296174,0.037694365,0.051548565
Tmod3,-0.425246272,2.34E-13,5.94E-13
Lysmd2,-1.790477466,3.84E-83,4.23E-82
Fbxo9,1.540521515,4.21E-247,2.48E-245
Gsta4,1.569515454,5.55E-45,3.15E-44
Mto1,-0.650922955,2.81E-16,7.85E-16
Senp6,0.156134444,7.26E-06,1.33E-05
Irak1bp1,-1.169294824,1.69E-11,4.00E-11
Lca5,-1.140680026,9.82E-16,2.70E-15
Tent5a,0.378544736,4.09E-06,7.61E-06
RGD1564645,0.792044991,2.85E-10,6.43E-10
Cep162,0.174371856,0.021941727,0.030815288
Trim43a,-0.764111448,0.001014768,0.0016097
Tmed3,0.621533448,4.38E-15,1.18E-14
Morf4l1,0.088947927,0.010892969,0.015752156
Plscr4,-0.70219531,1.37E-18,4.12E-18
Plod2,-1.477626974,1.30E-16,3.69E-16
Cldn2,-1.478347109,0.00067019,0.001078193
Nup62cl,1.440388296,0.005641094,0.00838961
Tfdp2,2.917115009,5.38E-243,3.12E-241
Rnf7,0.613070725,4.37E-11,1.02E-10
Sox14,-5.238865549,3.62E-40,1.85E-39
Nck1,-0.289837993,3.00E-08,6.21E-08
Cep63,0.23387375,2.38E-09,5.16E-09
Srprb,-0.743141193,9.07E-29,3.54E-28
Tmem108,1.120000296,2.52E-08,5.22E-08
Uba5,0.226924915,0.000176289,0.000295536
Mrpl3,0.51652579,2.22E-24,7.75E-24
Dusp7,-0.572765885,9.79E-15,2.61E-14
Acy1,-1.15426996,1.85E-31,7.73E-31
Abhd14a,-2.260832783,2.30E-75,2.26E-74
Abhd14b,-2.080616435,8.60E-33,3.71E-32
Parp3,-2.722514613,4.31E-77,4.36E-76
Tex264,-2.553834457,5.26E-265,3.54E-263
RGD1307461,1.601462,7.54E-06,1.38E-05
Cacna2d2,-0.321645984,0.038799554,0.052974247
Hyal3,1.410730232,1.33E-77,1.35E-76
Ifrd2,3.033087446,9.31E-227,4.75E-225
Rbm5,0.525695912,2.34E-28,9.07E-28
Mst1r,-4.384906766,2.93E-115,4.99E-114
Impdh2,1.055308708,1.37E-92,1.72E-91
Wdr6,-1.040674137,3.71E-44,2.07E-43
P4htm,-1.430789369,5.52E-09,1.18E-08
Nckipsd,-0.581874727,9.89E-13,2.45E-12
Slc26a6,0.461056844,8.29E-13,2.06E-12
Uqcrc1,-0.428186663,3.86E-09,8.29E-09
Col7a1,-2.341475776,9.66E-29,3.77E-28
Shisa5,-0.690461035,3.07E-22,1.01E-21
Atrip,0.743112988,5.78E-42,3.06E-41
Spink8,-2.873566678,1.99E-21,6.42E-21
Smarcc1,0.679618378,1.12E-31,4.67E-31
Scap,-0.886739266,8.69E-27,3.24E-26
Ngp,12.29323012,0,0
Lrrc2,2.9183124,1.97E-08,4.11E-08
Ltf,-1.711857087,1.80E-05,3.22E-05
Lrrfip2,0.665671684,1.55E-43,8.53E-43
Ubp1,0.51108004,9.24E-21,2.93E-20
Susd5,-1.167866761,0.000387122,0.000633581
Trim71,-3.405479984,1.98E-57,1.42E-56
Cmtm8,-0.708514919,4.37E-13,1.10E-12
Ctdspl,-1.413144857,1.90E-77,1.93E-76
Vill,-3.88367119,2.77E-97,3.73E-96
Myd88,0.291243494,2.19E-07,4.34E-07
Exog,0.628442328,1.60E-20,5.04E-20
Ttc21a,-2.250233358,8.94E-07,1.72E-06
Ccr8,-2.713342203,6.76E-12,1.62E-11
Slc25a38,2.227500658,8.09E-153,2.08E-151
Eif1b,0.712684026,2.69E-50,1.70E-49
Hhatl,3.734409851,1.93E-06,3.64E-06
Topaz1,-1.457308699,4.20E-05,7.35E-05
Zfp445,0.474017366,1.08E-12,2.68E-12
RGD1311745,0.360955625,8.64E-14,2.23E-13
Zdhhc3,-0.169756157,1.27E-06,2.43E-06
Cdcp1,-0.967543129,0.01819478,0.025776954
Fyco1,-0.657740557,2.32E-07,4.61E-07
Xcr1,-1.115577667,2.87E-06,5.38E-06
Ccr1l1,6.153848486,5.69E-303,4.90E-301
Vwa5a,-1.65100418,3.79E-103,5.56E-102
Ano10,-2.29065392,3.37E-125,6.47E-124
Slc25a23,-2.363738301,2.13E-42,1.14E-41
LOC301115,-0.708250145,0.013823371,0.019801986
Clpp,-0.554660989,5.20E-21,1.66E-20
Acer1,0.635038121,0.038484699,0.052575911
Mllt1,0.111712474,0.012623056,0.018150206
Acsbg2,-5.983236406,5.40E-76,5.37E-75
Rfx2,-2.422356681,1.71E-53,1.14E-52
Dus3l,-0.110294376,0.045777604,0.061912271
Ndufa11,0.212622238,0.001817379,0.002824404
Micos13,-0.499403004,4.32E-18,1.28E-17
Znrf4,-3.570932255,5.00E-40,2.54E-39
Kdm4b,-0.700499145,6.89E-45,3.90E-44
Dpp9,-0.183950274,6.92E-06,1.27E-05
Tnfaip8l1,2.899563939,8.14E-203,3.39E-201
Cd70,-4.158918828,1.81E-32,7.77E-32
Tnfsf14,4.496944978,3.00E-126,5.84E-125
Kat2b,0.689245879,3.65E-29,1.44E-28
Efhb,-1.749101116,0.000167951,0.000281989
Plcl2,5.168458962,1.29E-217,6.07E-216
Mocs1,-1.487505553,4.87E-93,6.17E-92
Unc5cl,5.414663241,2.08E-59,1.55E-58
Apobec2,2.486044163,0.00030807,0.000507542
Trem2,-0.904914344,3.05E-05,5.39E-05
Trem1,3.557859207,5.26E-53,3.47E-52
RGD1561662,1.868830136,2.24E-56,1.58E-55
Bicral,0.266574911,3.31E-13,8.35E-13
Mrpl2,-0.506076041,2.69E-13,6.82E-13
Ptk7,-1.798877591,6.41E-26,2.33E-25
Yipf3,-0.201829647,3.47E-05,6.11E-05
Polr1c,1.133729056,1.07E-62,8.56E-62
Mrps18a,0.278898226,5.56E-05,9.65E-05
Mrpl14,0.869276819,1.19E-55,8.27E-55
Tmem151b,1.571437704,9.91E-11,2.27E-10
Aars2,-0.724767901,6.14E-27,2.29E-26
Enpp4,-0.227778686,0.001063476,0.001683804
Cyp39a1,-2.659887717,1.20E-25,4.35E-25
Pla2g7,1.956573138,6.82E-20,2.12E-19
Adgrf1,0.961894929,0.043466303,0.058946005
Ptchd4,-2.915345698,7.19E-11,1.66E-10
Tfap2b,-2.320294251,3.44E-05,6.06E-05
Pkhd1,-2.048001239,0.01911813,0.027026843
Efhc1,-0.387411343,0.003855634,0.005830057
RGD1566137,0.768743027,3.55E-05,6.23E-05
Prim2,1.992732857,1.58E-193,6.14E-192
Ptpn18,2.144035776,1.47E-66,1.25E-65
Arhgef4,-1.497014265,9.47E-09,2.00E-08
Plekhb2,-0.761327474,4.52E-16,1.26E-15
Lman2l,-2.258208173,1.83E-33,8.01E-33
Cnnm3,-0.667178826,5.82E-39,2.89E-38
Sema4c,-1.733123958,1.41E-86,1.63E-85
Zap70,-0.899095595,1.17E-05,2.12E-05
Cracdl,0.994283317,6.67E-05,0.000115188
Mrpl30,-0.164017614,0.006469917,0.009563129
Lonrf2,-3.450528443,1.61E-18,4.84E-18
Map4k4,-0.593779194,3.07E-19,9.38E-19
Mrps9,0.31822865,4.01E-07,7.87E-07
Gpr45,3.207054182,6.62E-54,4.45E-53
Tgfbrap1,-0.635063057,2.77E-30,1.12E-29
Mettl21c,2.069285525,1.55E-07,3.11E-07
Tex30,0.460033238,4.80E-16,1.33E-15
Ercc5,-0.816529062,2.05E-58,1.50E-57
Hibch,-1.858422966,1.18E-173,3.73E-172
Mfsd6,0.431489475,6.01E-06,1.11E-05
Coq10b,-0.32723408,5.76E-08,1.18E-07
Maip1,-0.194448071,0.004985389,0.00745264
Ndufb3,-0.718977845,1.21E-11,2.88E-11
Orc2,0.90931039,5.65E-53,3.73E-52
Nif3l1,-0.582245765,2.44E-29,9.67E-29
Ppil3,0.984586566,8.76E-61,6.73E-60
Clk1,0.685308717,1.75E-19,5.39E-19
Kctd18,-0.20493331,0.000310859,0.000511966
Cdk15,-0.981477791,0.000141232,0.000238305
Sumo1,0.413463729,1.58E-23,5.40E-23
Carf,-0.526116003,3.52E-14,9.21E-14
Pard3b,-1.716858963,9.65E-43,5.20E-42
Ndufs1,-0.634629864,3.17E-11,7.42E-11
Adam23,-4.011099586,1.29E-99,1.80E-98
Ikzf2,0.311829088,0.005272904,0.007864562
Pi15,-3.052584547,1.70E-33,7.45E-33
Tns1,-3.137741448,6.73E-219,3.23E-217
Rufy4,-0.623579785,3.09E-05,5.45E-05
Arpc2,1.074394034,1.69E-73,1.61E-72
Aamp,0.382433494,9.29E-08,1.88E-07
Cnot9,1.140652891,2.78E-112,4.57E-111
Bcs1l,-0.416214048,1.29E-09,2.84E-09
Rnf25,-0.233784211,2.58E-05,4.58E-05
Stk36,-0.713425663,1.56E-20,4.93E-20
Cyp27a1,-1.074196552,3.55E-10,7.98E-10
Prkag3,1.983606995,0.001786281,0.002778116
Glb1l,-2.017015615,2.45E-115,4.18E-114
Dnpep,-0.664861321,1.57E-44,8.82E-44
Stk11ip,-0.176129714,0.012654181,0.018193191
Sgpp2,5.103603465,1.29E-63,1.05E-62
Farsb,0.716857382,1.34E-41,7.07E-41
Wdfy1,-0.79743843,2.82E-62,2.23E-61
Mrpl44,-0.180721951,0.004431745,0.006663046
Cul3,0.190049403,1.89E-05,3.38E-05
Dock10,0.967862637,1.94E-30,7.89E-30
Col4a4,-3.299045108,4.90E-40,2.49E-39
Mff,0.928745665,5.36E-57,3.82E-56
Sp110,0.940938034,1.95E-40,1.00E-39
Cab39,-0.266272865,8.68E-12,2.08E-11
Itm2c,-0.822728969,7.64E-31,3.14E-30
Armc9,-0.409068258,4.17E-10,9.33E-10
Ugt1a8,-1.49250979,0.000921376,0.001466351
Mroh2a,0.49291001,0.000176845,0.000296452
LOC301604,-2.012298777,2.06E-11,4.87E-11
Espnl,1.072559149,0.002430468,0.003736384
Pask,3.123663823,5.07E-284,3.84E-282
Dtymk,1.551585072,1.58E-204,6.74E-203
D2hgdh,-1.542031454,2.26E-89,2.70E-88
Pdcd1,-3.058565944,8.11E-20,2.52E-19
Fam174a,1.681401001,3.73E-138,8.26E-137
Srbd1,0.645311661,5.74E-32,2.42E-31
Fbxo11,-0.49756997,2.30E-24,8.01E-24
Foxn2,-0.408960008,3.52E-08,7.27E-08
Ndc80,5.254647034,0,0
Arhgap28,-0.650334474,1.35E-05,2.43E-05
Lrrc30,4.331766135,0.001040348,0.001648509
Fer,-0.89676617,3.64E-80,3.83E-79
Copg2,-0.426734568,1.70E-15,4.63E-15
Tert,0.611345668,1.62E-07,3.24E-07
LOC301971,-1.81518469,0.017181276,0.024404209
LOC302022,2.655716504,5.10E-85,5.74E-84
Amn1,1.180441849,2.68E-59,2.00E-58
RGD1564712,2.636227478,9.04E-06,1.65E-05
Rtraf,0.212463947,1.53E-05,2.76E-05
Nid2,-4.824642066,1.79E-273,1.26E-271
Fem1c,0.469995524,8.40E-20,2.61E-19
Ap3s1,1.144240067,3.17E-71,2.92E-70
Chst7,-0.414707207,4.13E-05,7.23E-05
Tspan6,-2.355872239,3.72E-100,5.24E-99
Zfp711,-0.873396314,0.030570539,0.042239915
Sh3bgrl,-0.825342474,2.28E-32,9.73E-32
Tbx22,-2.644772879,5.34E-07,1.04E-06
LOC302371,-2.067662874,0.000625865,0.00100897
Gpr174,2.018980564,1.12E-26,4.15E-26
RGD1560455,0.418930731,0.00549682,0.008182446
Lpar4,-4.396340951,3.82E-103,5.61E-102
Magee2,-1.166665044,2.43E-06,4.58E-06
LOC302393,4.002736214,3.64E-12,8.83E-12
Abcb7,1.038965314,1.85E-29,7.37E-29
Nexmif,-2.459111636,3.50E-24,1.22E-23
Pabpc1l2a,-2.977898258,2.69E-26,9.91E-26
Gdpd2,6.420688076,2.04E-121,3.76E-120
Pdzd11,-0.169482979,0.002440329,0.003750958
Eda,-1.880520217,2.38E-31,9.91E-31
Awat2,-4.80873386,3.64E-43,1.98E-42
Otud6a,-2.652109315,2.53E-08,5.25E-08
F8,-1.203938328,7.01E-46,4.05E-45
Slitrk4,2.193054017,0.00025135,0.000416789
Usp26,-1.838912988,0.047485452,0.064114354
Hs6st2,1.077541199,0.000323337,0.000531984
Mbnl3,3.181458525,2.20E-106,3.36E-105
RGD1560124,1.035152663,1.49E-18,4.47E-18
C1galt1c1,-1.232468118,5.33E-44,2.96E-43
Mcts1,-0.397365606,3.68E-14,9.60E-14
Cul4b,0.078253185,0.024296257,0.033952786
Efhc2,-1.193562084,3.18E-05,5.61E-05
RGD1565965,1.875380901,5.84E-07,1.14E-06
Atp6ap2,0.270581934,0.004166341,0.006277415
Sytl5,-2.249050756,9.96E-25,3.51E-24
Lancl3,-2.530133699,9.96E-08,2.01E-07
Tbc1d25,-1.057995636,9.78E-37,4.62E-36
Suv39h1l1,2.516745681,0,0
Glod5,6.305270871,0,0
Pqbp1,0.418028067,8.61E-29,3.36E-28
Wdr45,1.482010586,9.67E-58,7.00E-57
Plp2,-0.396681143,0.000151228,0.000254605
Usp27x,-2.199262499,7.05E-69,6.22E-68
RGD1565862,-4.323543273,3.72E-17,1.07E-16
Klf8,-2.075474265,2.11E-27,7.99E-27
Foxr2,-1.838044991,0.003880896,0.005866456
Tceal1,-0.97730549,7.22E-10,1.60E-09
Tspyl2,-1.336915799,4.18E-32,1.77E-31
Magea8,-2.810185398,6.21E-12,1.49E-11
Acot9,-0.956698497,9.56E-33,4.12E-32
Sat1,0.291464797,0.000769602,0.001232229
Frmpd4,-1.33172869,0.004097413,0.006177021
Ofd1,0.224734266,0.000199111,0.000332628
Asb11,4.351133783,3.06E-09,6.61E-09
Ace2,-2.225324729,5.22E-17,1.50E-16
Ca5b,-4.445775642,0,0
Ap1s2,2.013337606,4.94E-102,7.11E-101
Syap1,-2.296046282,2.01E-255,1.28E-253
Txlng,-1.18989337,9.64E-91,1.17E-89
Eif1ax,0.982341873,1.02E-103,1.51E-102
Klhl34,1.584568556,0.001003536,0.001592908
Mbtps2,-0.619274496,5.24E-20,1.63E-19
Tbl1x,-1.446745355,6.52E-169,1.96E-167
RGD1563378,-2.022390922,0.001789334,0.002782719
Zdhhc9,-1.9211924,3.22E-116,5.58E-115
Bcorl1,-0.147301764,0.026359829,0.036687485
Zfp280c,-0.401422317,1.47E-13,3.77E-13
Gpr119,-1.409082201,0.007251735,0.010670744
Enox2,-0.311078765,0.000125243,0.000212114
Igsf1,-1.355532117,0.002601881,0.003991188
Frmd7,1.910687638,7.23E-07,1.40E-06
Rbmx,-0.570974799,3.10E-17,8.95E-17
Slc9a6,-1.009342089,9.58E-35,4.33E-34
Mmgt1,-0.326843574,6.97E-09,1.48E-08
MGC105649,3.144033004,1.10E-84,1.23E-83
Cpped1,-1.052069613,1.85E-37,8.90E-37
Rsl1d1,0.284180794,2.42E-12,5.91E-12
RGD1309748,-0.287443144,2.78E-09,6.00E-09
Pmm2,-0.710718821,1.46E-44,8.19E-44
Rbfox1,2.447816126,0.000129073,0.000218336
Eef2kmt,-0.929216157,9.86E-50,6.15E-49
Ppl,-4.359480879,4.19E-167,1.25E-165
Ubn1,0.945458414,1.21E-68,1.06E-67
Anks3,0.231226667,0.000408056,0.000666627
Mgrn1,-0.286482052,3.16E-05,5.58E-05
Ubald1,0.170668962,0.011213921,0.016194905
Glis2,-2.3526731,4.49E-71,4.12E-70
Srl,2.506585415,6.48E-05,0.000111992
Adcy9,-0.738722894,4.08E-08,8.41E-08
Slx4,-0.18530037,0.005425179,0.008078648
Mmp25,2.455424132,2.04E-46,1.19E-45
Bicdl2,1.158582612,0.003594482,0.005450774
Tnfrsf12a,-1.83073715,7.27E-18,2.14E-17
Paqr4,0.226819309,0.00625903,0.009268553
Srrm2,-0.786267216,2.37E-29,9.41E-29
Amdhd2,0.728846318,6.59E-22,2.16E-21
Abca3,-1.388227778,7.34E-123,1.38E-121
Rnf151,1.038871823,6.46E-14,1.67E-13
Fahd1,0.636095213,6.22E-17,1.78E-16
Spsb3,0.141675837,0.003608149,0.005470659
Eme2,-0.50267207,2.46E-16,6.90E-16
Mapk8ip3,-1.080480629,8.51E-36,3.93E-35
Telo2,-1.524706797,2.26E-58,1.66E-57
Unkl,0.271540462,3.54E-05,6.22E-05
Tpsg1,-2.213834875,3.64E-07,7.15E-07
Tekt4,-2.38153501,0.015897529,0.022661293
Sox8,-2.848127531,8.91E-12,2.13E-11
Haghl,-0.389850712,0.025746265,0.035889248
Ccdc78,2.030068489,0.000302603,0.000498759
Prr35,2.723289699,9.48E-27,3.52E-26
Capn15,0.54683294,1.86E-13,4.73E-13
Rab11fip3,-1.018757444,1.08E-17,3.15E-17
Hbq1,2.881674422,1.44E-14,3.82E-14
Rhbdf1,-2.069160723,1.05E-58,7.72E-58
Cpeb4,1.597861142,3.11E-65,2.59E-64
Crebrf,-0.501497954,1.62E-35,7.42E-35
Neurl1b,-1.286072261,1.82E-26,6.71E-26
Sh3pxd2b,-1.56784302,8.88E-56,6.21E-55
Fbxw11,-0.089951191,0.011101995,0.016039528
Ranbp17,-1.885305513,1.19E-36,5.63E-36
Spdl1,3.446404717,0,0
Wwc1,-2.495555077,1.89E-08,3.95E-08
Slu7,0.733153151,5.09E-66,4.29E-65
Ccnjl,1.941136601,2.05E-38,1.01E-37
Adam19,-0.534681138,4.26E-11,9.93E-11
Cyfip2,3.252454492,3.93E-126,7.63E-125
Surf6,0.454203753,4.40E-23,1.49E-22
Trim7,-2.801646567,1.97E-19,6.04E-19
Irgm,-0.861172321,4.19E-20,1.31E-19
Mgat4b,-0.517946777,8.22E-08,1.67E-07
Maml1,-0.159052771,0.00385802,0.005833367
N4bp3,0.76517761,7.75E-12,1.86E-11
Jade2,-0.835461102,1.77E-21,5.71E-21
RGD1310352,-0.666542193,1.36E-44,7.67E-44
Aff4,-1.035868638,2.86E-76,2.87E-75
Septin8,-1.270686632,4.54E-40,2.31E-39
LOC303140,5.512852406,0,0
Rapgef6,0.958065203,1.15E-28,4.49E-28
Slc36a3,2.297847186,6.50E-17,1.86E-16
Fam114a2,-0.358349353,1.63E-19,5.02E-19
Larp1,0.379284485,8.42E-13,2.09E-12
Igtp,-1.087540917,3.38E-33,1.47E-32
Zfp692,0.656358902,6.13E-11,1.42E-10
Zfp672,-0.304757919,6.89E-10,1.53E-09
Trim58,12.24064434,0,0
Zfp39,1.317766671,1.17E-43,6.43E-43
Hist3h2ba,7.666672552,0,0
Guk1,0.824729526,4.10E-19,1.25E-18
RGD1304587,-0.733598891,2.29E-28,8.84E-28
Snap47,-0.794808254,2.34E-14,6.14E-14
Flcn,-0.356457434,1.20E-13,3.09E-13
Rai1,-0.947172618,3.31E-60,2.52E-59
Atpaf2,-0.421580109,2.57E-08,5.34E-08
Alkbh5,-0.446772123,4.19E-09,8.99E-09
Top3a,-1.295527651,3.13E-50,1.97E-49
Tmem11,-0.174655349,0.018282411,0.025896143
Map2k3,1.864389053,7.72E-145,1.84E-143
Usp22,-1.013219519,4.76E-26,1.74E-25
Ulk2,-0.851298875,1.43E-33,6.30E-33
Specc1,5.205632032,0,0
Mmgt2,-0.862608221,1.36E-09,2.97E-09
Zfp287,-1.624529311,5.62E-41,2.91E-40
Trim16,-1.642680538,5.16E-11,1.20E-10
Fbxw10,-2.337765741,2.04E-08,4.25E-08
Hs3st3b1,-2.092540904,6.42E-13,1.60E-12
Arhgap44,-1.460993079,1.19E-05,2.16E-05
Zfp18,0.397667645,1.07E-10,2.46E-10
Cfap52,-1.131320668,0.013193617,0.018940216
Odf4,-0.937653769,0.00595888,0.008842228
Ctc1,-0.487535116,2.67E-25,9.57E-25
Cntrob,1.830370808,1.08E-104,1.62E-103
Dnah2,-0.777739718,0.001683282,0.002623583
Mpdu1,-0.443012951,1.86E-16,5.23E-16
Senp3,0.152973681,2.65E-08,5.50E-08
Tnk1,-1.436518769,3.41E-16,9.53E-16
Neurl4,-0.472713236,2.90E-19,8.85E-19
Ybx2,1.377805894,1.03E-37,4.98E-37
Alox12e,2.438219788,1.49E-08,3.12E-08
Mink1,-0.959150352,1.17E-65,9.79E-65
Spag7,0.254675625,0.000120256,0.000203924
Phf12,0.337062061,8.03E-13,2.00E-12
Dhrs13,1.569364913,5.01E-98,6.81E-97
Pigs,-0.443579042,1.26E-22,4.21E-22
RGD1307929,-0.976871244,2.23E-46,1.30E-45
Supt6h,-0.514472652,7.68E-26,2.79E-25
Traf4,0.549794905,5.46E-10,1.22E-09
Fbxo39,-1.283879352,2.01E-13,5.11E-13
Ankfy1,-0.156079246,0.001516361,0.002372165
Cyb5d2,-0.668139219,1.73E-14,4.57E-14
Rap1gap2,1.046318973,1.16E-10,2.65E-10
Cluh,-1.675035916,1.95E-92,2.45E-91
Sgsm2,-0.274366295,0.008876982,0.012945069
Srr,-0.400851254,2.01E-10,4.56E-10
Hic1,-3.115721521,1.04E-172,3.22E-171
Rtn4rl1,-1.971462414,3.33E-40,1.70E-39
Wdr81,0.20711468,0.000323924,0.00053292
Scarf1,-1.500691014,2.91E-52,1.90E-51
Ccnq,1.205785861,2.23E-110,3.58E-109
Tmem97,0.428449562,3.14E-09,6.77E-09
Slc46a1,-1.697302548,1.82E-36,8.54E-36
Wsb1,0.958968326,2.30E-42,1.23E-41
Rab11fip4,1.19345369,3.54E-13,8.93E-13
Ssh2,0.975575826,2.64E-43,1.44E-42
Abhd15,-3.728436496,2.18E-173,6.84E-172
Nsrp1,0.374410315,1.14E-17,3.34E-17
Atad5,3.670455953,1.88E-234,1.02E-232
Rnf135,-0.464709741,7.86E-17,2.24E-16
Rhot1,-0.250840551,1.14E-09,2.51E-09
Psmd11,0.566603098,1.57E-55,1.09E-54
Tmem98,-2.716037033,1.05E-114,1.76E-113
Lig3,-0.389007029,6.66E-10,1.48E-09
Nle1,0.529546383,2.25E-15,6.12E-15
Unc45b,4.149517685,2.71E-06,5.09E-06
Rad51d,-1.81280055,1.54E-148,3.81E-147
Fndc8,-0.804809212,0.000800175,0.001279864
Slfn5,-1.81827184,7.67E-94,9.84E-93
Rasl10b,-1.857645544,1.81E-10,4.11E-10
Mmp28,-3.597077075,1.19E-113,1.98E-112
Cox7b,0.550639829,1.20E-09,2.63E-09
Usp32,2.433638489,1.70E-229,8.90E-228
RGD1310166,5.035367331,5.86E-203,2.45E-201
Tbx2,-2.590546857,4.89E-50,3.07E-49
Med13,0.167555483,0.003416273,0.005190377
Gdpd1,-0.556630697,4.22E-05,7.37E-05
Rnf43,-0.360088208,0.02147918,0.030191479
Mpo,1.595098567,5.03E-24,1.74E-23
Epx,9.900007776,0,0
Cuedc1,-1.162942677,1.33E-12,3.28E-12
RGD1562272,-0.355897791,3.43E-06,6.40E-06
Mmd,-4.93829229,0,0
Stxbp4,-0.699423911,2.64E-19,8.06E-19
Utp18,0.626155966,3.83E-61,2.97E-60
Sgca,-1.722911584,1.70E-06,3.23E-06
Dlx4,-2.156244108,3.32E-11,7.78E-11
Kat7,0.360374481,3.20E-33,1.39E-32
RGD1565395,2.371316148,5.06E-05,8.80E-05
Abi3,0.433358998,9.70E-05,0.000165693
Igf2bp1,-2.012095602,0.00999299,0.014505305
Ube2z,-0.262055195,1.52E-21,4.94E-21
Hoxb3,-3.007615243,7.48E-73,7.05E-72
Snx11,0.18684539,0.000692108,0.001112245
Tbx21,-0.520648602,0.000432031,0.000704354
Osbpl7,0.670772157,1.33E-22,4.43E-22
Sp2,0.806096952,7.78E-79,8.08E-78
Arhgap23,0.870196751,1.20E-28,4.65E-28
Mllt6,-1.402814439,1.37E-36,6.46E-36
Plxdc1,-1.620066181,2.58E-14,6.78E-14
Ikzf3,1.755236132,1.11E-21,3.60E-21
Msl1,0.922360997,3.91E-65,3.25E-64
Tns4,-2.567247177,8.58E-10,1.89E-09
Smarce1,0.532000628,4.38E-46,2.54E-45
Krt16,-2.713616003,2.98E-06,5.58E-06
Odad4,-2.577839329,2.45E-59,1.83E-58
Dnajc7,0.231857461,1.13E-07,2.28E-07
Zfp385c,-2.316600673,2.06E-46,1.21E-45
Dhx58,0.27566011,0.002518385,0.00386752
Kat2a,-0.758904643,3.01E-23,1.02E-22
Ghdc,-0.899508407,2.31E-40,1.18E-39
Ezh1,0.243852538,4.65E-06,8.63E-06
Rnd2,-0.971578853,6.38E-07,1.24E-06
Nbr1,-0.483597361,5.45E-34,2.42E-33
Lrrc37a,-4.891885791,5.09E-54,3.43E-53
Arl4d,-2.674577602,1.28E-32,5.49E-32
Nags,2.29907079,4.08E-49,2.52E-48
Tmem101,-0.146688405,0.004004803,0.006043875
Hrob,4.581476185,5.28E-255,3.33E-253
Tmub2,-0.469685377,3.16E-17,9.12E-17
Rundc3a,1.547396368,1.67E-20,5.26E-20
Kif18b,6.495439008,0,0
Acbd4,-2.463521497,5.28E-136,1.14E-134
Arhgap27,1.084970962,3.32E-42,1.77E-41
Plekhm1,-0.580807245,3.59E-37,1.71E-36
Wnt9b,-3.184504746,2.47E-22,8.19E-22
Efcab3,2.930936419,1.60E-16,4.52E-16
LOC303590,-1.385537665,8.55E-27,3.18E-26
Tlk2,0.329342845,1.85E-26,6.84E-26
Tanc2,-0.267289878,0.004673527,0.007009106
Cyb561,-1.458597348,2.76E-07,5.45E-07
Dcaf7,0.317871333,5.11E-11,1.19E-10
Map3k3,-0.169265725,0.003745481,0.005668712
Ccdc47,-0.411921891,4.05E-17,1.17E-16
Ddx42,0.188987601,2.93E-05,5.17E-05
Ftsj3,0.624321096,2.49E-58,1.83E-57
Tex2,0.511287807,1.08E-15,2.96E-15
Polg2,0.974608477,1.08E-33,4.75E-33
Smurf2,-1.095763423,3.30E-151,8.37E-150
Wipi1,1.242385128,4.49E-143,1.05E-141
Arsg,0.199164728,0.001814271,0.002819869
Gna13,0.360991916,0.001133544,0.001790622
Fam20a,-0.830846884,4.17E-08,8.58E-08
Abca8,-2.426723705,2.15E-14,5.66E-14
Abca8a,-3.576022864,6.29E-82,6.80E-81
Abca6,-1.512477112,0.006243682,0.009247214
Cog1,-1.069975232,2.10E-75,2.06E-74
Cdc42ep4,-0.159501249,0.006122326,0.009076112
Cd300c2,1.197948771,5.03E-18,1.49E-17
Nat9,0.275246889,6.77E-09,1.44E-08
Tmem104,-0.741381184,4.96E-23,1.68E-22
Mrpl58,0.136127312,0.030448577,0.042075328
Slc25a19,-3.112055701,7.59E-193,2.92E-191
Caskin2,-1.93203628,9.72E-28,3.71E-27
Trim65,-0.440094745,2.65E-12,6.47E-12
Mrpl38,-0.43492223,1.43E-06,2.72E-06
Evpl,-4.053156705,1.64E-27,6.21E-27
Ube2o,4.456626122,0,0
Rhbdf2,0.529159599,8.42E-08,1.71E-07
St6galnac2,-1.343898513,1.17E-21,3.80E-21
Pgs1,0.575406367,5.71E-19,1.73E-18
Usp36,-0.846006239,9.42E-48,5.66E-47
C1qtnf1,-2.727129019,1.74E-119,3.13E-118
Engase,0.57726523,2.97E-18,8.82E-18
Cbx2,2.07101736,7.03E-69,6.21E-68
Cbx8,-0.736084856,1.62E-14,4.29E-14
Tbc1d16,-1.176238984,3.42E-20,1.07E-19
Rnf213,-1.155769931,1.43E-29,5.70E-29
Slc38a10,-1.30917799,6.36E-92,7.92E-91
Fscn2,-1.366562883,7.01E-10,1.55E-09
Myadml2,3.743172974,4.81E-11,1.12E-10
Sirt7,1.611544993,5.49E-149,1.37E-147
Mrpl12,0.1901828,0.008661082,0.012645813
Cd7,1.926109829,3.47E-30,1.40E-29
Ogfod3,-0.289261091,3.02E-06,5.66E-06
Foxk2,0.388896623,2.81E-19,8.58E-19
Rab40b,-0.466057718,0.014786674,0.021140971
Fn3krp,1.235560561,5.92E-67,5.05E-66
Zfp207,0.326880033,6.13E-07,1.19E-06
RGD1310429,-0.744146525,7.07E-14,1.83E-13
Slc16a6,2.813346822,1.22E-138,2.71E-137
Tnrc6c,-0.162605272,0.001843648,0.002863873
Vpreb1,7.376042768,4.78E-123,8.98E-122
Rimbp3,2.429681159,2.44E-29,9.67E-29
Aifm3,-0.563961938,3.27E-06,6.11E-06
Slc7a4,-4.224132799,2.03E-89,2.42E-88
Smpd4,0.282509288,1.48E-07,2.97E-07
Klhl22,-1.079348766,9.69E-27,3.60E-26
Dgcr6,-0.403532567,0.002831503,0.004330619
Zdhhc8,-1.883100905,2.80E-91,3.44E-90
Lamp3,2.458064131,3.05E-08,6.32E-08
Klhl24,-0.892482952,9.97E-27,3.70E-26
Dvl3,-0.510611756,1.36E-20,4.30E-20
RGD1563956,1.235619581,0.001027132,0.001628178
Map3k13,-1.61623809,3.91E-17,1.13E-16
Igf2bp2,0.924571652,1.41E-05,2.54E-05
Tbccd1,0.791812215,3.94E-63,3.17E-62
Eif4a2,-0.716186547,8.09E-22,2.64E-21
Atp13a5,2.226624546,0.000467239,0.000760037
Pigz,-2.232999362,5.60E-56,3.93E-55
Nrros,0.41974094,9.28E-07,1.78E-06
Slc51a,-2.403913575,1.84E-16,5.18E-16
Tnk2,1.016526553,4.07E-38,1.98E-37
Lrch3,-0.464653891,1.11E-32,4.79E-32
Rubcn,-1.218284687,5.67E-76,5.64E-75
Muc20,6.174359743,7.12E-90,8.56E-89
Muc4,-2.946321834,3.49E-07,6.86E-07
Osbpl11,-0.522604031,1.60E-21,5.18E-21
Sema5b,-5.024251889,2.15E-37,1.03E-36
Slc49a4,-0.150772648,0.008744479,0.01276191
Parp14,-0.572520778,1.40E-11,3.33E-11
Parp9,-0.37187313,4.20E-06,7.82E-06
Wdr5b,-0.507162822,1.99E-09,4.33E-09
Stfa2,7.54555523,1.01E-64,8.35E-64
Iqcb1,0.779021808,3.36E-21,1.08E-20
Lrrc58,-2.087263635,4.79E-56,3.37E-55
Cfap91,-3.193152425,9.72E-12,2.32E-11
Timmdc1,-0.294086587,7.52E-08,1.53E-07
B4galt4,-2.019718459,1.19E-35,5.50E-35
Upk1b,-7.909819185,2.43E-58,1.78E-57
Igsf11,-1.528308175,0.000313278,0.000515807
Usf3,0.377757695,3.06E-13,7.73E-13
Abhd10,1.035615448,7.82E-62,6.13E-61
Dzip3,-0.500778751,1.17E-10,2.69E-10
Ift57,0.487286121,1.64E-14,4.33E-14
Bbx,-0.353986246,6.15E-06,1.13E-05
Hoxd10,-4.378870664,3.84E-15,1.04E-14
Igsf5,-2.27591484,0.010030582,0.014558443
Nfkbiz,-0.259317624,0.005996442,0.008896181
Cep97,0.713829412,2.50E-21,8.05E-21
Zbtb11,0.317112796,5.99E-08,1.22E-07
Trmt10c,0.571899065,1.18E-45,6.78E-45
Adgrg7,-2.388798637,3.03E-10,6.83E-10
Tomm70,-0.167083728,0.001181351,0.001862759
Filip1l,-2.5309285,4.82E-61,3.73E-60
Col8a1,-2.087043711,4.79E-15,1.29E-14
St3gal6,-0.627539189,3.25E-13,8.21E-13
Cpox,4.743259215,0,0
LOC304027,-0.792857691,1.03E-09,2.27E-09
Arl13b,-1.009615737,2.00E-47,1.20E-46
Ripk4,-4.146726506,7.90E-22,2.58E-21
C2cd2,-2.075319772,2.68E-104,3.99E-103
Zbtb21,-0.959706045,1.36E-77,1.39E-76
Brwd1,-0.107093937,0.011590508,0.016722438
Sim2,-1.702266889,3.15E-06,5.89E-06
Morc3,1.057108922,2.94E-52,1.92E-51
Dop1b,-1.995301605,5.55E-157,1.49E-155
Cbr3,-6.500224176,0,0
Il10rb,-0.185138281,0.001088299,0.001721542
Son,0.243489139,7.63E-07,1.48E-06
Tiam1,1.899307622,9.57E-55,6.54E-54
Bach1,2.039546234,6.66E-149,1.66E-147
Map3k7cl,-0.768349161,0.000207226,0.000345754
Rwdd2b,-0.347842683,9.31E-09,1.97E-08
Adamts5,-4.616676163,1.32E-197,5.22E-196
Cyyr1,-2.792321783,8.44E-73,7.95E-72
Usp25,1.736415064,2.08E-153,5.37E-152
Nrip1,-2.328776177,4.20E-279,3.08E-277
Arhgef18,-0.557332393,1.07E-06,2.05E-06
Pcp2,2.057101876,0.018534114,0.026235083
RGD1564571,0.628467973,0.047078415,0.063587994
Evi5l,0.486409173,2.02E-19,6.19E-19
Lrrc8e,-3.077893363,1.19E-21,3.86E-21
Snapc2,0.227507752,0.023805814,0.033308324
Cers4,-2.672712082,2.94E-132,6.11E-131
Pds5b,0.664756159,5.79E-60,4.38E-59
Fry,-1.818179014,4.53E-42,2.41E-41
Gbp1,-0.801275581,0.014264969,0.020422709
Rasl11a,-2.404573411,3.62E-68,3.14E-67
Zkscan5,0.326865159,3.94E-12,9.55E-12
Cpsf4,0.639188648,1.68E-34,7.57E-34
Ptcd1,-0.562487307,3.41E-34,1.52E-33
Baiap2l1,-1.469913988,1.31E-17,3.82E-17
Tecpr1,-1.480473226,1.91E-73,1.82E-72
Kdelr2,-0.524137866,2.71E-29,1.07E-28
Zdhhc4,0.234874654,2.64E-05,4.67E-05
Rnf216,-0.256752942,3.72E-10,8.35E-10
Sdk1,-3.936407827,1.66E-53,1.10E-52
Foxk1,-0.306805599,1.32E-05,2.39E-05
Radil,-3.326254641,2.97E-34,1.33E-33
Papolb,-1.806697942,6.70E-05,0.000115729
Mmd2,-1.31278723,0.009923404,0.014409954
Tnrc18,-1.07087961,2.66E-49,1.64E-48
Ttyh3,1.5196326,2.07E-91,2.55E-90
Amz1,-1.832845152,2.23E-84,2.50E-83
Iqce,-0.936126558,5.87E-40,2.98E-39
Chst12,-0.636485365,3.47E-08,7.17E-08
Mrm2,0.373984863,1.78E-05,3.19E-05
Tmem184a,3.612531473,1.55E-12,3.82E-12
Cox19,-0.436909102,3.41E-09,7.35E-09
Dnaaf5,-0.691502313,3.99E-30,1.61E-29
Fam20c,1.26920701,4.03E-33,1.75E-32
RGD1566386,-0.852000516,3.84E-16,1.07E-15
Cops6,-0.355183523,4.28E-13,1.08E-12
Ap4m1,-0.621062664,1.55E-23,5.29E-23
RGD1559588,4.483941029,1.07E-134,2.30E-133
Nxpe5l1,-4.01416309,1.76E-73,1.67E-72
Mepce,0.597520042,2.15E-42,1.15E-41
Zcwpw1,1.307824409,1.58E-27,5.99E-27
Fbxo24,1.003830578,1.06E-08,2.23E-08
Agfg2,1.017499969,6.77E-42,3.59E-41
Nyap1,0.916444676,5.07E-06,9.39E-06
Gigyf1,-0.282954524,0.000132308,0.000223656
Zan,3.434793016,1.96E-50,1.24E-49
RGD1561143,2.60148754,8.70E-48,5.23E-47
Cldn15,-4.125192447,6.27E-125,1.20E-123
Lrwd1,1.286676171,4.74E-94,6.09E-93
Ssc4d,-0.990372968,1.74E-17,5.04E-17
Cldn4,1.543963703,1.13E-08,2.39E-08
Castor2,-1.768277488,5.36E-20,1.67E-19
Auts2l1,-0.48812828,0.038411321,0.052487783
Tyw1,-0.69184593,1.05E-33,4.65E-33
Psph,-0.421379674,6.24E-13,1.56E-12
Glt1d1,6.449985555,3.69E-63,2.97E-62
RGD1559821,-0.4418332,0.027616088,0.038356542
Pitpnm2,-0.368791916,4.17E-08,8.58E-08
Kntc1,4.200683828,3.26E-167,9.73E-166
Mlxip,-0.583740012,3.11E-11,7.29E-11
Ccdc63,2.687595757,8.20E-07,1.58E-06
Hvcn1,1.760810836,4.41E-14,1.15E-13
Pptc7,-0.266325406,0.010460062,0.015147608
Anapc7,0.509514176,2.97E-54,2.01E-53
Kdm2b,0.890615135,3.10E-61,2.41E-60
Orai1,0.615788559,1.16E-07,2.33E-07
Cfap251,0.905817641,1.99E-07,3.96E-07
Acad10,-2.808722851,6.35E-216,2.95E-214
Hectd4,1.606302327,3.62E-76,3.62E-75
Oas1i,0.59568738,3.05E-06,5.70E-06
Cfap73,0.75690763,0.007443007,0.010939682
Rnft2,-2.410074494,1.04E-30,4.25E-30
Fbxw8,-1.437271346,1.95E-80,2.07E-79
Rfc5,2.27746996,0,0
Vsig10,-3.079923137,1.17E-54,7.98E-54
Taok3,1.250814663,8.71E-40,4.39E-39
Bicdl1,-1.697635904,6.33E-14,1.64E-13
Sirt4,-0.328630587,3.07E-05,5.42E-05
Coq5,-1.272805364,4.21E-87,4.88E-86
Mlec,-0.909061772,2.15E-11,5.06E-11
Oasl,1.284020045,1.56E-18,4.67E-18
Tchp,0.873539088,2.66E-49,1.64E-48
Oasl2,0.448040227,0.002574575,0.003951145
Myo18b,2.986686325,1.52E-05,2.74E-05
Hps4,0.579618423,3.10E-15,8.39E-15
Ttc28,-1.916603707,1.70E-90,2.06E-89
Pus1,0.758844036,2.94E-12,7.14E-12
Ep400,0.519419819,1.08E-14,2.87E-14
Ddx51,0.161971695,0.002810035,0.004298897
Pole,3.464457552,2.56E-232,1.38E-230
Ung,1.75624245,2.40E-97,3.23E-96
Usp30,0.97124943,4.92E-52,3.20E-51
Tmem119,-0.674401515,0.000146894,0.000247577
Sart3,0.872582805,1.31E-76,1.32E-75
Dtx2,-0.93182174,1.17E-46,6.87E-46
Orai2,1.857624411,1.01E-49,6.30E-49
Mmp19,-1.987073732,1.21E-115,2.08E-114
Tbc1d9,-1.36819444,3.28E-28,1.27E-27
Asf1b,5.964036313,0,0
Misp3,2.526843552,2.00E-07,3.98E-07
Dcaf15,0.920128334,2.06E-50,1.30E-49
Lyl1,3.706345537,0,0
Klf1,8.075836428,0,0
Tnpo2,0.45121967,1.08E-22,3.61E-22
Serpinb11,5.245927854,4.18E-31,1.73E-30
Zcchc2,-0.979255109,5.92E-58,4.31E-57
Bfar,-0.963860151,8.84E-76,8.76E-75
Rrn3,-0.370764838,3.52E-17,1.01E-16
Pdxdc1,-1.161477283,1.06E-79,1.11E-78
Gli2,-2.05645565,2.32E-38,1.14E-37
Tmem185b,0.22586412,4.31E-05,7.54E-05
Epb41l5,-0.385207883,0.000355598,0.000583473
Tmem177,-0.674219318,4.25E-10,9.49E-10
Clasp1,0.177763262,0.002384448,0.003667161
Tfcp2l1,-2.489811279,4.34E-26,1.59E-25
Ccdc93,-0.148782073,0.047348124,0.063943527
Ccnt2,-0.507755535,5.35E-16,1.49E-15
Rab3gap1,-0.171093821,2.85E-07,5.64E-07
Zranb3,1.683531878,5.49E-124,1.04E-122
R3hdm1,0.618052432,1.40E-19,4.30E-19
Ubxn4,-0.371023007,2.33E-18,6.96E-18
Dyrk3,5.658595722,0,0
Slc26a9,1.020386689,4.18E-07,8.19E-07
Slc45a3,1.460333566,2.09E-42,1.12E-41
Elk4,-0.237817481,3.59E-07,7.07E-07
Dstyk,1.001955906,3.44E-68,2.99E-67
Rbbp5,0.746225389,1.66E-76,1.67E-75
Ppp1r15b,0.541239182,2.68E-17,7.74E-17
Optc,-2.015956108,9.30E-26,3.37E-25
Cyb5r1,-1.39460691,4.66E-25,1.66E-24
Rabif,0.104109691,0.038469136,0.052557075
Kdm5b,-0.277208105,7.57E-09,1.61E-08
Ppp1r12b,-1.491718131,9.73E-42,5.13E-41
Elf3,-3.456708703,0.001116338,0.001764667
Lmod1,-2.606871922,3.44E-09,7.42E-09
Ipo9,-0.900857818,5.48E-66,4.61E-65
Pkp1,-2.178241067,3.53E-25,1.26E-24
Kcnt2,-3.050826535,1.02E-28,3.98E-28
Ro60,-1.306879514,3.81E-45,2.17E-44
Rnf2,0.298913867,6.13E-07,1.19E-06
Trmt1l,0.433053086,5.44E-22,1.79E-21
Dhx9,0.230493275,0.00072542,0.001164008
Npl,-0.651352245,2.10E-23,7.14E-23
Tpr,0.60292206,4.11E-17,1.18E-16
Odr4,-0.867504992,6.17E-51,3.93E-50
Tor1aip2,0.228184573,9.24E-06,1.68E-05
Abl2,-0.209075876,6.85E-05,0.000118133
Fam20b,-0.151619373,0.001021645,0.001620001
Ralgps2,-0.33997661,0.001124656,0.001777151
Rasal2,-1.903486559,5.72E-20,1.78E-19
Astn1,1.177950545,4.95E-07,9.67E-07
Rabgap1l,0.508000964,2.31E-18,6.89E-18
Zbtb37,-0.928515461,4.93E-20,1.54E-19
Dars2,-0.393608987,2.24E-13,5.69E-13
Klhl20,0.141235041,0.000944406,0.001501238
Fmo6,-4.208645219,6.56E-45,3.71E-44
Gorab,-0.639802997,1.44E-17,4.19E-17
Mettl18,0.837618087,3.53E-32,1.50E-31
F5,3.847472031,6.19E-60,4.67E-59
Tbx19,-1.574625494,1.84E-17,5.34E-17
Pogk,-2.054684161,9.99E-186,3.59E-184
Uck2,1.169905061,1.65E-108,2.60E-107
Pbx1,-2.199500711,1.98E-105,3.00E-104
Nuf2,5.777764813,0,0
Uap1l2,-0.840485893,3.26E-05,5.74E-05
Olfml2b,-0.71671758,2.08E-06,3.93E-06
Atf6,-0.411567453,2.75E-08,5.71E-08
Fcrla,5.221875994,1.24E-128,2.48E-127
Fcgr3a,2.680087887,2.55E-61,1.98E-60
Tomm40l,-0.980135296,3.85E-29,1.52E-28
Copa,-0.812393538,4.81E-60,3.64E-59
Igsf9,-0.989849733,1.45E-08,3.04E-08
Tagln2,-0.50443876,1.73E-12,4.26E-12
Cfap45,-0.773407506,1.10E-05,2.01E-05
Aim2,1.383686348,9.93E-24,3.41E-23
Mnda,-0.696344851,3.72E-08,7.68E-08
Olr1595,4.44785764,5.65E-43,3.06E-42
Olr1596,3.819462839,2.35E-99,3.26E-98
Exo1,6.004031669,1.19E-247,7.07E-246
Sdccag8,-0.301531789,0.000110427,0.000187751
Sccpdh,-1.9597966,1.68E-99,2.35E-98
Tp53bp2,-1.128284536,2.54E-19,7.79E-19
Brox,0.141450796,1.72E-06,3.26E-06
Kctd3,-0.27106629,1.17E-06,2.24E-06
Ptpn14,-2.171438776,6.49E-57,4.63E-56
Prox1,-1.210879309,0.030965465,0.042753643
Pacc1,1.523481573,1.55E-24,5.42E-24
Dtl,5.126932576,0,0
Utp25,-0.131510609,0.015438969,0.022029926
Lamb3,-2.221707783,2.03E-30,8.25E-30
Cd34,-4.363269963,1.10E-158,3.01E-157
Tmcc2,7.569418334,0,0
Klhdc8a,0.738967612,6.92E-09,1.47E-08
RGD1304622,-1.172976349,9.55E-21,3.03E-20
Fcrl6,3.777911162,3.03E-15,8.20E-15
Col9a1,3.06846343,0.000731144,0.001172812
Fbxo28,-0.425162016,1.28E-13,3.30E-13
Brdt,-1.811681017,0.001264173,0.00198943
Lrrc8b,-0.153536056,0.001950363,0.003022818
Gbp6,-1.694922851,3.78E-22,1.25E-21
Abcg3l3,-2.450043425,1.62E-179,5.37E-178
Aff1,0.934231649,2.34E-26,8.61E-26
Arhgap24,-1.735566617,4.27E-54,2.88E-53
Wdfy3,-1.238055169,3.93E-61,3.05E-60
Gpat3,-3.24586667,5.12E-83,5.62E-82
Lin54,1.396598879,3.19E-128,6.33E-127
Enoph1,0.260364961,3.01E-08,6.23E-08
Hnrnpdl,0.227930238,2.02E-06,3.81E-06
Prdm8,-3.466110874,1.18E-43,6.49E-43
Paqr3,-1.465799689,3.80E-62,2.99E-61
Septin11,0.626668404,1.07E-15,2.94E-15
Shroom3,-2.832479788,2.73E-25,9.79E-25
Stbd1,-1.511528358,2.99E-26,1.10E-25
Art3,-3.088230566,1.69E-22,5.63E-22
Cxcl11,-1.447661061,7.16E-06,1.32E-05
G3bp2,-0.250827944,2.01E-11,4.76E-11
Cdkl2,-2.346205697,9.81E-44,5.41E-43
Mthfd2l,-0.349877641,0.007220252,0.010627061
Rassf6,4.008972675,4.17E-70,3.77E-69
Adamts3,4.096562798,1.68E-74,1.63E-73
Grsf1,-0.242857545,7.02E-07,1.36E-06
Utp3,0.811449354,3.59E-107,5.55E-106
Uba6,-0.396014387,1.47E-05,2.64E-05
Stap1,3.44243843,2.61E-114,4.37E-113
Cenpc,1.944739964,7.82E-196,3.07E-194
Cep135,2.16944778,8.76E-119,1.56E-117
Srd5a3,0.796218985,1.08E-32,4.64E-32
Rasl11b,1.156922988,5.08E-09,1.08E-08
Slain2,-0.347521952,4.88E-08,9.98E-08
Txk,0.637611032,8.79E-05,0.000150617
Guf1,0.119844915,0.015330397,0.02188556
Limch1,-0.695794507,2.88E-05,5.09E-05
Apbb2,-1.735341504,5.32E-51,3.39E-50
Nsun7,-1.85448633,6.51E-25,2.31E-24
Rbm47,-1.821589935,3.97E-76,3.96E-75
Rhoh,3.447966844,4.15E-160,1.15E-158
Pds5a,1.10032863,6.99E-138,1.54E-136
Lias,-0.890979016,2.54E-47,1.51E-46
Wdr19,-0.930976372,1.81E-20,5.69E-20
Klhl5,0.742441107,2.98E-43,1.63E-42
Tlr1,2.052516397,9.73E-33,4.19E-32
Slc25a52,1.128005069,0.007022417,0.010348751
Arap2,0.595453637,0.000853601,0.00136252
Hmgb3,1.385508723,1.07E-147,2.63E-146
Tapt1,1.91378477,2.83E-214,1.28E-212
Med28,0.747217559,1.17E-30,4.79E-30
Ncapg,5.871239852,1.05E-194,4.07E-193
Adgra3,-1.692907361,9.82E-61,7.55E-60
Pi4k2b,1.168300769,1.84E-58,1.35E-57
Anapc4,-0.440396294,1.08E-30,4.43E-30
C1qtnf7,-3.160378014,9.84E-30,3.93E-29
Fbxl5,0.281344935,3.92E-05,6.86E-05
Otop1,-3.715465581,4.38E-37,2.09E-36
Zbtb49,-0.274919197,0.000134893,0.000227857
Stk32b,-1.495846104,1.66E-05,2.98E-05
Jakmip1,2.781371401,4.40E-41,2.28E-40
Sorcs2,-1.819513352,1.55E-10,3.54E-10
Sh3tc1,-0.925436595,1.61E-29,6.42E-29
Trmt44,-0.253875881,1.23E-05,2.22E-05
Dok7,3.100497376,0.000912129,0.001452181
Mfsd10,0.388172688,3.78E-08,7.78E-08
Sh3bp2,0.291537024,0.011659309,0.016818421
Tnip2,-1.116194283,3.11E-62,2.45E-61
Fam193a,-0.110317997,0.007241783,0.010657161
Cfap99,-0.76934691,4.98E-09,1.06E-08
Zfyve28,-0.952811251,2.76E-07,5.45E-07
Nelfa,0.392051741,6.45E-18,1.90E-17
Letm1,-0.943178405,4.41E-38,2.15E-37
Tmem129,0.261794661,2.26E-05,4.02E-05
Fam53a,-0.167955626,0.036574941,0.050091804
Depdc5,0.702638853,3.19E-37,1.53E-36
Prr14l,0.306789252,8.28E-10,1.83E-09
Sfi1,-0.666861294,1.24E-25,4.47E-25
Eif4enif1,0.455792156,1.31E-41,6.87E-41
Patz1,2.824110786,0,0
Pik3ip1,-1.286943012,3.80E-08,7.84E-08
Osbp2,-1.893894373,2.54E-12,6.19E-12
RGD1308775,-2.473559055,8.22E-14,2.12E-13
Dusp18,-0.544015188,7.97E-12,1.91E-11
Rnf215,-1.35487244,7.85E-86,8.94E-85
Sf3a1,0.495634612,4.10E-40,2.09E-39
Mtmr3,1.630853368,1.31E-134,2.79E-133
Ankrd36,-0.86701024,0.001109199,0.001753663
Urgcp,-0.33579697,2.78E-05,4.93E-05
Aebp1,-1.53404049,2.91E-28,1.12E-27
Cobl,-1.213126722,1.12E-05,2.04E-05
Ikzf1,3.143086358,2.70E-139,6.08E-138
Tmed4,-0.676324815,1.69E-29,6.73E-29
Ccm2,0.124171802,0.002592812,0.003978101
Eif6,-0.109682953,0.006237025,0.00923845
Adcy1,0.933802298,5.21E-06,9.64E-06
Spred2,-1.049178236,2.53E-25,9.07E-25
Aftph,0.648940858,1.17E-47,7.02E-47
Peli1,-0.331588416,3.06E-09,6.60E-09
Wdpcp,-1.722311608,8.29E-106,1.26E-104
Ehbp1,-1.097118751,1.29E-12,3.19E-12
B3gnt2,2.355497791,8.70E-150,2.18E-148
Ahsa2,-0.813850381,3.93E-45,2.24E-44
RGD1305110,-0.852039229,7.91E-49,4.85E-48
Pex13,-1.608261948,4.73E-77,4.78E-76
Pus10,-0.534287105,6.50E-22,2.13E-21
Rel,1.116854891,5.95E-26,2.17E-25
Papolg,0.237129195,0.000371914,0.0006094
Bcl11a,5.6296581,2.79E-187,1.02E-185
Fancl,0.26837891,0.000172032,0.000288596
Efemp1,-6.032270608,1.53E-164,4.40E-163
Ccdc88a,0.211285859,0.001783504,0.002773943
Sptbn1,-3.445253066,3.18E-180,1.07E-178
Tmem175,-1.248751357,7.66E-86,8.74E-85
Pcgf3,-0.626969462,4.72E-19,1.43E-18
Slc49a3,-1.884452445,4.72E-46,2.74E-45
Ccdc18,1.824507461,2.35E-43,1.28E-42
Antxr2,-2.18237372,2.21E-92,2.77E-91
Dlg5,-2.056277161,8.96E-46,5.17E-45
Saysd1,-0.305149891,8.31E-05,0.000142508
Synpo2l,1.932327113,0.000699607,0.001123869
Vcl,-0.434712547,0.000438336,0.00071428
Samd8,-0.365566303,7.23E-05,0.00012455
Comtd1,-0.349724778,8.71E-07,1.68E-06
Zfp503,-3.535685326,3.89E-104,5.78E-103
Zfp385d,-2.16942824,4.02E-13,1.01E-12
Lrrc3b,-3.930744928,1.53E-30,6.26E-30
Nek10,0.748158356,0.008623553,0.01259226
Thoc7,1.7203182,6.18E-231,3.27E-229
Nkiras1,-0.479732353,9.41E-05,0.000160888
Kctd6,-1.183632724,1.66E-30,6.77E-30
Abhd6,-0.561762293,9.65E-20,2.99E-19
Rcor2,0.368959939,0.014637604,0.020935935
Gpr137c,1.137469394,0.002900487,0.004431545
Ddhd1,-0.216687559,0.001901416,0.002950202
Samd4a,-1.29210427,1.16E-10,2.66E-10
Wdhd1,4.149406731,0,0
Socs4,0.48347519,1.75E-05,3.13E-05
Fbxo34,2.4756243,1.31E-215,6.03E-214
Peli2,-2.137414224,2.94E-79,3.07E-78
Rnase10,-0.929425568,0.007310486,0.010752382
Olr1637,0.612040101,0.018947207,0.026792896
Rnase6,2.089726195,5.29E-31,2.18E-30
Ang,-1.755764267,3.32E-09,7.15E-09
Slc39a2,-1.397305029,0.025466496,0.035514321
Zfp219,-1.262351223,3.09E-124,5.87E-123
Rpgrip1,0.550945383,5.89E-10,1.31E-09
Supt16h,1.560625256,1.31E-216,6.08E-215
Rab2b,-1.447746645,4.10E-82,4.44E-81
Sall2,-2.126193884,9.94E-31,4.08E-30
Ap5m1,-0.117936395,0.041297443,0.056154045
Lrp10,-0.817257443,1.66E-72,1.56E-71
Haus4,4.112188128,0,0
Acin1,0.33088901,1.98E-13,5.03E-13
Slc22a17,-1.606110592,7.21E-41,3.73E-40
Ngdn,0.15718444,0.004076751,0.00614744
Zfhx2,-1.942091106,6.43E-38,3.12E-37
Irf9,1.46378965,1.82E-104,2.72E-103
Nfatc4,-1.918437869,8.77E-53,5.77E-52
Cenpj,-0.331572008,4.09E-07,8.03E-07
Pspc1,0.983434699,1.16E-113,1.92E-112
Zmym2,-0.296673492,1.03E-20,3.26E-20
Ift88,-1.099378961,4.34E-42,2.31E-41
Lats2,-2.16690291,1.48E-61,1.16E-60
Zdhhc20,-0.744935966,1.20E-26,4.45E-26
Mtmr6,-0.265789027,1.57E-13,4.01E-13
Spata13,-0.33102913,6.27E-07,1.22E-06
Sacs,0.746304432,2.02E-21,6.53E-21
Sgcg,-2.660651151,1.78E-22,5.92E-22
Zc3h13,-0.258674575,1.05E-09,2.31E-09
Wdfy2,-0.246407174,0.003156252,0.004806432
Neil2,-3.295056201,5.88E-48,3.54E-47
Xkr6,-2.606240939,7.00E-27,2.61E-26
Pinx1,0.225488357,0.000577537,0.000933194
Kif13b,-1.468329762,8.98E-29,3.50E-28
Hmbox1,-0.670007505,2.00E-41,1.05E-40
Fbxo16,-1.675896068,6.52E-05,0.0001127
Zfp395,-0.852360876,1.67E-31,6.98E-31
Scara5,-5.13625025,1.60E-274,1.14E-272
Pnma2,-1.825242983,1.87E-05,3.34E-05
Cdca2,5.473238346,1.72E-279,1.26E-277
Dock5,-0.296364165,0.012486636,0.017959563
Slc25a37,6.364996098,0,0
Rhobtb2,-1.109991208,1.67E-50,1.06E-49
Ccar2,0.256399728,7.65E-10,1.69E-09
Slc39a14,-1.049377302,2.55E-17,7.37E-17
Piwil2,4.520259102,1.44E-155,3.81E-154
Polr3d,0.356838452,3.53E-09,7.60E-09
Lgi3,1.973103377,4.78E-11,1.11E-10
Reep4,0.464266303,3.79E-09,8.15E-09
Fam160b2,-0.965916543,2.74E-46,1.60E-45
Fndc3a,-0.311692382,1.23E-10,2.82E-10
Med4,0.700020106,8.70E-49,5.33E-48
Enox1,-3.56486389,5.69E-68,4.94E-67
Pcdh17,-2.204321489,1.85E-18,5.55E-18
Tdrd3,-0.341313643,3.79E-08,7.82E-08
Lcp1,2.572496731,8.38E-69,7.39E-68
Kbtbd6,4.538288726,9.08E-26,3.29E-25
Pcdh20,-2.191766626,7.07E-07,1.37E-06
Dach1,-0.260297606,0.010889002,0.015747188
Bora,3.376914246,0,0
Dis3,0.353350903,5.78E-16,1.60E-15
Pibf1,0.16865747,0.003339711,0.005077706
Klf12,-0.871861678,6.48E-14,1.68E-13
Tbc1d4,-1.585947045,1.04E-23,3.57E-23
Cln5,-2.833289147,1.95E-176,6.28E-175
Fbxl3,-0.151081855,0.000374798,0.000613955
Rbm26,0.323346645,3.34E-09,7.20E-09
Spry2,-1.825611682,2.26E-85,2.56E-84
Slitrk5,0.900331974,0.022138111,0.031074866
Gpc5,2.061569613,0.016012355,0.022813982
Gpr180,-1.613663305,3.24E-169,9.77E-168
Sox21,4.713197668,2.31E-14,6.07E-14
Ipo5,-0.197150131,0.000126072,0.000213457
Farp1,-1.876145314,1.13E-16,3.20E-16
Tm9sf2,-1.028917058,9.21E-165,2.66E-163
Clybl,-3.009961475,7.81E-120,1.41E-118
Pxk,-0.530322474,6.35E-36,2.95E-35
Flnb,-1.754099191,1.18E-81,1.27E-80
Lsm5,1.415218732,5.73E-77,5.78E-76
Dux4,-0.89978845,6.02E-12,1.45E-11
Dennd6a,-0.306190309,5.85E-17,1.67E-16
Pde12,0.254906777,0.000173131,0.000290358
Ccdc66,-0.928536117,4.74E-31,1.96E-30
Cacna2d3,0.69039528,7.86E-05,0.000135108
Nek4,-1.248259803,3.12E-51,2.00E-50
Glt8d1,-0.805619895,6.77E-63,5.42E-62
Pbrm1,0.622811952,4.04E-35,1.84E-34
Nisch,-0.781019877,8.98E-30,3.59E-29
Bap1,0.302739669,2.01E-16,5.64E-16
Capn7,-0.218816722,8.36E-13,2.08E-12
Eaf1,0.750896513,6.50E-51,4.13E-50
Btd,-1.359079257,8.25E-101,1.17E-99
Ankrd28,1.054634253,4.94E-40,2.51E-39
Oxnad1,-0.536454243,4.07E-17,1.17E-16
Ercc6,-0.132206792,0.040704842,0.055388991
Lrrc18,-1.064577068,1.97E-05,3.51E-05
Arhgap22,0.496050297,5.90E-05,0.000102324
Gprin2,-0.821045868,0.001995107,0.003088444
Syt15,-0.618821327,7.72E-06,1.41E-05
Mmrn2,-3.604621468,1.42E-166,4.19E-165
Ccser2,-2.457618089,4.41E-62,3.47E-61
Entr1,-1.102348164,3.21E-111,5.23E-110
Tmem38a,2.391012053,3.31E-08,6.83E-08
Med26,0.548375045,3.26E-19,9.97E-19
Klf2,-0.727911679,1.35E-09,2.96E-09
Ap1m1,0.208724357,3.60E-08,7.42E-08
RGD1565495,6.424867133,3.19E-136,6.91E-135
Abhd8,0.673479938,5.21E-09,1.11E-08
Ano8,-0.317488686,0.000690404,0.001109628
Nxnl1,-0.881897686,2.75E-06,5.16E-06
Arrdc2,0.326317956,1.63E-06,3.09E-06
Ell,-0.293695855,2.12E-05,3.77E-05
Armc6,-0.194259744,0.028997512,0.040169619
Cilp2,-1.834570046,3.87E-07,7.60E-07
Gmip,1.543588748,1.73E-39,8.67E-39
Csgalnact1,-0.416823686,0.000192514,0.000321935
Sh2d4a,1.726750275,1.50E-46,8.78E-46
Psd3,-1.557541223,4.81E-60,3.64E-59
Naf1,-0.236261986,4.95E-06,9.17E-06
Arhgap35,-1.670226195,2.77E-51,1.78E-50
Spock3,2.461474573,0.006271444,0.009285541
Sh3rf1,-1.534337792,9.32E-52,6.02E-51
Mfap3l,0.283419341,0.026246999,0.036539043
Gpm6a,-3.605796224,6.77E-16,1.87E-15
Tenm3,-1.36336656,9.92E-06,1.81E-05
Cldn22,-2.231129363,5.68E-15,1.52E-14
Cdkn2aip,1.010003314,1.39E-85,1.57E-84
Stox2,-1.614828233,5.23E-56,3.68E-55
Cenpu,4.352002127,0,0
Cfap97,0.215568387,0.000274869,0.000454514
Snx25,-0.147955175,0.028411246,0.039394372
Mtus1,-1.505751554,1.44E-118,2.55E-117
Mtmr7,2.234828658,1.86E-41,9.73E-41
Trmt9b,0.328307408,0.01039906,0.015062218
Lonrf1,1.626266288,7.35E-138,1.62E-136
Prag1,-2.383246401,7.55E-97,1.01E-95
Mfhas1,0.199429378,0.002557293,0.003926048
Mboat4,1.132487029,0.008631808,0.012603693
Gtf2e2,0.391868978,8.84E-14,2.28E-13
Mak16,0.361829973,1.22E-17,3.56E-17
Unc5d,-2.240499401,5.93E-07,1.15E-06
Brf2,0.643408516,1.18E-33,5.22E-33
Plpbp,-0.937324816,8.29E-36,3.83E-35
Thap1,0.208334288,7.50E-05,0.000129101
Hook3,-0.859819516,7.59E-52,4.91E-51
Pomk,-0.624257051,2.93E-35,1.34E-34
Tacc1,0.493325201,5.54E-14,1.44E-13
Htra4,3.994617903,9.69E-21,3.07E-20
Ank1,6.310664647,1.51E-74,1.47E-73
Slc25a15,-0.43609696,0.000321871,0.000529749
Ckap2,5.164519217,2.06E-240,1.17E-238
Nek3,-0.741322437,2.21E-11,5.22E-11
Agpat5,1.299618258,1.37E-73,1.31E-72
Amt,-1.640834282,7.71E-74,7.40E-73
Tcta,-1.339772175,2.51E-52,1.65E-51
Klhdc8b,-1.704145605,1.83E-20,5.75E-20
Mcph1,2.161325434,1.25E-90,1.51E-89
Tubgcp3,0.795448786,2.37E-59,1.77E-58
Tmco3,0.449063907,1.82E-12,4.46E-12
Proz,-1.132966273,0.001642013,0.002562771
Myom2,1.702535938,0.00495587,0.007410385
Kbtbd11,-2.327473994,1.62E-58,1.19E-57
Arhgef10,-2.114954564,3.69E-64,3.02E-63
Cln8,1.602935702,9.53E-72,8.82E-71
Erich1,1.938528129,3.08E-150,7.75E-149
Ing1,1.303881172,2.60E-193,1.00E-191
Col4a2,-4.547673892,1.28E-218,6.07E-217
Abhd13,-0.394575884,1.54E-14,4.07E-14
Efnb2,-2.279028896,1.36E-51,8.79E-51
Irx2,-1.41724879,0.005145465,0.007680295
Adamts16,-4.641371204,9.10E-37,4.30E-36
Ice1,-0.546452033,9.68E-28,3.69E-27
Tent4a,0.492738367,1.79E-20,5.64E-20
Mfsd14b,0.776817664,4.95E-21,1.58E-20
Zfp367,2.799195747,0,0
Dapk1,-1.948037757,5.34E-108,8.34E-107
Cxcl14,2.920895475,6.61E-75,6.47E-74
Fbxl21,-1.105601278,2.29E-07,4.54E-07
Spock1,2.757101224,1.39E-07,2.78E-07
Dok3,4.384762197,1.69E-298,1.41E-296
F12,2.002492784,0.000156691,0.000263578
Nsd1,-0.607631548,3.79E-21,1.21E-20
Zfp346,-0.502043468,9.78E-23,3.28E-22
LOC306766,-0.574804153,6.85E-11,1.58E-10
Nop16,0.117857922,0.020287546,0.028592576
Tspan17,-2.257833664,6.09E-53,4.01E-52
Ror2,-0.747919816,0.000358337,0.000587817
Sema4d,3.148900367,1.50E-69,1.34E-68
S1pr3,-3.321949012,1.24E-106,1.90E-105
Iars1,0.264135536,1.45E-07,2.90E-07
Aspn,-3.22928414,3.29E-23,1.12E-22
Ippk,0.564054899,6.76E-22,2.21E-21
Bicd2,-1.128110138,2.38E-106,3.64E-105
Susd3,2.202150399,2.94E-37,1.41E-36
Wnk2,0.968978851,0.017910682,0.02539149
Phf2,0.328939352,1.10E-14,2.92E-14
Zfp169,-0.543117466,0.000295264,0.000486852
Dek,2.670748853,0,0
Kdm1b,1.945087809,4.12E-61,3.19E-60
Mylip,0.712774189,3.01E-31,1.25E-30
Sirt5,-0.724124202,1.66E-17,4.84E-17
Gfod1,-0.997441026,3.11E-34,1.39E-33
Phactr1,-0.445407952,0.000242628,0.000402734
Gcnt2,-2.589174911,2.36E-68,2.06E-67
Tfap2a,1.338873819,0.000419449,0.00068452
Bloc1s5,-0.190665796,0.000497485,0.000807196
Dsp,-2.237634893,8.40E-19,2.54E-18
Cage1,-1.432946677,9.36E-16,2.58E-15
Rreb1,-0.860430714,2.10E-53,1.40E-52
Fars2,-0.431631135,3.24E-18,9.63E-18
Ripk1,-0.326833942,1.22E-11,2.91E-11
RGD1564786,-1.75890056,1.86E-07,3.70E-07
Serpinb1b,-2.171546659,0.001764576,0.002745804
Ripor2,2.804674698,6.88E-157,1.85E-155
Carmil1,-1.961554688,7.85E-63,6.27E-62
Hist1h2bq,0.32928717,1.42E-07,2.84E-07
Btn1a1,-2.709841506,3.50E-12,8.49E-12
Abt1,0.872528075,1.68E-47,1.00E-46
Hist1h2ac,4.261392176,3.28E-72,3.06E-71
Zfp184,0.365243739,0.000467834,0.000760963
Hist1h2bl,6.563637965,7.95E-77,8.01E-76
Hist1h2an,5.034077437,8.48E-97,1.13E-95
Zkscan8,-0.840694068,1.14E-18,3.45E-18
Vps41,-0.747163699,3.97E-46,2.31E-45
Yae1,-0.471295407,1.20E-17,3.51E-17
Cdk13,0.651977574,5.59E-33,2.42E-32
RGD1308147,-0.325389229,2.98E-07,5.88E-07
Arhgap12,-0.621750562,1.14E-15,3.13E-15
Zfp438,0.495861242,2.01E-12,4.93E-12
Wac,0.578775456,4.66E-35,2.12E-34
Mpp7,-1.322817442,9.40E-29,3.67E-28
Rab18,-0.517754704,1.24E-32,5.31E-32
Mtpap,-0.222957381,1.79E-08,3.73E-08
Anlnl1,3.989310457,3.50E-191,1.32E-189
Dip2c,-2.030107015,1.81E-46,1.06E-45
Larp4b,0.641499656,2.84E-34,1.27E-33
Wdr37,0.47763684,7.36E-26,2.67E-25
Pitrm1,-1.224186936,9.63E-133,2.01E-131
Akr1e2,-2.199951008,1.01E-137,2.23E-136
Akr1c19,-1.319270822,5.66E-32,2.39E-31
Net1,-0.538429083,4.34E-06,8.07E-06
Calml3,0.930763836,1.97E-05,3.52E-05
Sfmbt2,0.72480897,0.000137909,0.000232844
Mcm10,2.882794795,3.16E-173,9.87E-172
Frmd4a,0.827405459,5.29E-23,1.79E-22
Hspa14,1.260859087,1.42E-138,3.16E-137
Nsun6,0.323087065,2.29E-07,4.55E-07
Mastl,4.386641415,5.56E-220,2.71E-218
Acbd5,-0.330942122,1.57E-16,4.44E-16
Apbb1ip,0.999957768,4.25E-18,1.26E-17
Arhgap21,-0.860216817,8.02E-26,2.91E-25
Txndc15,-1.162724524,3.03E-62,2.39E-61
Cd226,3.017790347,8.79E-63,7.02E-62
Neto1,1.899618918,0.000158302,0.000266167
Timm21,0.625885093,2.97E-17,8.57E-17
Cndp1,-0.481452352,0.006273913,0.0092884
Tshz1,-1.175555826,8.51E-86,9.69E-85
Kcng2,-0.564729105,0.003985165,0.006016387
Rbfa,-0.736590249,9.30E-35,4.21E-34
Adnp2,0.254317431,1.71E-06,3.24E-06
Pard6g,-0.47890383,0.003069489,0.004678401
Pstpip2,1.450696296,1.88E-23,6.40E-23
RGD1308601,-0.238839687,7.73E-06,1.42E-05
Rnf165,-1.622526872,0.001294815,0.002035918
Katnal2,-0.641250193,0.046854492,0.063297104
Me2,1.007833436,6.98E-38,3.39E-37
Mex3c,-0.224241123,5.29E-06,9.78E-06
Gramd2b,-0.902729897,2.90E-16,8.09E-16
Zfp608,-0.756885795,5.10E-18,1.51E-17
Cep120,0.235813837,1.71E-07,3.41E-07
Prdm6,-1.665176492,3.32E-05,5.85E-05
Sncaip,-3.101209526,4.21E-56,2.96E-55
Fam210a,-0.261527545,0.000119145,0.000202121
Cep192,0.307071941,1.03E-11,2.46E-11
Spire1,-0.341556229,0.007719677,0.011327196
Afg3l2,0.570558887,5.14E-30,2.07E-29
Tubb6,-1.862197822,9.29E-46,5.35E-45
Zfp532,-1.955791865,1.27E-64,1.05E-63
Malt1,0.514583428,2.87E-07,5.67E-07
Piezo2,-3.911400268,8.49E-54,5.70E-53
Napg,-0.283559046,7.60E-12,1.82E-11
Sh3tc2,2.434192614,2.78E-42,1.48E-41
Ablim3,-4.193201685,1.79E-109,2.85E-108
Pcyox1l,0.892026048,2.18E-18,6.52E-18
Arhgef37,3.164557373,1.11E-170,3.42E-169
Pde6a,-2.086243058,1.43E-13,3.65E-13
Csf1r,-0.592830665,6.40E-06,1.18E-05
Arsi,-1.786546746,2.72E-16,7.61E-16
Rbm22,0.479218344,1.11E-51,7.18E-51
RGD1305184,-2.973701151,3.52E-27,1.32E-26
MGC108823,-0.218282794,0.029854713,0.041285552
Tnfaip8,1.442768173,1.50E-57,1.08E-56
Dmxl1,0.27838072,4.54E-06,8.42E-06
Ythdc2,0.491337107,4.62E-23,1.56E-22
Mcc,-2.238786834,4.93E-104,7.31E-103
Arhgap26,0.640370419,4.68E-08,9.59E-08
Sh3rf2,1.397825312,0.000125058,0.000211824
Tcerg1,0.673652623,3.85E-53,2.55E-52
Dele1,-1.273123764,5.03E-29,1.98E-28
Pcdh1,-3.124154938,1.00E-46,5.92E-46
Fchsd1,-0.871178945,2.56E-24,8.91E-24
Diaph1,0.190872358,0.000199079,0.000332593
Taf7,1.096560515,2.41E-100,3.40E-99
Pcdhb21,-3.414777584,1.03E-64,8.52E-64
Hars2,-0.445732534,3.35E-24,1.17E-23
Hars1,1.068348427,3.79E-109,6.00E-108
Wdr55,0.901138995,3.42E-48,2.07E-47
LOC307495,-3.02805083,4.77E-19,1.45E-18
Psd2,-0.847043179,0.000920304,0.001464802
Etf1,0.115324113,0.002385161,0.003668066
Ctnna1,-1.328198966,8.16E-78,8.35E-77
Cdc25c,1.806541779,1.70E-63,1.38E-62
Epb41l4a,-2.658077148,1.63E-25,5.86E-25
Wdr33,0.427637089,1.21E-35,5.57E-35
Ammecr1l,-0.519208478,9.91E-26,3.59E-25
Sap130,0.212110231,3.82E-05,6.70E-05
Celf4,1.014960292,0.034037025,0.046806644
Elp2,0.557994409,2.73E-36,1.28E-35
Zfp35,0.324567237,3.74E-09,8.03E-09
Dtna,-2.934893232,3.40E-30,1.38E-29
Asxl3,1.117529765,0.000552107,0.000893128
Dsg2,-2.701063174,6.78E-17,1.94E-16
Zfp521,-1.656927424,2.07E-29,8.21E-29
Lama3,-3.528772589,2.16E-102,3.13E-101
Cables1,-1.296964726,1.38E-37,6.64E-37
Mib1,-0.943438231,9.84E-42,5.19E-41
Elac1,-1.118004103,9.30E-56,6.50E-55
Terb1,-1.65314946,1.70E-13,4.34E-13
Cdh5,-3.271204219,4.44E-184,1.56E-182
Gins3,3.906267653,0,0
Csnk2a2,0.242131591,1.14E-09,2.51E-09
Cfap20,0.648462549,5.55E-49,3.42E-48
Usb1,-0.584785902,1.92E-18,5.73E-18
Kifc3,-1.641087083,5.88E-33,2.55E-32
Adgrg5,3.458397306,1.86E-214,8.48E-213
Ciapin1,0.889454059,1.93E-48,1.17E-47
Psme3ip1,0.730320752,4.73E-34,2.10E-33
Ogfod1,-0.452061228,0.000193548,0.00032359
Ces5a,-3.298736625,1.99E-13,5.07E-13
Hmgxb4,0.416082983,2.71E-28,1.04E-27
Irx3,0.772919591,4.59E-05,8.01E-05
Rpgrip1l,-0.270337968,0.001140316,0.001800646
Chd9,-0.605659686,3.77E-18,1.12E-17
Snx20,2.345906481,2.80E-125,5.38E-124
Tent4b,-0.384715446,8.24E-29,3.22E-28
Neto2,2.177898049,5.95E-55,4.09E-54
Gpt2,-0.817816067,7.91E-06,1.45E-05
Usp38,1.026161375,4.25E-61,3.29E-60
Smarca5,1.32297196,2.23E-173,6.97E-172
Frem3,4.429828509,1.31E-33,5.75E-33
Rbmxl1,1.49108922,4.60E-196,1.81E-194
Plekhg4,2.91507823,1.05E-24,3.69E-24
Carmil2,2.660203898,3.66E-131,7.55E-130
Acd,0.384430752,2.95E-14,7.72E-14
Pard6a,1.232498303,2.87E-20,8.98E-20
Gfod2,-1.254168264,3.29E-35,1.50E-34
Cenpt,6.143324849,2.25E-232,1.21E-230
Thap11,0.200826771,8.10E-06,1.48E-05
Esrp2,-1.250001429,0.00036893,0.000604577
Slc7a6,-1.585710841,6.76E-55,4.64E-54
Tango6,-0.221799299,0.001438876,0.002254645
Nfat5,-1.642928344,4.12E-137,9.00E-136
Psmd7,0.236254294,8.77E-05,0.000150193
Zfhx3,-1.659960616,3.71E-98,5.05E-97
Ist1,0.443981568,2.84E-23,9.64E-23
Zfp821,1.465173481,2.85E-85,3.23E-84
Chst4,-8.431252709,8.63E-73,8.13E-72
Zfp612,-2.592336076,3.76E-41,1.96E-40
Vac14,0.151277432,0.009491247,0.013806808
Mtss2,-1.553018974,2.88E-15,7.82E-15
Fcsk,-0.769556087,7.97E-23,2.68E-22
Exosc6,1.348787904,9.56E-88,1.12E-86
Pdpr,-0.988974484,2.99E-33,1.30E-32
Fa2h,3.672790247,2.06E-22,6.83E-22
Ldhd,-2.467019987,6.41E-46,3.70E-45
Chst5,-1.071521801,0.001551783,0.002425911
Terf2ip,0.243560648,5.11E-08,1.05E-07
Cntnap4,4.688980751,4.13E-21,1.32E-20
Mon1b,0.156626264,0.00023569,0.000391591
Gan,-0.918024951,7.66E-13,1.90E-12
Sdr42e1,-0.357682024,0.037957984,0.051901876
Kcng4,-2.466646039,4.65E-11,1.08E-10
Meak7,-1.222285472,2.11E-38,1.03E-37
Usp10,0.833912453,2.14E-55,1.49E-54
RGD1304884,1.480494359,6.30E-36,2.92E-35
Gse1,1.597758338,3.13E-96,4.15E-95
Klhdc4,1.019007226,2.70E-33,1.18E-32
Snai3,2.63813584,1.17E-28,4.55E-28
Pabpn1l,-0.799555493,0.039785911,0.054215863
Vps9d1,-0.199027995,0.008387595,0.012261024
Zfp276,0.303976543,1.39E-07,2.80E-07
Spire2,-2.620656222,2.16E-16,6.05E-16
Ccsap,1.394382151,1.40E-73,1.34E-72
Taf5l,0.875294052,2.64E-79,2.75E-78
Trim67,-0.970707583,0.041814712,0.056826057
Disc1,-1.023680992,4.63E-20,1.44E-19
Set,1.125050827,4.82E-51,3.07E-50
Pcnx2,-2.073623923,1.78E-11,4.21E-11
Map3k21,-3.62929767,3.58E-16,9.98E-16
Rbm34,0.156842536,6.84E-05,0.000118129
Def8,-1.405627483,3.27E-104,4.87E-103
Nrap,4.356009582,9.50E-09,2.01E-08
Nhlrc2,0.166100941,0.002117286,0.003270561
Ablim1,-3.074157524,9.26E-210,4.09E-208
Atrnl1,-2.62831217,1.74E-127,3.44E-126
Hspa12a,-3.982801281,3.14E-68,2.73E-67
Rab11fip2,-1.936652078,4.30E-58,3.13E-57
Fam204a,0.857254309,5.44E-54,3.67E-53
Dennd10,-0.116569817,0.021465607,0.030175268
Clca1,1.888465856,0.027931016,0.038763015
Clca2,1.802439846,2.98E-11,6.98E-11
Syde2,-1.700358358,2.02E-64,1.66E-63
Ssx2ip,2.338662467,0,0
Slc2a12,-0.361587996,0.028131062,0.039031485
Rnf146,0.197927668,1.92E-06,3.63E-06
Ccdc127,-0.324143428,3.03E-08,6.27E-08
Cep72,5.141149031,4.21E-214,1.90E-212
Brd9,-0.173543511,9.91E-05,0.000169065
Nkd2,2.061575619,7.92E-57,5.63E-56
Slc12a7,-2.014182489,5.77E-137,1.26E-135
Tagap,1.85508382,1.48E-18,4.43E-18
Fndc1,-6.077501475,2.30E-131,4.75E-130
Acat2,-0.81783113,3.96E-23,1.34E-22
Map3k4,-0.728364348,1.33E-64,1.09E-63
Kptn,-1.198268899,9.00E-37,4.25E-36
Rgs17,-3.441431443,5.08E-26,1.86E-25
Zbtb2,-0.301848098,1.26E-11,3.01E-11
Tmem35a,-1.229649586,0.014121792,0.020219683
Tfb1m,-0.518776681,4.49E-14,1.17E-13
Kif13a,-1.472417134,7.20E-33,3.12E-32
Cyp26c1,1.098723141,8.21E-05,0.000140935
Riok2,0.261374766,7.59E-05,0.000130493
Dact2,-4.544314466,1.69E-31,7.05E-31
Chd1,1.022168096,5.98E-50,3.75E-49
Fam120b,-0.882960367,7.56E-55,5.18E-54
Wdr27,-1.539634478,7.13E-22,2.33E-21
RGD1561843,-2.201151181,1.06E-13,2.72E-13
Lats1,-0.716504637,3.87E-82,4.20E-81
Zc3h12d,1.473154717,1.05E-31,4.38E-31
Tab2,0.995882439,3.88E-115,6.60E-114
Shprh,-0.734616174,2.44E-31,1.01E-30
Fbxo30,2.074172336,3.35E-125,6.43E-124
Eif5b,0.789493686,6.45E-07,1.25E-06
Mboat7,-0.826522331,4.70E-16,1.31E-15
Tmc4,-0.994554397,0.001626825,0.002540272
Cnot3,0.408915798,1.80E-15,4.92E-15
Zfp772,-1.346246682,1.26E-31,5.28E-31
Zim1,-3.461632016,6.93E-88,8.11E-87
Nlrp5,-6.170513663,5.08E-25,1.80E-24
Zfp667,-1.002462714,1.12E-11,2.66E-11
U2af2,0.673239637,4.67E-73,4.41E-72
Zfp579,-0.773482086,7.11E-13,1.77E-12
Ssc5d,-3.391989795,6.04E-30,2.43E-29
Kmt5c,0.555068256,8.09E-09,1.72E-08
Tmem150b,3.244848413,1.08E-94,1.40E-93
Lilrb3,1.766839862,1.91E-20,6.00E-20
Zfp329,-0.283759213,4.16E-05,7.27E-05
Zfp110,-0.652169259,2.88E-36,1.35E-35
Zbtb45,0.853215889,7.74E-63,6.19E-62
RGD1565590,1.59621938,1.41E-09,3.09E-09
Adgrg6,1.1850085,6.42E-30,2.58E-29
Zswim9,-0.443253712,5.98E-11,1.38E-10
Sae1,0.459769507,6.19E-57,4.41E-56
Npas1,-0.995281805,1.15E-07,2.32E-07
Fkrp,-0.1940213,0.008715798,0.012721307
Pnma8b,2.371091144,5.27E-15,1.42E-14
Ppp1r37,-0.49956826,9.69E-22,3.16E-21
Irf2bp1,0.207215427,3.13E-06,5.86E-06
Dmpk,-0.957450827,0.00014181,0.000239253
Six5,-1.862689384,6.72E-128,1.33E-126
Gpr4,-1.450471034,3.73E-24,1.30E-23
Opa3,0.610163952,1.19E-12,2.93E-12
Rtn2,2.799026692,3.02E-10,6.81E-10
Ercc2,0.168961995,0.005790654,0.008602526
Nectin2,-2.207144226,2.11E-85,2.39E-84
Zfp112,-1.937207144,2.10E-30,8.55E-30
Irgc,-0.787145207,9.01E-06,1.64E-05
Zfp575,1.713408207,4.47E-07,8.75E-07
Phldb3,1.286773041,1.74E-26,6.43E-26
Zfp574,-0.483971139,4.70E-09,1.01E-08
Cic,0.242800165,9.61E-06,1.75E-05
Cxcl17,-1.039624136,0.000256769,0.000425465
B3gnt8,-0.901332478,4.28E-06,7.96E-06
Exosc5,1.005500284,2.44E-60,1.86E-59
B9d2,0.744596595,1.28E-27,4.89E-27
Cyp2s1,3.065546736,5.90E-65,4.89E-64
Hipk4,-0.842618347,3.87E-06,7.21E-06
Itpkc,-0.726760578,1.04E-24,3.65E-24
Coq8b,-1.122630733,5.89E-49,3.62E-48
Sptbn4,2.383197354,3.73E-36,1.74E-35
Map3k10,-0.783207792,0.000109227,0.000185808
Dyrk1b,-1.207129102,2.39E-18,7.13E-18
Supt5h,-0.165567071,0.001330422,0.002089462
Samd4b,-1.242169693,1.16E-102,1.69E-101
Capn12,-1.270792994,1.66E-23,5.67E-23
Spred3,-0.856982518,1.22E-11,2.91E-11
Wdr62,1.232940281,3.97E-35,1.81E-34
Clip3,-1.838244382,6.51E-12,1.57E-11
Lrfn3,-1.938592824,2.57E-36,1.20E-35
Nfkbid,1.90658318,9.64E-30,3.86E-29
Cd22,1.675178451,8.33E-34,3.68E-33
Uba2,0.453015731,1.96E-22,6.50E-22
Garre1,-1.406871555,1.09E-70,9.96E-70
Chst8,-3.475940768,1.42E-17,4.15E-17
Rhpn2,-2.440949542,1.80E-26,6.63E-26
Nudt19,-0.298764213,5.72E-05,9.93E-05
Dpy19l3,0.455888436,6.49E-07,1.26E-06
Tshz3,-2.047557135,7.51E-38,3.64E-37
LOC308536,-0.619568464,0.005039215,0.007528159
Uri1,0.167393131,3.68E-05,6.46E-05
Plekhf1,-1.567722229,9.81E-28,3.74E-27
Vsig10l,-0.86295401,1.60E-33,7.02E-33
Iglon5,-1.718621476,2.79E-08,5.79E-08
Zfp819,-0.684464447,2.64E-05,4.68E-05
Fv1,-0.189089562,0.009174712,0.013362118
Acp4,-0.503737358,0.001040979,0.00164942
Lrrc4b,1.263228493,6.34E-06,1.17E-05
Myh14,-1.74663152,1.19E-06,2.27E-06
Pnkp,2.135646246,8.48E-137,1.85E-135
Fuz,-1.43039475,1.52E-19,4.69E-19
Cpt1c,-2.178412839,7.59E-29,2.97E-28
Kash5,1.21217888,3.70E-24,1.28E-23
Tead2,-0.578273985,0.004390469,0.006603002
Plekha4,-0.772882356,5.66E-05,9.83E-05
Sec1,1.071039302,0.009117178,0.013281593
Ntn5,2.587935794,2.25E-05,4.00E-05
Ca11,-1.292993309,9.81E-17,2.79E-16
Sphk2,0.766415749,4.33E-46,2.51E-45
Grwd1,-0.306865886,3.95E-09,8.48E-09
Tmem143,-1.802142267,4.67E-50,2.93E-49
Ush1c,2.262837705,0.018907898,0.026738587
Hps5,0.803544473,4.89E-16,1.36E-15
Tmem86a,-1.420834796,6.39E-26,2.32E-25
E2f8,7.506043214,0,0
Txlnb,3.825618739,1.70E-12,4.17E-12
Heca,0.30050619,8.70E-11,2.00E-10
Nhsl1,-1.947355657,5.51E-31,2.27E-30
Hebp2,2.113837846,2.92E-34,1.31E-33
Ano5,3.939304604,1.68E-05,3.02E-05
Hnrnph2,0.137504256,6.35E-05,0.00010977
Smox,4.399812642,0,0
Nxf2,2.818740373,1.17E-30,4.80E-30
Zmat1,-0.830977175,2.00E-45,1.14E-44
Tubgcp5,-0.430513182,6.98E-18,2.05E-17
Cyfip1,-1.153735034,1.31E-107,2.03E-106
Nipa1,-1.660471295,4.26E-63,3.42E-62
Herc2,0.482361774,2.46E-09,5.33E-09
LOC308670,-1.162224665,7.48E-10,1.66E-09
Ndn,-2.33228363,4.83E-36,2.24E-35
Peg12,1.634481539,8.89E-32,3.74E-31
Tars3,0.902285574,1.31E-40,6.72E-40
Lrrk1,-0.935221517,4.58E-37,2.18E-36
Lins1,0.272287154,0.002243571,0.003457509
Ttc23,-3.088414434,1.42E-91,1.76E-90
Slc35d3,10.02048881,9.69E-186,3.49E-184
Pex7,-0.832807201,2.90E-25,1.04E-24
Agbl1,2.767332116,8.92E-05,0.000152701
Chd2,0.322078536,1.39E-17,4.06E-17
Rgma,-3.229553244,4.85E-33,2.11E-32
Mctp2,1.382202135,1.38E-14,3.65E-14
Wdr73,-0.475567746,1.04E-17,3.06E-17
Blm,4.05936033,0,0
Man2a2,-0.65309592,3.55E-09,7.65E-09
Hddc3,0.722439197,2.33E-21,7.52E-21
Unc45a,-0.558717511,1.56E-59,1.17E-58
Rccd1,-0.659197128,2.18E-15,5.94E-15
Prc1,4.659267537,4.30E-306,3.79E-304
Ttll13,-1.26834522,7.47E-29,2.92E-28
Gdpgp1,-0.138639306,0.049186399,0.066314495
Arpin,-1.151246102,2.67E-49,1.65E-48
Mesp1,-1.362810501,9.53E-05,0.000162807
Ticrr,3.887847141,1.21E-197,4.78E-196
Hapln3,-1.857904056,5.66E-15,1.52E-14
Det1,0.758625604,1.14E-48,6.97E-48
Pde8a,-2.284695412,1.87E-62,1.48E-61
Ap3b2,-3.091284582,2.95E-45,1.68E-44
Adamtsl3,-0.650129284,2.33E-07,4.62E-07
Efl1,-0.444149152,5.63E-14,1.46E-13
Mex3b,-0.586517123,5.81E-08,1.19E-07
Tlnrd1,1.037144035,4.92E-42,2.61E-41
Mesd,-0.806418048,2.58E-78,2.66E-77
Prss23,-2.71079593,2.71E-107,4.20E-106
Ccdc81,-3.282318946,3.69E-22,1.22E-21
Rab30,-0.763307509,2.53E-12,6.18E-12
Tenm4,-5.753988607,3.83E-143,8.91E-142
Usp35,-1.100637598,8.21E-13,2.04E-12
Kctd14,-0.58074733,3.35E-08,6.93E-08
Ints4,-0.148390838,0.000819076,0.001308823
Rsf1,0.295822296,5.60E-09,1.19E-08
Thap12,-0.185296409,0.000394841,0.000645714
Uvrag,-0.754280222,2.05E-40,1.05E-39
Klhl35,-1.425342721,4.65E-14,1.21E-13
Chrdl2,2.397025257,4.75E-06,8.81E-06
Dnajb13,1.71517602,3.00E-39,1.50E-38
Fchsd2,-0.140279529,0.020557029,0.028955823
Atg16l2,0.830830471,2.51E-16,7.03E-16
Lamtor1,-0.729393775,6.09E-27,2.27E-26
Numa1,-0.333420342,1.64E-12,4.02E-12
Rnf121,-0.37786223,1.57E-10,3.57E-10
Art1,4.167217762,0.000324408,0.000533686
Rhog,1.485021792,3.06E-90,3.69E-89
Btbd10,-0.337563582,6.76E-17,1.93E-16
Rassf10,-3.52081774,6.55E-39,3.25E-38
rnf141,-0.130107037,0.044940437,0.060836363
Trim21,0.463639567,7.09E-11,1.64E-10
Trim5,-0.212889469,0.000606635,0.000978839
Smpd1,-1.152875573,4.41E-72,4.11E-71
Rrp8,0.366239581,1.72E-09,3.76E-09
Dchs1,-2.437446936,6.01E-97,8.05E-96
Egln1,-0.399360181,0.001122864,0.001774509
Ppfibp2,-0.302038651,0.006765312,0.00998329
Ovch2,-1.864494848,0.001173118,0.001850073
Ahi1,-0.69727178,7.96E-15,2.13E-14
Wee1,0.904067648,1.38E-28,5.37E-28
Ipo7,0.214131491,2.78E-05,4.92E-05
Dennd5a,0.851121233,3.93E-31,1.62E-30
Dennd2b,-2.148208746,1.14E-79,1.19E-78
Pdzd9,-0.869532767,2.22E-10,5.02E-10
Cdr2,1.962504888,5.32E-58,3.88E-57
Chp2,-3.689355894,5.83E-96,7.70E-95
Rbbp6,0.100117501,0.009984996,0.014494413
Tnrc6a,-0.653421653,1.81E-37,8.73E-37
Kdm8,1.432071058,8.27E-97,1.10E-95
Il21r,2.405236302,1.19E-56,8.44E-56
Nfatc2ip,1.622190077,5.17E-136,1.12E-134
Tmem219,0.646294199,2.71E-12,6.61E-12
Sez6l2,-1.242218176,0.001521358,0.002379731
LOC308990,2.050277909,7.89E-36,3.65E-35
Zfp771,-0.468251528,1.79E-07,3.58E-07
Sephs2,1.715438774,1.48E-222,7.33E-221
Itgal,1.541637595,3.61E-26,1.32E-25
Zfp629,-0.486260456,1.77E-12,4.34E-12
Orai3,-0.652227624,2.03E-29,8.06E-29
Setd1a,0.120439699,0.009400931,0.013680807
Zfp668,1.516410386,5.65E-91,6.89E-90
Zfp646,0.874522881,1.61E-29,6.41E-29
Vkorc1,-2.155515883,5.43E-55,3.73E-54
Inpp5f,-0.616020346,1.01E-15,2.77E-15
Mcmbp,0.60559587,1.25E-37,6.05E-37
Sec23ip,0.396842615,1.60E-27,6.07E-27
Plpp4,-1.536164649,8.65E-13,2.15E-12
Wdr11,-0.525741807,5.80E-37,2.75E-36
Tacc2,-1.815566224,4.56E-17,1.31E-16
RGD1305014,0.855225687,8.62E-30,3.45E-29
Ikzf5,0.709226086,2.57E-51,1.65E-50
Dcun1d3,-2.467383689,6.98E-147,1.70E-145
Rexo5,1.690409143,2.91E-57,2.09E-56
Thumpd1,-0.82938007,5.03E-67,4.30E-66
Pign,-0.141457726,0.044100482,0.059762204
Relch,0.563093351,1.09E-20,3.44E-20
Fam53b,1.874614162,3.81E-132,7.92E-131
Edrf1,0.496679025,1.32E-32,5.66E-32
Uros,3.562295561,0,0
Fank1,-1.729827076,3.23E-07,6.37E-07
Dock1,-1.749939829,3.11E-89,3.71E-88
Adgra1,-2.570965378,3.28E-09,7.07E-09
Tubgcp2,0.361483154,1.43E-12,3.52E-12
Scgb1c1,-0.573872942,0.012217975,0.017593408
Pgghg,-0.475824764,1.03E-09,2.28E-09
Ifitm6,6.059080803,3.56E-143,8.30E-142
B4galnt4,-0.733044073,0.002778237,0.00425289
Sigirr,-0.645604916,1.68E-12,4.12E-12
Tmem80,-1.135889558,2.43E-62,1.92E-61
Gatd1,-0.256183714,4.69E-10,1.05E-09
Slc25a22,-0.689595388,2.38E-12,5.81E-12
Cracr2b,-1.471781942,3.98E-44,2.22E-43
H19,2.594369996,5.73E-07,1.12E-06
Tnpo1,0.139942405,0.001835146,0.002850817
Fcho2,0.874668571,7.77E-49,4.76E-48
Slc22a18,-2.144283701,2.77E-36,1.30E-35
Mrgprg,-3.88427098,1.98E-19,6.08E-19
Ano1,-3.795400036,5.12E-91,6.25E-90
Lto1,-0.830797376,3.03E-51,1.94E-50
Mrpl21,0.374584269,1.11E-12,2.74E-12
Tesmin,3.264553774,2.73E-36,1.28E-35
Ppp6r3,0.718211369,5.51E-63,4.41E-62
RGD1311946,-1.772431613,1.74E-111,2.83E-110
Aldh3b1,2.068905808,1.04E-57,7.53E-57
Carns1,-1.447402718,3.70E-18,1.10E-17
Rce1,0.218238682,0.007120781,0.010485873
Bbs1,-1.07596973,6.79E-26,2.47E-25
Peli3,-1.861113851,3.75E-60,2.85E-59
Tmem151a,-4.106573305,2.89E-54,1.96E-53
Ccdc85b,0.450870236,0.000886084,0.001412616
Ovol1,0.513591187,4.52E-05,7.89E-05
Rela,-0.365296708,2.55E-20,8.00E-20
Pcnx3,-0.611483793,6.62E-17,1.89E-16
Ehbp1l1,1.3435452,5.83E-86,6.67E-85
Fam89b,1.433290146,3.35E-125,6.43E-124
Frmd8,0.630782145,6.37E-28,2.44E-27
Tigd3,3.018880918,4.90E-124,9.30E-123
Cdc42ep2,-2.949198428,1.14E-90,1.39E-89
Znhit2,-0.253055972,9.36E-05,0.000159982
Ppp2r5b,1.615820728,2.21E-78,2.28E-77
Fermt3,3.014192422,6.73E-116,1.16E-114
Atl3,-1.877061503,4.26E-219,2.05E-217
Taf6l,0.420691686,7.19E-09,1.53E-08
Ttc9c,0.925314591,4.45E-65,3.69E-64
Hnrnpul2,0.444515653,7.91E-13,1.97E-12
Ints5,0.737533439,8.56E-70,7.69E-69
Rom1,1.055046395,2.65E-55,1.84E-54
Scgb1d2,-1.943445312,0.000399912,0.000653683
Dagla,-2.037918136,1.59E-55,1.10E-54
Lrrc10b,-3.447423296,1.25E-22,4.16E-22
Vwce,3.941597343,1.91E-32,8.18E-32
Ms4a1,6.537018619,3.75E-167,1.12E-165
Olr337,-1.540190066,0.000166644,0.000279812
Glyatl1,-1.245256396,0.014829762,0.021199502
Gna14,-0.835266828,2.90E-10,6.53E-10
Otud7a,0.64802747,0.035474331,0.048667808
Mtmr10,-0.719571884,3.15E-17,9.08E-17
Fan1,-1.414727179,4.56E-49,2.82E-48
Nsmce3,0.952861076,4.04E-45,2.30E-44
Nsdhl,-0.216872081,0.039915551,0.054377494
Plxna3,-1.911113862,3.77E-42,2.00E-41
LOC309292,0.754148024,3.51E-05,6.17E-05
Ikbkg,0.233236065,0.002486282,0.003819607
RGD1565057,-1.10109813,0.000396173,0.000647785
Rcl1,0.19524813,0.008328769,0.012178041
Pdcd1lg2,-3.736046304,1.45E-57,1.05E-56
Ric1,-0.782091512,5.86E-54,3.95E-53
RGD1311595,-0.453625812,3.40E-15,9.21E-15
Ranbp6,0.405084895,1.15E-14,3.06E-14
Uhrf2,0.401257703,1.74E-15,4.75E-15
Slitrk2,-3.026828174,5.91E-15,1.58E-14
Tmem185a,-0.674267471,8.21E-14,2.12E-13
Chuk,0.34098394,1.34E-15,3.66E-15
Dnmbp,-1.020305751,1.11E-26,4.11E-26
Lama2,-4.222667269,6.35E-42,3.36E-41
Ubtd1,0.810833873,2.52E-31,1.05E-30
Ankrd2,1.462943153,0.003974449,0.006001741
Zfyve27,1.217612778,1.76E-49,1.09E-48
Sfrp5,-2.824276601,6.80E-16,1.88E-15
Golga7b,1.468955682,3.65E-05,6.41E-05
Loxl4,-2.806282958,6.89E-92,8.57E-91
Pyroxd2,-2.158221422,3.89E-95,5.07E-94
Entpd7,0.423512337,0.002230938,0.003438884
Cox15,-0.625446869,1.30E-31,5.45E-31
Abhd17b,-0.178200455,0.000236955,0.000393647
Cemip2,-0.368409561,0.000106959,0.000182053
Trpm3,-0.858132233,4.16E-05,7.28E-05
Mamdc2,-4.164645882,4.07E-41,2.11E-40
Fam189a2,0.600765652,1.54E-06,2.93E-06
Pip5k1b,5.008375731,0,0
Pabir1,0.700502347,2.65E-21,8.52E-21
Kank1,-2.934445885,8.27E-251,5.11E-249
Dmrt2,-4.507603281,1.53E-20,4.82E-20
Sec31b,-0.824598625,0.013005,0.018679415
Hif1an,1.155821053,2.16E-58,1.58E-57
Mrpl43,0.498352295,1.43E-16,4.04E-16
Twnk,0.158219719,0.039550916,0.053925445
Fbxw4,-0.346826871,5.16E-08,1.05E-07
Hps6,-0.408151183,1.13E-10,2.58E-10
Ldb1,1.304583592,7.28E-101,1.03E-99
Gbf1,-0.635671331,2.27E-41,1.19E-40
Nfkb2,-0.614900814,5.05E-28,1.94E-27
Fbxl15,0.356095725,0.0001351,0.000228193
Wbp1l,-0.868594182,9.81E-63,7.82E-62
Pcgf6,1.170686293,3.10E-51,1.99E-50
Pdcd11,-0.459573514,2.78E-32,1.18E-31
Neurl1,1.763241667,2.01E-08,4.20E-08
Sh3pxd2a,-1.544654314,2.29E-61,1.78E-60
Gsto2,-1.80985582,5.29E-44,2.94E-43
Tm9sf3,-0.521490904,5.93E-24,2.05E-23
Tctn3,-1.547849615,4.90E-70,4.42E-69
Myof,-1.011291257,8.51E-17,2.42E-16
Cpeb3,-0.38366069,0.007149047,0.010525401
Hectd2,-0.235516384,0.041272474,0.056122673
Kif20b,5.51935078,2.46E-259,1.60E-257
Ifit3,1.81332616,5.43E-39,2.70E-38
Ch25h,-1.335096369,1.14E-06,2.19E-06
Atad1,-0.32076528,1.20E-05,2.17E-05
Rbm20,1.916963723,1.73E-09,3.78E-09
Shoc2,0.166009566,0.000104544,0.000178067
Epb41l2,-1.400592506,7.46E-55,5.11E-54
Med23,-1.207645619,4.84E-93,6.14E-92
Slc18b1,-1.247330032,2.13E-41,1.12E-40
RT1-M4,-2.810504093,1.08E-10,2.47E-10
Trim26,-0.393931932,9.24E-13,2.29E-12
Gnl1,-0.544360635,2.10E-09,4.57E-09
Mdc1,2.347986244,1.83E-187,6.70E-186
Vars2,-0.67465069,3.32E-14,8.70E-14
RT1-CE12,-1.669489556,1.39E-22,4.63E-22
RT1-CE1,-0.835325157,6.80E-07,1.32E-06
RT1-CE5,0.247275854,0.00168301,0.002623296
Ly6g6f,7.823651843,8.31E-201,3.41E-199
Vwa7,0.815497262,0.000501207,0.000812922
Zbtb12,0.381370223,0.000489931,0.000795419
RT1-Bb,-0.568756639,4.63E-05,8.08E-05
Ring1,-0.181094963,0.000403122,0.000658893
Pfdn6,-0.139173723,0.009369985,0.013637786
Zbtb22,0.361118577,1.40E-15,3.84E-15
Uhrf1bp1,-0.474061702,1.50E-13,3.85E-13
Taf11,-0.418602874,1.55E-13,3.96E-13
Tcp11,4.446253715,1.67E-43,9.18E-43
Def6,3.18158581,3.47E-288,2.70E-286
Fance,-0.38269348,1.34E-11,3.19E-11
Slc26a8,2.72528353,5.73E-161,1.60E-159
Brpf3,0.92797887,1.13E-33,4.98E-33
Rab44,6.842645768,3.63E-214,1.64E-212
Ppil1,1.879576915,2.54E-181,8.64E-180
Fgd2,1.109574848,7.10E-20,2.21E-19
Cmtr1,-0.364243229,5.08E-10,1.13E-09
Tmprss3,3.883859571,1.79E-39,8.98E-39
Ubash3a,2.459216059,7.73E-67,6.58E-66
Rrp1b,0.405348299,9.42E-09,1.99E-08
Rrp1,0.073903162,0.03042889,0.042050087
Trappc10,0.150553247,1.51E-05,2.71E-05
Cfap410,-0.316248286,2.09E-07,4.16E-07
Itgb2,1.990056382,5.34E-37,2.54E-36
Pofut2,-1.508764976,2.24E-214,1.02E-212
Pcnt,0.383147266,1.41E-06,2.69E-06
Bcr,-0.669965503,3.58E-16,9.99E-16
Rhobtb1,-1.324280616,8.48E-115,1.43E-113
Tmem26,0.431668617,0.001873194,0.002908396
Arid5b,-1.6174672,3.26E-86,3.74E-85
Rtkn2,3.854079197,5.28E-192,2.01E-190
Ado,0.255450429,0.003441102,0.005226758
Sirt1,0.629592054,2.48E-32,1.06E-31
Mypn,2.99069757,1.41E-06,2.70E-06
Vgll2,5.486256028,7.43E-07,1.44E-06
Dcbld1,-0.715273465,1.12E-21,3.63E-21
Gopc,-1.215322503,5.42E-136,1.17E-134
Nepn,-4.155854681,6.24E-30,2.51E-29
Msl3l2,-0.400113856,1.64E-11,3.88E-11
Gcc2,-0.792777376,3.90E-52,2.54E-51
Cdk19,0.910473863,1.20E-124,2.29E-123
RGD1310495,1.663341624,0.000201425,0.000336246
Rev3l,0.719103516,1.38E-24,4.84E-24
Lama4,-4.645480898,2.95E-251,1.82E-249
Tspyl4,-1.844061037,1.16E-24,4.08E-24
Adamts14,-1.330085966,2.23E-16,6.24E-16
Fig4,-0.409324731,4.81E-07,9.40E-07
Sec63,-1.508327139,1.49E-170,4.56E-169
Scml4,0.71163377,0.001939049,0.003006385
Crybg1,1.384075958,1.05E-46,6.16E-46
Prdm1,0.380523231,0.000718653,0.001153526
Ascc3,-0.215617673,0.004589071,0.006887681
Sim1,-1.966283973,0.036977178,0.05061926
Septin10,-1.799063541,4.87E-79,5.07E-78
Qrsl1,0.399462639,6.41E-09,1.36E-08
Ell2,2.374816322,4.57E-144,1.08E-142
Rhobtb3,-1.419571071,1.81E-27,6.87E-27
Fam81b,-1.240643315,3.05E-06,5.71E-06
Mctp1,1.791112138,4.99E-26,1.82E-25
Tmem161b,0.287193001,1.80E-06,3.41E-06
Mef2a,-0.479874833,1.05E-13,2.70E-13
Ap3b1,-0.191840549,0.007075565,0.010421364
Zcchc9,0.810372074,8.06E-56,5.65E-55
Xrcc4,0.383189048,1.03E-12,2.55E-12
Aggf1,0.663232953,1.42E-65,1.19E-64
Fam169a,0.535177502,0.008020896,0.011751444
Utp15,0.33104572,3.10E-14,8.11E-14
Rad17,0.72359399,2.37E-59,1.77E-58
Ipo11,0.58182455,1.57E-36,7.40E-36
Zswim6,0.268979635,5.28E-05,9.17E-05
Ercc8,0.12770309,0.00286869,0.004385228
Depdc1b,6.442611586,0,0
Mier3,1.768012926,1.34E-184,4.77E-183
Slc38a9,-0.716146505,4.51E-27,1.69E-26
Snx18,-0.300173208,9.73E-07,1.87E-06
Osmr,-2.745643711,4.02E-198,1.60E-196
Cplane1,-2.631383302,2.05E-64,1.68E-63
Mtmr12,0.154421415,0.001656031,0.00258315
RGD1306502,-0.267550616,0.001981654,0.003068743
Drosha,-0.1450652,0.005125808,0.007652498
RGD1564125,-2.243240737,1.36E-08,2.86E-08
Cdh18,-1.155599461,0.043990114,0.059620833
LOC310177,0.441900874,9.94E-05,0.000169636
Myo10,-1.592119154,7.91E-34,3.50E-33
Otulinl,-1.13008146,7.53E-29,2.95E-28
Trio,-2.005215547,9.23E-78,9.44E-77
Ankrd33b,2.142478414,2.40E-64,1.97E-63
Cmbl,-2.577869173,1.47E-24,5.16E-24
Sema5a,-1.580669012,2.23E-10,5.05E-10
Sirpb2,3.072575421,2.45E-13,6.22E-13
Car1,9.803944195,0,0
Zfp704,-2.792520078,2.00E-63,1.62E-62
Zc2hc1a,-2.116783352,1.69E-64,1.39E-63
Zfhx4,0.804788559,3.51E-06,6.55E-06
Lrrc31,-2.717229261,8.47E-15,2.26E-14
Samd7,5.045606702,2.25E-25,8.06E-25
Phc3,-0.671135003,6.81E-29,2.67E-28
Eif5a2,-1.324703879,5.27E-14,1.37E-13
Egfem1,3.840977421,2.81E-11,6.58E-11
Hps3,0.436510082,4.50E-07,8.80E-07
Kcnmb3,-1.253537439,0.020769677,0.029238645
Ttc14,-0.836816495,2.33E-20,7.30E-20
Ccdc39,-0.686644817,4.05E-10,9.06E-10
Dcun1d1,1.240293735,1.10E-137,2.41E-136
Arse,-0.452915609,3.24E-18,9.63E-18
Fat4,-3.305302707,1.89E-108,2.97E-107
Plk4,5.304122215,0,0
Jade1,-0.864845331,2.87E-59,2.14E-58
Plcxd3,-3.357014035,2.49E-10,5.62E-10
RGD1305938,-1.179691917,4.50E-134,9.54E-133
Fbxo4,-2.44199169,1.02E-127,2.01E-126
Zfp131,0.471430404,7.03E-26,2.56E-25
Nim1k,-1.439305047,2.61E-09,5.65E-09
RGD1306227,2.56736744,9.75E-210,4.30E-208
Slc7a11,1.476869325,3.30E-06,6.16E-06
Noct,1.063681779,2.92E-33,1.28E-32
Naa15,0.283582944,1.17E-12,2.89E-12
Maml3,-0.718589887,2.35E-07,4.66E-07
Cog6,-0.183585532,0.010340757,0.014982905
Nhlrc3,-0.528620421,4.48E-11,1.04E-10
Proser1,-0.324358626,4.64E-09,9.93E-09
Frem2,-2.025174615,4.45E-06,8.26E-06
P2ry13,0.634894131,8.52E-05,0.000146166
Igsf10,-5.508629394,8.92E-148,2.20E-146
Dhx36,0.150281962,0.002069065,0.003198078
Plch1,-1.061137006,0.000572716,0.000925607
Tiparp,-1.426425505,1.39E-80,1.48E-79
Mlf1,4.919666967,3.17E-26,1.17E-25
Rarres1,1.454325072,3.56E-17,1.03E-16
Ppm1l,-0.99743661,9.26E-27,3.44E-26
B3galnt1,-1.837794936,7.90E-40,3.99E-39
RGD1563620,1.178673514,0.030838944,0.042586908
Slitrk3,-3.031810327,0.000341539,0.000560995
Golim4,-0.127830797,0.025481548,0.035533637
Rapgef2,-0.795561623,1.52E-35,7.00E-35
RGD1560010,2.698795438,8.18E-207,3.55E-205
Fnip2,1.005652411,1.02E-53,6.81E-53
Gask1b,-2.482697652,2.27E-173,7.08E-172
Map9,-1.780643018,8.33E-58,6.04E-57
Rbm46,-1.962460629,2.40E-76,2.41E-75
Sfrp2,-1.246699625,1.50E-05,2.70E-05
Tlr2,1.374279409,3.33E-24,1.16E-23
Flg2,-1.548202083,0.032191245,0.044379785
Tchh,-2.196763567,4.70E-45,2.67E-44
Pglyrp4,6.308055475,1.05E-75,1.04E-74
Ilf2,0.315360684,4.43E-13,1.11E-12
Gatad2b,-0.122816526,0.017793263,0.025234703
Crtc2,0.35020853,1.19E-07,2.39E-07
Creb3l4,-2.298728759,5.97E-06,1.10E-05
Iqgap3,3.343698178,2.90E-148,7.19E-147
Rhbg,-3.616455939,3.68E-138,8.16E-137
Sema4a,1.817840897,3.55E-33,1.55E-32
Mex3a,1.072668806,9.12E-08,1.85E-07
Rab25,1.563241683,4.13E-06,7.68E-06
Ubqln4,1.239007244,1.18E-63,9.54E-63
Ash1l,-0.928885782,2.54E-64,2.08E-63
Fam189b,-1.177969318,2.47E-26,9.07E-26
Efna4,-1.068552009,2.13E-12,5.21E-12
Pbxip1,-1.252689128,2.90E-33,1.27E-32
Pmvk,-0.662029237,5.09E-14,1.32E-13
Tdrkh,-1.794803205,6.92E-23,2.33E-22
Cgn,-1.505773242,2.61E-09,5.64E-09
Pogz,-0.126367861,0.008277673,0.01210752
Rfx5,0.213607694,1.38E-05,2.49E-05
Vps72,0.480706552,1.11E-14,2.94E-14
Scnm1,0.900243254,1.60E-34,7.18E-34
Tnfaip8l2,1.493728166,1.62E-59,1.22E-58
Prune1,0.415880397,3.93E-14,1.03E-13
Mindy1,1.080504414,6.14E-44,3.40E-43
Cers2,-0.543853688,4.28E-21,1.37E-20
Adamtsl4,-3.04784634,3.24E-48,1.96E-47
Tars2,0.474089395,4.85E-14,1.26E-13
Plekho1,2.836270532,5.02E-208,2.20E-206
Otud7b,0.605612576,2.84E-52,1.86E-51
Hist2h3c2,4.201542633,3.63E-32,1.54E-31
Hjv,3.844369934,6.89E-07,1.34E-06
Pex11b,-0.134869769,0.012931995,0.018577263
Itga10,0.815138104,0.012146511,0.017493057
Polr3c,0.45070507,3.31E-24,1.15E-23
Prcc,0.689918601,1.71E-49,1.06E-48
Sh2d2a,0.628165034,1.78E-05,3.19E-05
Lrrc71,-1.963835598,7.10E-20,2.21E-19
Cd5l,4.614988677,1.06E-41,5.59E-41
Fcrl2,-1.683474474,5.06E-18,1.50E-17
Kirrel1,-3.070102,2.68E-175,8.55E-174
Bcl9,-2.232236427,2.78E-97,3.73E-96
Chd1l,0.134796936,0.024877132,0.034731717
Sec22b,0.215083645,1.07E-05,1.94E-05
Wdr3,0.111257393,0.004018714,0.006062705
Tent5c,6.917229566,2.04E-265,1.38E-263
Cd101,2.962988836,2.09E-53,1.39E-52
Slc22a15,0.28130563,0.007169734,0.010554808
Ngf,-2.2227193,1.69E-33,7.43E-33
Olfml3,-1.315340337,2.69E-33,1.18E-32
Dclre1b,1.948125412,1.03E-156,2.76E-155
Ap4b1,1.316272842,2.71E-67,2.33E-66
Rsbn1,0.502328997,1.65E-17,4.80E-17
Lrig2,-0.438659229,2.50E-12,6.10E-12
Cttnbp2nl,-0.8743373,2.16E-16,6.07E-16
Inka2,-2.184784852,1.63E-21,5.27E-21
Wdr77,0.289225972,2.10E-05,3.75E-05
Dennd2d,1.291352945,5.19E-25,1.84E-24
Cept1,-0.538409661,6.65E-12,1.60E-11
Gpr61,-1.115232784,0.048311804,0.065179516
Mybphl,-4.034602537,1.44E-16,4.07E-16
Taf13,0.815296016,3.42E-59,2.54E-58
Wdr47,-0.661629824,6.13E-13,1.53E-12
Slc25a24,-0.264637586,0.001476275,0.002311289
Extl2,-1.925190501,5.34E-55,3.68E-54
Cdc14a,0.891206484,2.46E-57,1.77E-56
Sass6,2.941526001,0,0
Slc35a3,-0.230590237,0.000245369,0.000407146
Frrs1,0.372666122,1.40E-06,2.67E-06
Palmd,-3.730300974,3.86E-83,4.24E-82
Plppr5,-4.462501493,1.32E-30,5.40E-30
Snx7,-1.143823908,7.58E-43,4.09E-42
Ptbp2,0.218935275,0.010246552,0.014855141
Arhgap29,-3.142740445,1.72E-150,4.35E-149
Abca4,0.26673869,0.035627153,0.048863871
Bcar3,-2.127140398,5.42E-145,1.29E-143
Sec24d,-1.29518557,5.35E-45,3.04E-44
Cyp2u1,-0.597508449,7.45E-25,2.63E-24
Sgms2,0.418307879,0.018794842,0.026586334
Gstcd,0.618582902,3.33E-27,1.25E-26
Ppa2,0.542110677,3.52E-18,1.04E-17
Tet2,-0.340211793,1.97E-05,3.52E-05
Manba,-0.720648488,1.67E-23,5.72E-23
Tifa,2.190642318,6.84E-91,8.33E-90
Alpk1,-0.499732795,8.67E-09,1.84E-08
Zgrf1,1.883953066,1.26E-81,1.35E-80
Mttp,1.75894337,0.000108671,0.000184914
Rap1gds1,-0.362711266,3.26E-06,6.10E-06
Bmpr1b,-2.613293877,1.38E-09,3.01E-09
Gbp4,-0.438285073,0.000185252,0.000310211
LOC310926,3.06333836,1.18E-34,5.31E-34
Fpgt,-0.423670669,5.31E-24,1.84E-23
Lrrc40,0.243840943,6.31E-10,1.40E-09
Zzz3,0.092765395,0.006144412,0.009107101
Usp33,0.320693398,1.65E-08,3.45E-08
Ifi44l,-0.592476493,4.25E-13,1.07E-12
Ifi44,-0.663936428,9.91E-16,2.73E-15
Plekhg5,-0.746313284,9.81E-14,2.53E-13
Arsj,-1.93324943,3.56E-17,1.03E-16
Rbm43,1.800071003,2.28E-120,4.17E-119
Nmi,-0.118923755,0.022953949,0.032165101
Mbd5,-0.581552044,1.85E-17,5.39E-17
Neb,3.46370964,1.84E-09,4.01E-09
Stam2,-0.268492277,6.40E-08,1.30E-07
Galnt13,-1.965842907,0.00304676,0.004644954
Cytip,1.632362633,6.34E-47,3.75E-46
Ccdc148,-1.650616047,0.001356067,0.002128609
Tanc1,-2.427587773,1.12E-62,8.93E-62
Marchf7,0.145694205,0.019957789,0.028151968
LOC311067,-0.636936237,0.001276156,0.002007647
Zeb2,-1.088308045,3.75E-34,1.67E-33
Psmd14,0.234094068,2.00E-05,3.56E-05
Cobll1,-4.242185358,2.26E-176,7.26E-175
Csrnp3,1.702736764,2.28E-06,4.29E-06
Xirp2,3.479807007,0.000652964,0.001051452
Nostrin,2.349450776,1.66E-48,1.01E-47
Ccdc173,-0.925345801,0.00080178,0.001282293
Ubr3,-0.425164778,0.000145773,0.000245729
Tlk1,1.202917368,6.15E-153,1.58E-151
Ttc30a1,1.645641348,3.57E-05,6.27E-05
Osbpl6,-1.012538183,3.33E-06,6.22E-06
Ccdc141,-2.687400246,7.54E-31,3.10E-30
Zfp385b,0.758542493,0.01990012,0.028077316
Itga4,2.596214092,5.02E-91,6.14E-90
Itprid2,-1.12125225,4.68E-57,3.34E-56
Dusp19,-0.950988215,3.89E-16,1.08E-15
Ctnnd1,-1.102775754,6.14E-80,6.45E-79
Med19,0.28484669,3.50E-11,8.18E-11
Clp1,2.183232411,2.29E-133,4.81E-132
Smtnl1,4.17608978,1.47E-13,3.76E-13
Slc43a1,2.750967239,1.10E-119,1.99E-118
Rtn4rl2,0.733466018,0.015036802,0.021483013
Nup160,1.018045085,1.22E-76,1.23E-75
Fnbp4,0.492071338,5.63E-14,1.46E-13
C1qtnf4,1.907599904,3.16E-07,6.23E-07
Kbtbd4,-0.271682522,5.20E-11,1.21E-10
Ckap5,1.411588615,6.45E-98,8.75E-97
Arhgap1,-0.401858362,2.42E-11,5.71E-11
Large2,-0.368061469,0.00182601,0.002837072
Pex16,-0.913753942,1.31E-52,8.61E-52
Slc35c1,0.724319372,6.70E-27,2.50E-26
Tspan18,-2.363966284,9.14E-115,1.54E-113
Ext2,-1.600308695,1.87E-179,6.20E-178
Accs,-1.479711918,1.83E-102,2.65E-101
Ttc17,-0.407953147,4.55E-07,8.90E-07
Lrrc4c,-3.552211091,1.59E-34,7.13E-34
Pamr1,-1.878266338,1.42E-13,3.65E-13
Pdhx,-1.298365966,1.52E-34,6.83E-34
Nat10,-0.11895974,0.003131219,0.004769294
Arl14ep,-0.120163289,0.005323632,0.007935023
Aven,-0.880478544,3.91E-10,8.76E-10
Meis2,-5.313705332,1.88E-42,1.01E-41
Ccdc9b,-2.419321488,1.23E-45,7.09E-45
Disp2,-0.590780714,0.035357621,0.048512192
Knstrn,5.753820424,0,0
Rpusd2,-0.540595004,1.86E-18,5.57E-18
Knl1,5.000161998,0,0
Rmdn3,0.888288927,1.58E-31,6.60E-31
Dnajc17,0.135679084,0.032210529,0.044400163
Spint1,4.003135348,2.24E-173,6.99E-172
Dll4,-2.782096725,2.23E-55,1.55E-54
Exd1,-4.836613512,1.85E-79,1.93E-78
Nusap1,5.636395611,0,0
Ltk,3.339558907,4.20E-69,3.72E-68
Rpap1,1.456719549,2.68E-82,2.92E-81
Pla2g4b,-0.478925142,0.00067009,0.001078091
Cdan1,0.192972563,0.002827101,0.004324335
Ttbk2,-0.610583916,1.15E-17,3.36E-17
Tmem62,-1.214524035,3.71E-48,2.25E-47
Ppip5k1,-1.377035616,6.52E-33,2.82E-32
Serinc4,-1.403492824,9.91E-28,3.78E-27
Hypk,1.013016652,5.40E-93,6.84E-92
Wdr76,1.823270313,2.28E-109,3.63E-108
Frmd5,-0.877863481,0.001420631,0.002226882
Ctdspl2,0.907293307,5.64E-67,4.83E-66
Spg11,-0.389078336,1.39E-17,4.06E-17
Trim69,-0.911862202,3.64E-13,9.18E-13
Duoxa1,-1.001217692,1.30E-15,3.56E-15
Sema6d,-0.743116058,1.43E-20,4.52E-20
Slc24a5,1.733844968,6.54E-25,2.32E-24
Cep152,1.426953889,9.52E-71,8.70E-70
Atp8b4,2.174452989,4.78E-30,1.93E-29
Usp50,-1.303166779,3.69E-14,9.63E-14
Sppl2a,-0.28873783,5.46E-06,1.01E-05
Mtfr1,3.160550918,5.12E-223,2.54E-221
Ap4e1,0.394163313,7.82E-15,2.09E-14
Tmem127,0.209793728,0.000659872,0.00106223
Dusp2,2.706902265,2.94E-122,5.50E-121
Anapc1,0.181452274,0.000119622,0.000202895
Zc3h8,-0.836780623,1.83E-30,7.46E-30
Zc3h6,-0.446827855,5.64E-10,1.26E-09
RGD1561442,-0.957183943,7.05E-06,1.30E-05
Stk35,-0.168203472,0.000189594,0.000317212
Itpa,0.371455836,1.44E-21,4.67E-21
Slc4a11,-0.367501432,0.002609221,0.004001825
Adam33,-5.442275294,3.62E-129,7.29E-128
Siglec1,-0.486177587,0.00644608,0.009529323
Hspa12b,-2.9292266,4.86E-120,8.83E-119
RGD1311739,0.352618136,0.001215714,0.001915207
Spef1,-0.231209795,0.006179469,0.009157489
Mavs,0.235432836,4.55E-05,7.95E-05
Rassf2,1.38490689,5.08E-34,2.25E-33
Trmt6,0.555114002,1.72E-28,6.65E-28
Lrrn4,-6.369476846,1.16E-102,1.69E-101
Btbd3,-1.355715515,8.90E-32,3.74E-31
Tasp1,0.556353512,1.68E-13,4.28E-13
Kif16b,-1.26020173,6.46E-74,6.22E-73
Rrbp1,-1.811220383,2.00E-182,6.94E-181
Dzank1,-2.041338746,9.49E-39,4.69E-38
Polr3f,-0.619576056,2.78E-33,1.21E-32
Scp2d1,-1.751091258,0.007159967,0.010540953
Rin2,-0.604866056,3.96E-14,1.03E-13
Cfap61,-0.775560341,0.041004065,0.055778199
Kiz,-0.478121785,6.18E-08,1.26E-07
Pax1,2.178881464,0.000886188,0.001412705
Gzf1,-0.143021382,0.000128278,0.00021703
Ninl,0.978430335,1.91E-06,3.62E-06
Nanp,2.388417309,1.92E-290,1.52E-288
Sdcbp2,-1.500197023,3.35E-33,1.46E-32
Fam110a,2.862635896,8.57E-114,1.43E-112
Slc52a3,0.536246324,1.72E-06,3.27E-06
Hm13,0.673891607,2.08E-29,8.26E-29
Tpx2,5.574369806,6.00E-288,4.66E-286
Foxs1,-3.038194357,1.19E-36,5.59E-36
Xkr7,-3.819763536,7.43E-51,4.72E-50
Ccm2l,-2.166765764,5.19E-40,2.64E-39
Pofut1,-0.315066859,1.05E-07,2.12E-07
Asxl1,0.913448055,1.37E-57,9.92E-57
Necab3,0.833678527,3.02E-09,6.52E-09
Itch,0.127463817,0.003565065,0.005408106
Acss2,-2.369049957,1.73E-99,2.40E-98
Myh7b,-2.930205195,4.90E-52,3.18E-51
Cep250,0.465943734,3.24E-14,8.47E-14
Phf20,-0.217342501,8.59E-05,0.000147248
Soga1,-1.688492182,9.48E-70,8.50E-69
Samhd1,0.544030645,2.45E-05,4.35E-05
Rprd1b,0.299157572,2.04E-13,5.20E-13
RGD1563354,-3.81023083,4.95E-69,4.38E-68
Fam83d,3.708270206,3.56E-63,2.86E-62
Zhx3,-1.645788599,1.38E-80,1.47E-79
Chd6,-0.479894983,4.10E-19,1.25E-18
L3mbtl1,2.889136565,3.89E-63,3.12E-62
Tox2,-1.296924774,1.71E-05,3.07E-05
Gdap1l1,-2.398960814,1.58E-18,4.73E-18
Fitm2,-3.202658087,1.11E-255,7.06E-254
Tomm34,0.436634407,2.74E-21,8.82E-21
Stk4,1.538024057,1.02E-71,9.48E-71
Slc35c2,-0.135767178,0.016954538,0.02409835
Ocstamp,-1.271880457,0.000529018,0.000856667
Sulf2,-3.981022167,2.86E-232,1.53E-230
Prex1,1.288761157,1.03E-33,4.57E-33
Slc9a8,-0.729674659,8.07E-40,4.08E-39
Mocs3,-0.433759531,3.04E-15,8.23E-15
Cstf1,0.676682495,2.98E-47,1.77E-46
Npepl1,-0.386237274,8.47E-08,1.72E-07
Pmepa1,-2.46787936,1.02E-31,4.27E-31
Fam217b,-0.656879697,5.93E-13,1.48E-12
Cdh26,-1.051825056,6.50E-09,1.38E-08
Cables2,0.539514012,1.05E-25,3.80E-25
Mrgbp,0.32037398,7.48E-08,1.52E-07
Tcfl5,-0.93705861,0.014464457,0.020698293
Col20a1,-1.431102098,8.12E-26,2.95E-25
Zbtb46,-1.795538675,1.36E-43,7.46E-43
Abhd16b,-1.27842839,0.005407017,0.008053225
Zfp512b,-1.413460352,6.63E-73,6.25E-72
Sox18,-1.255465249,1.16E-12,2.86E-12
Gpr155,-0.408754746,4.01E-05,7.02E-05
Scrn3,0.139655649,0.010882053,0.015737908
Cdca7,4.107175216,0,0
Map3k20,-1.080794705,1.75E-10,3.97E-10
Metap1d,-0.273700379,0.007282568,0.01071345
Ism1,1.071485442,5.30E-11,1.23E-10
Zfp217,2.106307105,7.49E-141,1.71E-139
Psd4,1.977131985,9.63E-42,5.08E-41
Traf2,0.717900191,1.03E-65,8.61E-65
Zmynd19,0.87115765,1.89E-69,1.69E-68
Tor4a,0.788947977,3.31E-09,7.14E-09
Nelfb,-0.266964366,1.21E-11,2.88E-11
Fam166a,0.943345191,2.67E-05,4.74E-05
Tmem203,-0.557228246,2.64E-14,6.93E-14
Ssna1,0.82090885,1.40E-55,9.76E-55
Bmyc,-0.765350708,2.56E-11,6.03E-11
Agpat2,-2.561127634,4.08E-107,6.30E-106
Stkld1,1.03328325,0.004014666,0.006057216
Rexo4,-0.304133546,2.31E-21,7.45E-21
Adamtsl2,0.774219422,0.000126407,0.000213987
Gfi1b,8.936204369,0,0
Ak8,-0.930375257,0.018293913,0.025911194
Ntng2,-1.090975308,1.46E-14,3.86E-14
Urm1,0.221035921,5.80E-05,0.000100562
Zer1,0.551420298,3.70E-15,1.00E-14
Lrrc8a,-1.50198951,3.70E-91,4.53E-90
Dolk,-1.870571232,1.47E-71,1.36E-70
Sh3glb2,-2.392309833,7.47E-75,7.30E-74
Crat,-0.602517997,3.95E-09,8.48E-09
Tor1b,0.18831929,1.30E-05,2.36E-05
Usp20,-0.944283885,6.82E-27,2.54E-26
Gpr107,-0.796140556,4.52E-79,4.71E-78
Abl1,-1.123075828,5.16E-115,8.75E-114
Lamc3,-4.527584326,2.28E-151,5.79E-150
Uck1,-1.778262279,1.54E-152,3.94E-151
Ptges2,-0.818088691,2.57E-14,6.73E-14
Lrsam1,-0.720456046,2.46E-26,9.07E-26
Pbx3,1.812068394,5.61E-133,1.17E-131
Gapvd1,0.892621783,7.85E-72,7.28E-71
Fbxw2,-0.187953916,2.27E-06,4.27E-06
Cntrl,0.976028089,9.52E-30,3.81E-29
Lhx6,-2.866025143,4.99E-75,4.89E-74
Rbm18,0.224258322,3.84E-05,6.74E-05
Mrrf,-1.243093322,1.91E-85,2.17E-84
Rc3h2,0.180158357,0.000143873,0.000242609
Zbtb26,-0.336355091,0.000967431,0.001536669
Rabgap1,-1.096535336,5.62E-81,5.99E-80
Dennd1a,0.283723708,7.88E-07,1.52E-06
Golga1,-0.370098043,1.77E-10,4.03E-10
Rnf32,-0.921958855,1.14E-21,3.71E-21
Paxip1,1.528847448,8.26E-152,2.10E-150
Galnt11,-0.715948869,1.52E-59,1.14E-58
Wdr86,-1.225926304,3.99E-07,7.84E-07
Kmt2e,-0.287800827,4.26E-08,8.74E-08
Gsap,0.993988587,4.05E-33,1.76E-32
Rsbn1l,0.387210363,8.30E-19,2.51E-18
Scaf11,0.227193875,1.73E-06,3.28E-06
Dbf4,4.88089548,0,0
Steap2,-3.005047549,1.42E-100,2.01E-99
Gtpbp10,-0.296036965,7.60E-07,1.47E-06
Golga3,-0.974255226,4.39E-74,4.24E-73
Vps50,0.19146728,1.89E-06,3.58E-06
Pon3,-1.850900639,3.49E-17,1.01E-16
Vsig4,5.061424964,7.00E-53,4.61E-52
Ophn1,-1.63956846,1.44E-134,3.07E-133
LOC312111,2.434309398,0.003441731,0.005227444
Stard8,-0.966376812,1.02E-26,3.78E-26
Col28a1,-4.183222715,5.77E-52,3.74E-51
Tmem106b,-0.950277917,4.79E-41,2.48E-40
Tmem168,-0.453909454,3.95E-10,8.86E-10
Ing3,0.323110791,1.51E-10,3.43E-10
Fam3c,0.519883768,1.32E-10,3.03E-10
Cadps2,-1.792795381,7.21E-72,6.69E-71
Rbm28,-0.386416961,1.92E-16,5.38E-16
Ahcyl2,-2.431644418,1.16E-102,1.68E-101
Nrf1,1.533588358,5.65E-178,1.85E-176
Klhdc10,1.221150421,1.73E-111,2.83E-110
Tmem209,0.557943079,1.79E-30,7.28E-30
Klf14,-4.491211428,3.19E-81,3.40E-80
Plxna4,-1.376635851,9.61E-22,3.14E-21
Wdr91,1.433213597,5.20E-165,1.51E-163
RGD1565367,-2.709749259,4.32E-49,2.66E-48
Cnot4,0.138542332,0.001640779,0.002561115
RGD1306271,-2.069416967,1.43E-36,6.74E-36
Ubn2,0.406946493,1.12E-10,2.58E-10
Luc7l2,0.406562248,6.56E-16,1.81E-15
Slc37a3,-0.493680622,1.23E-13,3.17E-13
Dennd2a,-2.848215648,9.81E-103,1.43E-101
Adck2,-1.507244561,6.25E-91,7.62E-90
Ephb6,-1.35287477,1.00E-12,2.48E-12
Epha1,-0.70018546,0.000277911,0.000459313
Ezh2,3.626593515,0,0
Zfp956,0.882671448,5.77E-28,2.21E-27
Zfp775,-1.453030562,4.86E-37,2.31E-36
RGD1559747,-1.151696041,3.57E-10,8.01E-10
Gimap1,0.290347281,0.000453492,0.000738285
Nfe2l3,-1.108972249,0.000539557,0.0008734
Prr15,-1.69336838,1.13E-07,2.27E-07
RGD1564883,0.72779852,1.69E-10,3.84E-10
Mindy4,-1.414772797,2.69E-41,1.40E-40
Avl9,-0.273166346,3.56E-06,6.64E-06
Kbtbd2,0.107595195,0.009296765,0.013534545
Nt5c3a,3.059660974,0,0
Ppm1k,-1.369052014,1.55E-28,6.03E-28
Abcg2,1.652564511,2.37E-43,1.29E-42
Krcc1,0.325628482,7.84E-14,2.03E-13
Rmnd5a,1.040128004,1.98E-83,2.19E-82
Kdm3a,0.289200421,1.09E-10,2.49E-10
Immt,-0.760374107,6.58E-72,6.12E-71
Tcf7l1,-1.718826929,2.58E-25,9.24E-25
Gcfc2,-0.54657295,1.25E-19,3.86E-19
Dok1,1.312088526,1.97E-73,1.87E-72
Loxl3,-0.59926161,6.23E-07,1.21E-06
Pcgf1,1.717891487,1.80E-126,3.51E-125
Atp6v1b1,-3.0977126,1.73E-19,5.33E-19
Paip2b,-1.072964246,3.31E-27,1.25E-26
Zfp638,0.366141322,3.10E-14,8.13E-14
Dysf,-1.248670305,4.23E-17,1.22E-16
Cyp26b1,-3.854509156,1.03E-78,1.06E-77
Rab11fip5,-1.10514677,4.53E-35,2.06E-34
Smyd5,-0.540618774,2.34E-12,5.71E-12
Fbxo41,-2.020928093,1.28E-12,3.16E-12
Tia1,0.292434834,2.52E-06,4.74E-06
Gmcl1,0.262101674,2.02E-10,4.58E-10
Mcm2,3.748886142,0,0
Chchd4,0.277162712,1.43E-05,2.58E-05
Xpc,-1.059927075,1.99E-69,1.78E-68
Rbsn,-0.722687393,6.50E-38,3.15E-37
Prickle2,-1.399561293,5.10E-19,1.55E-18
Adamts9,-2.166797395,5.38E-103,7.86E-102
Lrig1,1.866195324,4.82E-89,5.73E-88
Pdzrn3,-3.007122278,3.30E-32,1.40E-31
Mtmr14,0.189670732,7.65E-05,0.000131526
Creld1,-1.940271414,1.90E-66,1.60E-65
Emc3,-0.664970428,3.70E-34,1.65E-33
Fancd2,3.591859428,0,0
Atg7,0.729101821,1.29E-18,3.87E-18
Tsen2,-0.252280181,0.009914546,0.014399211
Ift122,-2.221274486,8.07E-96,1.06E-94
Plxnd1,-2.024926146,6.69E-91,8.15E-90
Tmcc1,-0.318444422,5.22E-08,1.07E-07
Marchf8,1.368477737,2.37E-73,2.25E-72
Ankrd26,0.507632815,3.28E-18,9.76E-18
Cacna2d4,-0.909645486,2.17E-27,8.21E-27
Adipor2,-1.417757843,4.01E-43,2.18E-42
Fbxl14,0.7889032,2.55E-74,2.47E-73
Ccdc77,0.979873906,2.68E-30,1.09E-29
Kdm5a,0.218736075,2.11E-05,3.77E-05
Il17ra,2.350611536,6.02E-52,3.90E-51
Hdhd5,-0.606523432,1.74E-10,3.95E-10
Bcl2l13,1.199011591,2.03E-69,1.81E-68
Usp18,0.445573747,0.000859897,0.001372347
M6pr,-0.380675617,8.34E-15,2.23E-14
Phc1,-1.256318797,1.38E-29,5.50E-29
Necap1,-0.557838483,8.06E-17,2.30E-16
Cd163,0.962739836,1.80E-07,3.60E-07
Pex5,-0.485704938,4.32E-20,1.35E-19
C1r,-2.613986484,2.77E-109,4.39E-108
Emg1,0.876306849,1.95E-86,2.24E-85
Lrrc23,-1.208447623,5.29E-12,1.28E-11
Mlf2,-0.37301146,3.48E-08,7.18E-08
Cops7a,-0.649177772,1.29E-15,3.55E-15
Pianp,-1.589412477,3.97E-15,1.07E-14
Akap3,-1.395248368,1.67E-08,3.50E-08
Tspan11,-2.661884927,1.22E-25,4.40E-25
Tspan9,-1.309650543,5.55E-37,2.64E-36
Clec2h,1.888875955,0.003707264,0.005613742
Ppp2r5a,-0.92219824,3.25E-39,1.62E-38
Etv6,0.298100165,0.014541664,0.020804749
Lrp6,-2.107864316,2.42E-242,1.40E-240
Gpr19,2.188177484,8.13E-141,1.86E-139
Gprc5a,-1.793752877,5.49E-12,1.32E-11
Atf7ip,0.82408862,1.57E-57,1.13E-56
Art4,4.972679601,5.35E-79,5.56E-78
Eps8,-1.914528439,1.59E-85,1.81E-84
Recql,-0.586890083,4.38E-53,2.89E-52
Cmas,2.648580718,3.42E-217,1.61E-215
Etnk1,-0.291271623,4.10E-08,8.43E-08
Rassf8,-1.892576938,1.39E-24,4.89E-24
Med21,0.805364525,9.84E-28,3.75E-27
Ppfibp1,-1.908878839,5.16E-121,9.51E-120
Ccdc91,-0.623737236,8.46E-10,1.87E-09
Gdap1,-1.538028352,3.48E-08,7.18E-08
Msc,-1.966823006,5.61E-19,1.70E-18
Tram1,0.352176771,4.61E-10,1.03E-09
Slco5a1,2.454278173,1.05E-11,2.51E-11
Prex2,-2.208042352,1.06E-38,5.24E-38
Arfgef1,0.217350241,0.001502972,0.002352091
Cops5,0.499647879,3.20E-19,9.76E-19
Rb1cc1,0.927159134,2.26E-69,2.01E-68
Sox17,-3.369400235,2.46E-55,1.71E-54
Cyld,0.723518565,1.96E-64,1.61E-63
Tmem68,0.318129479,1.54E-07,3.08E-07
Tgs1,0.58188002,4.36E-48,2.64E-47
Bpnt2,-0.548461321,2.92E-15,7.91E-15
Ubxn2b,1.394267953,7.55E-62,5.92E-61
Kdf1,-1.897793759,1.35E-05,2.44E-05
Tent5b,-4.203147984,3.65E-27,1.37E-26
Wdtc1,0.707127971,8.18E-38,3.96E-37
Tmem222,1.174298106,5.40E-60,4.09E-59
Eya3,0.645916524,6.06E-41,3.14E-40
Ppp1r8,0.730298963,1.37E-71,1.27E-70
Xkr8,-0.706295021,4.38E-12,1.06E-11
Dnajc8,0.923031879,1.85E-93,2.35E-92
Phc2,-0.853974012,7.67E-34,3.39E-33
Csmd2,-2.339799967,1.41E-09,3.08E-09
Trim62,-1.956195427,1.86E-34,8.34E-34
Yars1,0.098573258,0.033003242,0.045446281
Rbbp4,1.064433096,4.09E-92,5.11E-91
Zbtb8a,-2.408440301,1.47E-92,1.85E-91
Lck,0.490350652,1.72E-05,3.08E-05
Epb41,3.243365559,7.40E-182,2.54E-180
Ythdf2,0.143354216,7.67E-05,0.000131916
Snrnp40,1.319469082,7.74E-204,3.27E-202
Serinc2,1.941578556,3.53E-26,1.30E-25
Adgrb2,-0.568588402,0.03531463,0.048455453
Spocd1,-1.681924083,0.028569348,0.039602454
Rad54b,3.244685654,1.98E-106,3.04E-105
Tmem67,-2.383429878,1.80E-93,2.29E-92
Rbm12b,0.792522158,4.45E-14,1.16E-13
Cpne3,0.673113865,5.82E-08,1.19E-07
Usp45,0.87132886,4.85E-35,2.21E-34
Fbxl4,-1.376162678,4.10E-28,1.58E-27
Mms22l,5.905771664,0,0
Klhl32,-1.232535253,1.93E-18,5.79E-18
Ufl1,-0.985465421,1.77E-33,7.75E-33
Map3k7,0.264014168,3.02E-11,7.09E-11
Bach2,2.176943034,9.78E-37,4.62E-36
Casp8ap2,1.514985174,1.19E-87,1.40E-86
Pm20d2,-0.696951088,0.002459477,0.003779605
Rngtt,0.860295245,1.68E-62,1.33E-61
Orc3,-0.448797763,6.43E-17,1.84E-16
Slc35a1,-0.672639807,2.23E-33,9.75E-33
Cfap221,-1.974201018,1.03E-06,1.97E-06
RGD1359108,-2.13860718,4.84E-136,1.05E-134
Lingo2,2.354433748,3.83E-05,6.72E-05
Nfx1,-0.228046084,6.29E-10,1.40E-09
Nol6,-0.604904847,3.69E-30,1.49E-29
Ubap2,0.291928556,4.58E-07,8.97E-07
Kif24,4.863978463,5.00E-238,2.78E-236
Cntfr,-1.037503517,0.002056296,0.00317884
Ecpas,-0.208302003,0.01834091,0.025972088
Hsdl2,-1.59721217,5.44E-149,1.36E-147
Fsd1l,0.897504711,2.16E-18,6.47E-18
Abca1,-2.262116136,1.17E-91,1.44E-90
Nipsnap3b,1.911435466,3.10E-141,7.12E-140
Rnf20,0.487092277,5.31E-28,2.04E-27
Zfp189,-0.317324709,7.47E-06,1.37E-05
Invs,-1.272256218,4.86E-44,2.71E-43
Alg2,-0.867716413,2.39E-35,1.09E-34
Galnt12,-0.488403495,0.001524787,0.002384969
Coro2a,3.870059424,1.77E-132,3.69E-131
Trim14,0.899646028,9.98E-12,2.38E-11
Mcart1,0.482298771,2.24E-27,8.47E-27
Exosc3,0.748812446,7.30E-45,4.13E-44
Frmpd1,1.757511718,0.000275952,0.000456229
Polr1e,0.70560129,3.50E-24,1.22E-23
Zfp618,-2.29292899,1.70E-63,1.38E-62
Whrn,-1.398820278,2.27E-21,7.31E-21
Pappa1,1.047286042,2.17E-14,5.70E-14
Trim32,-1.147901263,2.82E-28,1.09E-27
Megf9,1.038767975,3.64E-09,7.83E-09
Ptprd,-2.562293101,1.91E-58,1.40E-57
Dcaf12l1,3.745880141,2.00E-64,1.64E-63
Stag2,1.560960195,1.96E-187,7.15E-186
LOC313310,0.741486597,0.013487831,0.019340053
Psip1,1.736293291,1.39E-152,3.57E-151
Lad1,-1.731715755,0.000582604,0.000941125
Acer2,-3.931808756,1.03E-138,2.29E-137
Dennd4c,-1.168596187,1.87E-92,2.35E-91
Pigo,0.386134652,5.43E-08,1.11E-07
Focad,-0.524975845,2.18E-10,4.95E-10
Klhl9,-0.248350451,2.96E-10,6.68E-10
Dmrta1,-4.89283858,1.82E-44,1.02E-43
Hook1,2.105935701,4.69E-32,1.99E-31
Cyp2j3,-1.170028243,5.60E-08,1.14E-07
Usp1,2.578919107,0,0
Dock7,-1.932777451,2.23E-120,4.07E-119
Dnajc6,1.847052424,7.51E-21,2.39E-20
Sgip1,-3.741891325,8.98E-35,4.06E-34
Dnai4,0.569009555,1.49E-09,3.26E-09
Mier1,1.230111618,4.08E-129,8.20E-128
Usp24,-0.373033216,2.40E-10,5.43E-10
Pars2,0.581855609,3.55E-12,8.63E-12
Fam151a,-2.2379685,2.32E-06,4.36E-06
Steep1,0.796826855,1.52E-64,1.25E-63
Akap17b,0.359491785,9.88E-07,1.90E-06
Dock11,-0.368809589,0.0046777,0.007014653
Klhl13,-2.218327844,1.33E-80,1.41E-79
Upf3b,1.37862719,2.84E-105,4.28E-104
Rnf113a1,0.815386595,5.42E-09,1.16E-08
Tmem255a,-1.438764287,1.07E-13,2.76E-13
Dmrta2,2.068538612,3.08E-16,8.62E-16
Eps15,0.493423797,2.40E-21,7.72E-21
Zfyve9,-1.861183248,5.03E-35,2.29E-34
Cc2d1b,0.364180628,4.43E-07,8.68E-07
Orc1,3.875214674,0,0
Zyg11a,0.873355825,0.003608992,0.005471656
Dmrtb1,4.434867947,2.16E-14,5.68E-14
Reck,-2.182920203,1.30E-50,8.24E-50
Tmem8b,-1.67376573,3.94E-41,2.05E-40
Hint2,-0.705371099,2.51E-21,8.08E-21
Rgp1,-0.585448631,3.20E-38,1.56E-37
Tln1,0.448513872,4.83E-06,8.96E-06
Ccdc107,-0.555778882,2.10E-20,6.61E-20
Cd72,3.620721324,1.68E-70,1.53E-69
Foxd2,-1.212343423,1.06E-07,2.14E-07
Stil,5.105450823,0,0
Tal1,5.08351714,0,0
Atpaf1,-0.232606199,7.64E-05,0.000131284
Mob3c,0.853241977,3.89E-37,1.86E-36
Mmachc,-1.156279829,7.30E-20,2.27E-19
Hpdl,1.200558454,9.22E-08,1.87E-07
Zswim5,0.564746179,8.76E-08,1.77E-07
Hectd3,-0.373879974,2.47E-12,6.03E-12
Tmem53,-2.295539846,8.20E-44,4.53E-43
Eri3,-0.902448831,2.86E-28,1.11E-27
B4galt2,1.160630013,1.06E-31,4.43E-31
Kdm4a,-0.331252558,6.28E-11,1.45E-10
Tmem125,-1.293239362,0.004543093,0.00682248
Zfp691,0.379526207,0.000161511,0.000271454
RGD1564804,-0.426075003,8.40E-12,2.01E-11
Zmynd12,-3.22178388,2.76E-41,1.44E-40
Rimkla,-1.027048411,6.68E-06,1.23E-05
Foxj3,-0.259238212,3.04E-10,6.84E-10
Hivep3,-0.304299836,0.007732471,0.011344281
Foxo6,-1.887400765,3.10E-07,6.11E-07
Exo5,1.517436228,1.19E-57,8.63E-57
Zmpste24,-0.493880363,1.07E-07,2.15E-07
Rlf,1.636469563,1.91E-110,3.07E-109
Nt5c1a,-0.556113353,0.035067466,0.048145346
Heyl,-1.963904514,2.67E-28,1.03E-27
Utp11,0.49116527,1.58E-27,6.01E-27
Fhl3,1.065616329,1.18E-07,2.36E-07
Sf3a3,1.062585826,2.75E-137,6.02E-136
Zc3h12a,-0.296161618,0.00430418,0.006476849
Snip1,0.295188898,1.77E-11,4.18E-11
Rspo1,-1.695041352,6.86E-27,2.56E-26
Thrap3,0.28709053,4.00E-12,9.70E-12
Col8a2,-2.235207904,1.24E-37,5.99E-37
Ago3,-0.946293859,1.64E-27,6.20E-27
Ago1,-0.275165047,0.000215819,0.000359524
Zmym4,-0.664081508,2.04E-45,1.17E-44
Zmym1,1.301007369,1.60E-60,1.23E-59
Pdik1l,1.099534095,4.68E-58,3.41E-57
Extl1,-0.61928612,0.02701519,0.037553678
Paqr7,-0.764720288,2.24E-14,5.88E-14
Maco1,0.188256418,0.00076002,0.001217613
Srrm1,0.425739846,2.16E-19,6.62E-19
Ephb2,-3.640158543,8.46E-45,4.78E-44
Hspg2,-4.529612355,3.28E-215,1.51E-213
Rap1gap,0.727021116,0.036300637,0.049741457
Hp1bp3,0.592934928,8.71E-77,8.77E-76
Ddost,-0.323683194,3.06E-10,6.90E-10
Vwa5b1,-1.85158957,0.004977756,0.007441982
Ubr4,-0.669738283,1.87E-28,7.23E-28
Mfap2,-3.6982567,3.76E-76,3.75E-75
Crocc,-1.230336778,4.00E-21,1.28E-20
Zbtb17,1.039110022,7.70E-48,4.64E-47
Plekhm2,-0.672855654,2.19E-15,5.96E-15
Ddi2,0.805773526,9.20E-39,4.55E-38
Kazn,-1.595804332,1.10E-20,3.48E-20
Prdm2,-0.316348377,2.85E-06,5.34E-06
Lrrc38,3.12397415,0.006045259,0.008965008
Dhrs3,-2.445738172,9.49E-229,4.90E-227
RGD1305350,-0.119780246,0.007278233,0.010707605
Mad2l2,0.581958019,6.11E-16,1.69E-15
Disp3,1.809371622,0.003203987,0.004876615
Casz1,-1.028647007,6.06E-06,1.12E-05
Clstn1,-2.341141549,6.26E-99,8.64E-98
Spsb1,-2.813892532,2.95E-127,5.80E-126
Gpr157,1.110485264,4.66E-12,1.13E-11
Errfi1,-1.597671959,3.11E-11,7.29E-11
Phf13,-1.342726577,1.20E-99,1.68E-98
Klhl21,-0.709300736,0.000210824,0.000351504
Nol9,0.113964502,0.017559509,0.024917522
Nphp4,-1.465565094,6.36E-20,1.98E-19
Mmel1,4.113203539,7.39E-43,4.00E-42
Plch2,-0.716057378,0.004694298,0.00703776
Ski,-1.630980586,5.87E-86,6.71E-85
Slc35e2b,-0.687374947,5.45E-25,1.93E-24
Mxra8,-3.430652612,2.89E-183,1.01E-181
Cptp,-0.185946176,0.014723445,0.021053622
Acap3,0.427141838,3.48E-11,8.13E-11
C1qtnf12,2.093139577,2.70E-64,2.21E-63
RGD1311517,-0.359936723,9.76E-08,1.97E-07
Noc2l,-0.234202629,1.06E-06,2.03E-06
Fbxl12,0.23673525,0.003501827,0.005314901
Olfm2,-1.92906801,1.97E-08,4.10E-08
Lacc1,-0.805325299,1.27E-15,3.50E-15
Rnf19b,0.398925383,2.14E-12,5.25E-12
Mast2,0.167029588,0.017575198,0.02493859
Vps13d,-0.917507253,5.46E-33,2.37E-32
Vit,1.291987861,0.00121601,0.001915572
Prkd3,-0.791964935,3.32E-49,2.05E-48
Qpct,0.581525278,0.003989861,0.006022555
Cdc42ep3,1.039168596,1.18E-22,3.95E-22
Rmdn2,-1.385441231,1.55E-13,3.97E-13
Hnrnpll,0.370255705,5.38E-17,1.54E-16
Galm,-1.690402246,2.88E-70,2.61E-69
Thumpd2,-0.825006912,1.12E-37,5.43E-37
Pkdcc,-2.625583257,1.39E-62,1.10E-61
Eml4,0.931715704,2.20E-38,1.08E-37
Thada,-0.483575393,3.36E-22,1.11E-21
Plekhh2,-2.511018853,1.21E-51,7.82E-51
Lrpprc,-0.223864447,0.001058945,0.0016769
Fam98a,-0.373662518,4.64E-12,1.12E-11
Rasgrp3,0.358605874,0.000116354,0.000197488
Birc6,-0.398947622,1.36E-08,2.86E-08
Galnt14,-2.972032957,1.72E-28,6.66E-28
Supt7l,0.249616167,1.74E-06,3.31E-06
Zfp512,0.49362425,1.44E-19,4.43E-19
Zfp513,0.420037534,4.12E-10,9.21E-10
Abhd1,-0.976819076,4.12E-32,1.74E-31
Asxl2,0.431729917,3.11E-07,6.13E-07
Efr3b,-1.552380141,4.22E-08,8.69E-08
Ncoa1,-0.994700028,1.52E-108,2.39E-107
Itsn2,0.579485003,1.63E-39,8.18E-39
Fam228a,4.684453939,5.65E-43,3.06E-42
Ldah,-0.979594599,1.09E-76,1.10E-75
Hs1bp3,-0.538988515,2.02E-17,5.87E-17
Matn3,1.611862851,7.78E-07,1.50E-06
Smc6,0.959160036,8.22E-111,1.33E-109
Lratd1,-1.879338628,5.20E-05,9.05E-05
Trib2,0.503717271,5.49E-07,1.07E-06
Lpin1,-1.949498306,3.02E-68,2.63E-67
E2f6,-0.493512941,3.40E-07,6.70E-07
Nol10,0.328771912,4.90E-15,1.32E-14
Grhl1,-2.90025882,5.39E-53,3.56E-52
Mboat2,3.224792361,5.87E-49,3.61E-48
Cmpk2,3.017119062,2.73E-193,1.05E-191
Trappc12,-1.513167441,3.65E-199,1.46E-197
Cbll1,0.699781692,2.55E-88,3.01E-87
Cog5,-0.605416384,7.24E-30,2.90E-29
Ankmy2,0.578448296,1.05E-33,4.65E-33
Klhl15,-0.178428283,0.007576959,0.011125508
Zxdb,-1.191308136,1.24E-24,4.36E-24
Baz1a,1.459773419,1.15E-89,1.38E-88
LOC314140,2.436231632,1.74E-255,1.11E-253
Clec14a,-2.143023405,2.05E-68,1.79E-67
Fbxo33,0.22054334,9.00E-05,0.000154002
RGD1307621,-1.193777509,1.55E-21,5.01E-21
Togaram1,-0.674179411,7.67E-47,4.52E-46
Prpf39,0.233837541,0.000557796,0.000902184
Fancm,1.005541802,7.33E-30,2.94E-29
Klhdc1,0.267721365,0.000224127,0.000372902
L2hgdh,-1.549140662,1.00E-44,5.65E-44
Cdkl1,2.378917266,2.29E-74,2.22E-73
Arid4a,0.794126948,1.04E-37,5.04E-37
Daam1,0.825116847,1.89E-18,5.66E-18
Gpr135,-3.238367637,8.25E-59,6.10E-58
L3hypdh,-3.238176233,1.12E-67,9.67E-67
Snapc1,-0.293433669,8.25E-08,1.67E-07
Zbtb25,-0.499452903,1.17E-19,3.60E-19
Zbtb1,0.189765272,0.001092566,0.001728012
Plekhg3,-0.474182495,6.22E-08,1.27E-07
Sptb,6.617673447,3.24E-248,1.94E-246
Mpp5,-0.37473011,3.48E-10,7.81E-10
Plek2,5.441140662,0,0
Plekhh1,-3.431611994,5.54E-90,6.67E-89
Rdh12,0.775301319,1.08E-06,2.06E-06
Zfyve26,-0.466820994,3.68E-11,8.58E-11
Dcaf5,-0.535502708,5.66E-33,2.46E-32
Slc39a9,-0.688187609,9.08E-38,4.39E-37
Smoc1,-3.36983588,1.57E-93,2.00E-92
Pcnx1,-2.235381719,4.54E-99,6.28E-98
Papln,-3.136417972,6.16E-108,9.62E-107
Riox1,0.494677792,4.55E-13,1.14E-12
Acot3,-1.979574408,3.57E-178,1.17E-176
Mideas,0.461846018,9.08E-20,2.81E-19
Zfp410,0.246100247,5.27E-08,1.08E-07
Fam161b,0.634478863,3.14E-07,6.19E-07
Entpd5,0.910541013,2.54E-11,5.97E-11
Rnf113a2,0.748762363,2.68E-43,1.46E-42
Prox2,-1.476375831,1.42E-14,3.77E-14
Mlh3,0.217731552,6.39E-05,0.000110507
Fos,-1.083594549,1.14E-08,2.41E-08
Flvcr2,-2.63274144,7.74E-46,4.47E-45
Irf2bpl,-1.384356521,1.42E-34,6.38E-34
Cipc,0.343652366,4.98E-09,1.06E-08
Tmem63c,-1.954445297,2.24E-14,5.90E-14
Ddx41,0.282498853,4.75E-13,1.19E-12
Ston2,1.212654171,2.14E-14,5.63E-14
Sel1l,-0.54342061,4.09E-18,1.21E-17
Galc,1.459269472,2.33E-45,1.33E-44
Foxn3,-0.559554139,5.80E-13,1.45E-12
Tdp1,1.215747078,9.91E-70,8.88E-69
Rps6ka5,0.872282333,8.04E-67,6.85E-66
Gpr68,0.78284607,1.71E-08,3.58E-08
Ppp4r3a,0.836128209,1.44E-116,2.51E-115
Trip11,-0.316008117,5.45E-09,1.16E-08
Rin3,1.003385175,5.22E-20,1.63E-19
Ubr7,1.087506443,9.08E-105,1.36E-103
Unc79,-2.708744423,5.96E-36,2.76E-35
Otub2,2.577008886,1.67E-188,6.15E-187
Serpina1f,3.325157287,0.000241426,0.000400827
Atg2b,-0.306851927,6.95E-12,1.67E-11
Papola,0.565069495,8.18E-32,3.44E-31
Spaca5,-3.090834512,1.86E-22,6.19E-22
Elk1,-0.679358875,3.59E-31,1.49E-30
Degs2,5.91391539,5.73E-61,4.42E-60
Slc25a29,-1.076573306,1.05E-13,2.70E-13
Wars1,-0.409754372,1.26E-17,3.67E-17
Tecpr2,0.186499937,0.030071752,0.041574032
Ankrd9,0.888168495,7.09E-14,1.83E-13
Amn,2.597178976,1.62E-07,3.23E-07
Ppp1r13b,0.828624554,1.78E-25,6.40E-25
Tmem179,-5.383972345,3.19E-193,1.23E-191
Kif26a,-2.443173732,9.82E-38,4.75E-37
Ahnak2,-2.243053898,1.96E-15,5.34E-15
Gpr132,1.761084158,2.20E-35,1.01E-34
Igha,6.353427428,4.25E-51,2.71E-50
Ighv,4.051742536,5.83E-78,5.99E-77
LOC314509,7.382227321,8.67E-65,7.16E-64
Dync2i1,-0.840600414,1.44E-16,4.07E-16
RGD1562420,1.374068412,2.75E-07,5.44E-07
Macc1,-3.13439589,0.000410488,0.000670376
Gulp1,-1.135723651,1.05E-16,2.99E-16
Wdr75,-0.108445368,0.018662126,0.02640744
Osgepl1,-0.857353694,2.12E-39,1.06E-38
Tspyl5,-0.511827437,0.00026797,0.000443429
Zfp563,-0.818071427,2.49E-18,7.41E-18
Zfp472,1.061817717,1.04E-35,4.80E-35
Rasal3,0.211978918,0.04395655,0.059580802
Wiz,-0.983979281,2.13E-89,2.54E-88
Zfp955a,-0.568937459,1.26E-08,2.66E-08
Shc2,-2.481918629,1.45E-26,5.38E-26
Rnf126,0.737928594,4.10E-45,2.33E-44
Plppr3,1.823212696,1.59E-11,3.76E-11
Prtn3,10.42689283,0,0
Arid3a,1.912254671,7.73E-29,3.02E-28
Arhgap45,2.49978728,9.79E-135,2.10E-133
Sbno2,0.489178781,1.24E-15,3.41E-15
Stk11,0.725811426,5.40E-58,3.93E-57
Cbarp,-1.397457831,1.95E-12,4.79E-12
Midn,0.472019117,1.72E-23,5.87E-23
Adamtsl5,-2.041733555,2.58E-16,7.21E-16
Plk5,4.567606437,2.17E-203,9.10E-202
Rexo1,0.271739064,2.65E-06,4.98E-06
Ap3d1,-0.161890196,5.05E-06,9.35E-06
Plekhj1,2.544160737,7.70E-228,3.95E-226
Tmprss9,3.646991634,9.43E-46,5.44E-45
Slc39a3,-0.490825249,1.49E-13,3.81E-13
Zfr2,-1.693469663,1.01E-35,4.64E-35
Tjp3,1.306657927,3.85E-11,8.98E-11
Pip5k1c,-0.313427659,4.73E-05,8.25E-05
Fzr1,2.840261456,6.17E-180,2.06E-178
Dohh,0.207485656,6.83E-05,0.000117836
Celf5,0.899187381,1.27E-06,2.43E-06
Ncln,0.365450728,2.54E-11,5.97E-11
S1pr4,3.44825614,9.57E-97,1.28E-95
RGD1564744,-0.990903455,0.004497558,0.006757873
Myo1f,2.077016546,2.30E-27,8.67E-27
Adamts10,-1.861507893,1.54E-56,1.09E-55
RGD1564409,-3.056953036,3.21E-44,1.80E-43
Btbd11,-0.349990289,0.034184907,0.046999084
Ric8b,-1.029882805,1.03E-100,1.46E-99
Tcp11l2,2.164284625,2.10E-175,6.71E-174
Washc4,-0.457776106,6.80E-12,1.63E-11
Chst11,-0.30384457,0.001783052,0.002773532
Hcfc2,-0.169133527,1.73E-05,3.10E-05
Spic,3.85254656,4.22E-146,1.02E-144
Scyl2,0.251268746,4.59E-13,1.15E-12
Anks1b,1.635825135,0.000963689,0.001531055
Ikbip,-1.820758463,9.41E-98,1.27E-96
RGD1565866,1.646386449,4.85E-10,1.08E-09
Cdk17,0.611685214,1.15E-24,4.06E-24
Usp44,1.658448717,7.59E-41,3.92E-40
Tmcc3,-3.17923005,4.48E-146,1.08E-144
Cradd,-0.401512032,0.002376916,0.003655958
Eea1,-0.778513928,1.45E-59,1.09E-58
LOC314776,0.772789492,8.71E-05,0.00014921
Tmtc3,-1.235783017,9.28E-75,9.05E-74
Cep290,1.26965694,5.10E-57,3.64E-56
Mettl25,0.169675058,0.005286348,0.00788223
Ccdc59,0.678617067,2.30E-24,8.02E-24
Acss3,-3.114459783,2.49E-78,2.57E-77
Nav3,-3.604134331,9.64E-113,1.59E-111
E2f7,5.003437298,0,0
Osbpl8,0.601303505,1.20E-19,3.71E-19
Krr1,0.422702536,6.85E-23,2.30E-22
Ptprb,-3.487442783,4.74E-181,1.61E-179
Frs2,-0.429713831,4.79E-23,1.62E-22
Cpm,1.454227839,3.72E-15,1.00E-14
Mdm2,0.591471186,1.13E-36,5.32E-36
Mdm1,1.715798685,8.37E-184,2.94E-182
Dyrk2,-0.335635634,0.00095376,0.001515606
Irak3,-0.323159611,0.00019691,0.000329025
Xpot,-0.485627791,3.40E-37,1.62E-36
Mon2,-0.43342757,1.20E-17,3.51E-17
Arhgef25,-0.95279623,1.36E-15,3.74E-15
Nab2,-0.297908401,3.24E-09,6.98E-09
Zfpm2,-2.764819329,1.70E-49,1.06E-48
Lrp12,-0.566389669,9.41E-13,2.33E-12
Rad21,1.759673509,8.38E-218,3.95E-216
RGD1359449,-0.734568973,0.00504203,0.007531603
Asap1,1.040617149,1.08E-62,8.60E-62
Phf20l1,0.435254926,1.21E-09,2.65E-09
Deptor,-3.407421554,9.76E-167,2.89E-165
Col14a1,-3.707955196,1.07E-32,4.59E-32
Zhx2,-1.782419759,5.64E-36,2.62E-35
Atad2,3.230767314,0,0
Klhl38,1.284985863,0.019881684,0.028052642
Fer1l6,-2.861064971,1.11E-42,5.97E-42
Trmt12,0.662771365,7.68E-27,2.86E-26
Rnf139,1.378207068,2.54E-95,3.31E-94
Slc25a32,-0.255298532,0.000130395,0.000220498
Spag1,-1.53385708,1.34E-25,4.82E-25
Fbxo43,1.724878225,0.00011007,0.000187154
Vps13b,-0.399713328,1.22E-07,2.45E-07
Atmin,0.331530965,1.99E-07,3.96E-07
Osr2,-3.428145189,2.39E-11,5.63E-11
Laptm4b,-2.162078482,2.31E-152,5.89E-151
Dennd3,0.676395781,3.25E-11,7.61E-11
Chrac1,0.202630963,0.00296764,0.004530402
Trappc9,-0.717128666,2.18E-32,9.33E-32
Col22a1,0.704317886,0.049597536,0.066833553
Jrk,-0.131490563,0.048019975,0.064803528
Gsdmd,-0.798162422,1.33E-26,4.93E-26
Naprt,0.478083639,9.77E-14,2.52E-13
Zfp707,-0.17725141,0.01515228,0.021641725
Spatc1,-3.386707293,1.91E-38,9.38E-38
Maf1,0.997633043,1.59E-98,2.18E-97
Hgh1,0.294448214,2.52E-11,5.92E-11
Tssk5,-1.493662935,1.73E-08,3.61E-08
Zfp7,-1.736860358,2.11E-95,2.76E-94
Apol3,-0.416279234,3.25E-07,6.40E-07
Apol2,10.26495071,0,0
Foxred2,-1.329090857,6.00E-29,2.35E-28
C1qtnf6,-3.464542087,2.00E-129,4.05E-128
Card10,-1.07745569,1.99E-28,7.69E-28
Cdc42ep1,-1.439173032,2.12E-23,7.21E-23
RGD1359634,-0.526265132,1.93E-13,4.93E-13
Kdelr3,-0.40125176,3.10E-07,6.11E-07
Ddx17,-0.847526456,1.43E-24,5.03E-24
Josd1,-0.158759635,2.95E-05,5.21E-05
Cbx6,-1.48360718,1.10E-39,5.52E-39
Apobec3,2.288557426,7.88E-196,3.09E-194
Tab1,0.925729523,1.31E-66,1.11E-65
Mief1,0.235958039,1.46E-15,4.01E-15
Fam83f,-2.159059647,5.92E-20,1.84E-19
Adsl,0.258988864,0.018797089,0.026586971
Mrtfa,0.296280278,0.002784099,0.004260762
Zc3h7b,-0.503446611,1.63E-08,3.42E-08
Tob2,-1.080492613,2.63E-25,9.40E-25
Desi1,-0.192909139,0.003826338,0.005787238
Shisa8,2.643437529,1.26E-09,2.76E-09
Cenpm,4.775147211,0,0
Naga,-0.312104568,7.01E-07,1.36E-06
Smdt1,-0.260070091,0.001162347,0.001833967
Poldip3,0.634364845,1.35E-68,1.19E-67
Scube1,2.024039844,7.03E-18,2.07E-17
Efcab6,2.422303664,1.46E-06,2.79E-06
Prr5,-2.961341747,2.38E-108,3.73E-107
Upk3a,3.379474023,3.72E-06,6.93E-06
Fbln1,-3.226661355,1.89E-53,1.26E-52
Wnt7b,-2.880685123,7.43E-08,1.51E-07
Gramd4,-1.50950858,1.34E-109,2.14E-108
Zbed4,1.404671925,1.16E-30,4.76E-30
Alg12,0.441951704,8.70E-12,2.08E-11
Ttll8,-1.924395345,0.001696613,0.002643803
Mlc1,2.163976233,0.000966036,0.001534536
Selenoo,-0.418741307,2.71E-15,7.35E-15
Plxnb2,-0.923072133,3.88E-23,1.31E-22
Lmf2,-1.480977122,2.48E-132,5.16E-131
Tymp,-1.071946681,1.70E-07,3.39E-07
Mapk8ip2,2.477105422,0.001236353,0.001946581
Arsa,-1.828010447,1.37E-143,3.20E-142
Prickle1,-2.279096366,3.80E-69,3.37E-68
Adamts20,1.044350131,0.045023808,0.060946434
Pus7l,-0.526065783,1.32E-20,4.17E-20
Twf1,-0.437364768,7.42E-17,2.12E-16
Ano6,-1.109054297,2.24E-54,1.52E-53
Pced1b,1.370492481,7.41E-55,5.07E-54
Tmem106c,-0.985986763,3.67E-32,1.56E-31
Asb8,-0.432465358,4.98E-12,1.20E-11
Ccnt1,0.94591706,4.03E-50,2.53E-49
Wnt10b,-0.924190438,1.51E-05,2.71E-05
Nckap5l,-2.297863004,4.56E-137,9.94E-136
Racgap1,5.804011305,0,0
Atf1,1.126799992,8.15E-131,1.67E-129
Mettl7a,-2.73262012,2.63E-207,1.15E-205
Csrnp2,-1.074855464,4.94E-20,1.54E-19
Tfcp2,-0.868216851,2.05E-42,1.10E-41
Slc4a8,-2.044586914,2.12E-11,5.00E-11
Krt80,-4.040381985,1.82E-63,1.47E-62
Krt84,-2.116910866,0.000925176,0.00147216
Krt4,3.659756698,3.94E-20,1.23E-19
Tns2,-2.717339391,2.18E-77,2.21E-76
Spryd3,-1.352948025,1.63E-68,1.43E-67
Mfsd5,-0.257769942,2.21E-06,4.17E-06
Espl1,5.866436238,0,0
Atf7,-1.367746935,1.48E-94,1.92E-93
Hoxc5,-3.636212196,1.99E-100,2.81E-99
Smug1,-0.912761823,1.56E-36,7.34E-36
Copz1,0.453768829,4.10E-22,1.35E-21
Itga5,-1.610074302,1.52E-51,9.80E-51
Gtsf1,3.197285575,3.17E-06,5.93E-06
Nckap1l,2.062838304,7.35E-60,5.54E-59
Irs4,-3.856212204,2.36E-14,6.20E-14
Nxt2,1.532829429,1.05E-93,1.35E-92
RGD1566355,0.543474589,0.000176057,0.000295165
Tmprss6,-1.141157094,0.002685849,0.004116149
Kbtbd3,-0.321899281,2.54E-05,4.51E-05
Dcun1d5,0.345914896,1.76E-19,5.41E-19
Cep126,-1.608772698,9.40E-18,2.76E-17
Mtmr2,0.218830606,2.95E-08,6.12E-08
Cep57,1.786501094,1.10E-176,3.55E-175
Sesn3,-0.597676171,1.01E-13,2.59E-13
Amotl1,-1.209969074,2.13E-09,4.62E-09
Ankrd49,1.012477021,4.99E-105,7.52E-104
Panx1,0.885023078,1.02E-13,2.62E-13
Deup1,-0.925359652,0.000223388,0.000371715
Slc36a4,-0.699841414,1.18E-20,3.73E-20
Chordc1,0.730318509,3.28E-48,1.99E-47
Muc16,-7.928416071,6.44E-49,3.96E-48
Tmed1,-0.761171122,5.32E-12,1.29E-11
Timm29,-0.147678411,0.005575613,0.008294726
Odad3,-1.452231556,1.45E-07,2.91E-07
RGD1561444,-1.049341225,1.19E-09,2.61E-09
Snx19,-0.386983004,3.34E-10,7.51E-10
Eepd1,-3.317714302,6.24E-48,3.76E-47
Ncapd3,2.588044122,7.54E-250,4.57E-248
Jam3,-2.485687857,1.00E-78,1.04E-77
Igsf9b,-2.424219922,3.39E-14,8.86E-14
Nfrkb,-0.39039847,1.23E-08,2.60E-08
Tmem45b,-4.435549561,4.03E-82,4.37E-81
Arhgap32,-2.854256637,8.15E-68,7.05E-67
Fli1,1.084633936,8.20E-46,4.73E-45
Kirrel3,-1.986762309,1.06E-19,3.28E-19
Foxred1,-0.733367635,2.77E-30,1.12E-29
Srpra,-0.620689106,6.55E-27,2.45E-26
Fam118b,0.455702269,9.61E-25,3.39E-24
Rpusd4,-0.314584184,3.92E-10,8.77E-10
Pus3,0.111095486,0.010754752,0.015558365
Robo3,-2.244067845,2.04E-21,6.57E-21
Panx3,3.439347153,6.41E-10,1.42E-09
Jhy,4.634535285,1.54E-25,5.55E-25
Ubash3b,2.351397683,1.45E-87,1.69E-86
Tbcel,1.340230891,1.13E-39,5.69E-39
Tlcd5,-2.185541985,2.79E-25,9.96E-25
Oaf,-1.126070123,5.57E-30,2.24E-29
Mfrp,-0.775332913,0.006389521,0.009450434
C1qtnf5,-1.583921351,8.78E-35,3.98E-34
Foxr1,3.580014057,3.11E-37,1.49E-36
Kmt2a,-0.740539915,2.40E-34,1.08E-33
Ube4a,-0.636411553,2.73E-21,8.78E-21
Cd3e,-0.461777635,0.020212122,0.028491705
Jaml,2.807874914,1.89E-33,8.30E-33
Dscaml1,-2.150170871,4.47E-07,8.76E-07
Sidt2,-1.132366437,1.70E-104,2.53E-103
Rbm7,0.809590426,2.48E-73,2.35E-72
Bco2,1.30475308,1.11E-14,2.95E-14
Pih1d2,-0.846951037,5.42E-23,1.83E-22
Ppp2r1b,-0.874169773,8.52E-39,4.21E-38
Sik2,-3.385121724,3.37E-285,2.56E-283
RGD1562811,3.131423865,1.90E-20,5.98E-20
Colca2,0.774684307,2.24E-06,4.22E-06
Zc3h12c,-0.573321667,3.23E-10,7.27E-10
Exph5,-0.798184633,0.003336513,0.005073105
Poglut3,-1.57906831,2.42E-144,5.72E-143
Npat,0.74454098,9.07E-40,4.57E-39
Rab39a,-0.894650028,0.000119744,0.000203091
Tnfaip8l3,-1.763143413,4.38E-12,1.06E-11
Gldn,-2.121808491,8.88E-14,2.29E-13
Dmxl2,1.213382091,2.06E-18,6.16E-18
Peak1,-0.747133612,1.49E-31,6.23E-31
Hmg20a,0.201833438,1.37E-08,2.87E-08
Lingo1,-0.89633308,1.36E-05,2.46E-05
Odf3l1,-1.461752236,1.18E-07,2.37E-07
Snx33,-2.044967235,6.72E-138,1.49E-136
Imp3,0.359176249,6.45E-07,1.25E-06
RGD1305464,1.19396486,3.06E-27,1.15E-26
Rpp25,-1.718017605,8.85E-27,3.29E-26
Csk,0.951358917,5.04E-48,3.04E-47
Edc3,0.643608726,2.90E-44,1.62E-43
Sema7a,-1.398123889,1.22E-07,2.45E-07
Ccdc33,-2.359250573,0.004796824,0.007184187
Pml,1.133988463,5.39E-76,5.37E-75
Loxl1,-2.025899175,4.34E-42,2.31E-41
Cd276,-1.742995271,3.98E-23,1.35E-22
Adpgk,1.390988654,1.38E-74,1.34E-73
Thsd4,-3.468698715,2.00E-72,1.87E-71
Larp6,-2.184578147,1.31E-27,4.98E-27
Uaca,-1.556169839,8.08E-22,2.64E-21
Kif23,5.445487231,3.80E-277,2.75E-275
Itga11,-2.457140075,7.03E-90,8.46E-89
Fem1b,0.204134477,0.004913446,0.007351036
Lctl,-1.846324063,6.55E-17,1.87E-16
Dennd4a,4.281466089,0,0
Dpp8,0.272790984,4.58E-17,1.31E-16
Igdcc3,-0.953965277,3.75E-16,1.05E-15
Parp16,-0.707068896,3.97E-25,1.42E-24
Cilp,-2.807144299,2.48E-39,1.24E-38
Rasl12,-3.549901818,1.77E-66,1.49E-65
Mtfmt,-0.63379274,6.09E-16,1.69E-15
Plekho2,0.574302318,6.68E-12,1.61E-11
Trip4,0.180216038,2.53E-05,4.50E-05
Herc1,1.139638925,3.84E-44,2.14E-43
Tln2,-3.359188047,2.71E-67,2.33E-66
Sltm,1.505190972,1.47E-136,3.19E-135
Cgnl1,-4.022579602,1.38E-106,2.11E-105
Zfp280d,0.669692618,4.10E-61,3.17E-60
Rfx7,0.690168767,3.97E-27,1.49E-26
Prtg,-2.912147492,5.04E-20,1.57E-19
Myo5c,6.064814814,3.41E-85,3.85E-84
Bmp5,1.753207375,4.62E-29,1.82E-28
Fam83b,-3.034428143,5.24E-12,1.27E-11
Klhl31,2.498627092,6.40E-05,0.000110617
Myo6,-2.435464633,7.26E-83,7.97E-82
Phip,0.468210139,2.22E-14,5.83E-14
Elovl4,-1.020921773,0.011095225,0.016032095
Ttk,5.778323635,1.72E-164,4.96E-163
Ibtk,2.619728058,7.20E-221,3.52E-219
Ube3d,0.985477929,1.37E-14,3.63E-14
Prss35,1.228953838,0.000130089,0.000219993
Tbx18,-2.116461244,3.25E-33,1.42E-32
Snx14,-1.436739508,6.49E-99,8.97E-98
Adamts7,-2.604044592,2.60E-67,2.23E-66
Tbc1d2b,-0.833085861,1.40E-29,5.56E-29
Zic4,3.339786059,0.012011966,0.017307715
Plscr2,-1.192983699,2.07E-17,6.01E-17
U2surp,0.47049534,9.03E-36,4.17E-35
Paqr9,5.579980086,2.73E-49,1.69E-48
Nrk,-4.102875662,1.50E-31,6.28E-31
Rnf128,0.547530126,0.011021745,0.015929196
Tbc1d8b,-0.596615964,1.48E-16,4.17E-16
Morc4,-1.748229904,5.29E-72,4.93E-71
Frmpd3,-4.432082951,1.06E-38,5.23E-38
Lysmd3,-0.227899393,0.017694796,0.025099868
Pls1,3.56913036,1.25E-49,7.80E-49
Zbtb38,-1.341143284,9.64E-28,3.68E-27
Nme9,2.983502845,6.91E-05,0.000119289
Armc8,0.100586791,0.020545427,0.028942237
Dzip1l,-1.426084717,3.51E-17,1.01E-16
Slc35g2,0.722552753,0.032506062,0.044797099
Stag1,0.689735024,3.31E-47,1.97E-46
Msl2,0.780009414,9.74E-58,7.06E-57
Ky,3.059580697,8.85E-06,1.61E-05
RGD1310507,1.849914408,1.54E-17,4.49E-17
Topbp1,1.967240859,8.35E-200,3.36E-198
Cdv3,0.726753818,2.22E-60,1.70E-59
Acad11,-3.170497278,1.45E-195,5.67E-194
Nek11,-1.038926601,1.56E-09,3.40E-09
Col6a6,-5.819349136,4.66E-123,8.77E-122
Col6a4,0.774204365,0.003214039,0.004891159
Rbm15b,0.270041842,1.99E-07,3.96E-07
Manf,0.316208179,1.02E-07,2.05E-07
Dock3,-1.444687633,1.82E-06,3.45E-06
Mapkapk3,0.26770628,0.032198494,0.044385641
Sema3f,-2.56880967,8.21E-123,1.54E-121
Rbm6,0.21042387,8.19E-09,1.74E-08
Mon1a,-0.629821115,4.62E-34,2.06E-33
Inka1,0.692453269,1.42E-11,3.36E-11
Amigo3,1.181145873,2.83E-39,1.41E-38
Arih2,0.639195931,1.84E-49,1.14E-48
Plxnb1,-1.658743321,5.08E-17,1.46E-16
Camp,13.45392696,0,0
Setd2,0.261216468,1.72E-08,3.60E-08
Nbeal2,1.30144643,1.65E-37,7.96E-37
Als2cl,1.585208098,1.69E-44,9.51E-44
Ccrl2,2.652156032,1.24E-178,4.09E-177
Epm2aip1,-0.660925962,3.26E-21,1.04E-20
Trank1,-2.809161135,2.35E-14,6.18E-14
Dclk3,-2.864305959,4.99E-42,2.65E-41
Glb1,-0.421846399,1.67E-09,3.64E-09
Cnot10,0.300277027,1.26E-12,3.10E-12
Cmtm6,-0.472832758,2.30E-08,4.79E-08
Osbpl10,-1.045043763,9.88E-15,2.63E-14
Azi2,0.575036518,3.57E-56,2.51E-55
Eomes,0.727382257,8.27E-05,0.00014187
Slc22a14,-2.103998276,0.001518723,0.002375735
Slc22a13,-2.648373487,4.46E-08,9.15E-08
Xylb,-1.353849589,8.36E-31,3.43E-30
Trak1,-1.574046034,3.96E-62,3.11E-61
Zbtb47,-1.089887924,1.66E-05,2.98E-05
Klhl40,4.787765956,6.38E-13,1.59E-12
Gask1a,-3.001272979,3.34E-43,1.82E-42
Pomgnt2,-2.386124794,1.17E-30,4.80E-30
Zfp105,-0.341842617,1.40E-09,3.06E-09
Exosc7,1.229644415,4.20E-117,7.34E-116
Limd1,-0.507979728,2.19E-25,7.86E-25
Lztfl1,-0.347259735,8.48E-07,1.63E-06
Snupn,-0.653431101,7.76E-38,3.76E-37
Abhd5,-1.46754738,1.62E-75,1.60E-74
Gtf2f1,0.408151558,3.65E-20,1.14E-19
LOC316124,-6.522257631,6.86E-180,2.29E-178
Uhrf1,5.876770099,5.33E-279,3.88E-277
Plin3,-0.781221228,2.47E-41,1.29E-40
Fem1a,-0.390963366,0.002747816,0.004208064
Gpr108,-0.199130689,0.000103979,0.000177124
Adgre1,0.450790496,0.003281317,0.004991489
Pp2d1,0.164843964,0.043332118,0.058782896
Satb1,0.387711777,1.67E-05,2.99E-05
Daam2,-1.783632325,2.23E-30,9.08E-30
RGD1307182,2.074942766,6.45E-24,2.23E-23
Med20,-0.158018006,0.000113061,0.000192108
Usp49,0.847902591,4.44E-35,2.02E-34
Prickle4,-2.353514865,2.08E-97,2.80E-96
Frs3,-1.285074145,1.19E-21,3.85E-21
Tfeb,0.389380623,0.000239903,0.000398344
Taf8,0.755442833,7.06E-42,3.74E-41
Guca1b,0.937529164,0.001661584,0.002591401
Trerf1,-1.244274654,1.80E-31,7.48E-31
Tbcc,0.409345575,8.78E-14,2.27E-13
Klc4,-0.261166369,7.90E-07,1.53E-06
Cul9,-1.870662857,1.34E-73,1.28E-72
Abcc10,0.400758294,4.11E-07,8.05E-07
Dlk2,-0.938906956,0.000343568,0.000564203
Tjap1,1.178709045,7.45E-58,5.41E-57
Polh,1.623821241,1.07E-139,2.43E-138
Mad2l1bp,1.662402937,5.62E-107,8.65E-106
Rsph9,-1.272726363,2.37E-09,5.14E-09
Nfkbie,0.614781358,4.05E-16,1.13E-15
Enpp5,-1.536365092,6.88E-70,6.18E-69
Tnfrsf21,0.944447855,4.64E-14,1.21E-13
Cd2ap,-0.83586375,1.84E-62,1.46E-61
Mcm3,4.075513015,0,0
Paqr8,0.861309909,1.14E-08,2.41E-08
Ogfrl1,1.83091191,3.83E-186,1.38E-184
Dst,-3.273160265,1.72E-99,2.39E-98
Imp4,0.629662015,1.67E-53,1.11E-52
Hs6st1,-0.58461167,1.43E-22,4.76E-22
Neurl3,1.221483966,5.73E-43,3.10E-42
Kansl3,-0.243639069,6.47E-09,1.38E-08
Ankrd23,4.281951675,3.70E-15,9.98E-15
Actr1b,-0.798430554,2.34E-37,1.12E-36
Tmem131,0.214915446,0.003776561,0.005713705
Lipt1,-1.254458326,2.06E-43,1.13E-42
Rev1,0.242428808,8.25E-07,1.59E-06
Pdcl3,-0.617294493,6.97E-16,1.93E-15
Npas2,-2.733087309,6.03E-24,2.08E-23
Creg2,-1.506072856,0.000100201,0.000170934
Mfsd9,0.517156199,0.000179933,0.00030156
Nck2,-0.869563931,2.00E-35,9.17E-35
Poglut2,-1.713769184,3.25E-111,5.28E-110
Inpp1,-0.732475315,5.11E-36,2.37E-35
Cavin2,-2.393649788,2.43E-125,4.68E-124
Hecw2,0.304784807,0.029386055,0.040664066
Ccdc150,0.950969991,9.92E-14,2.55E-13
Pgap1,0.666213521,5.88E-05,0.000101956
RGD1306941,0.287809151,3.18E-06,5.95E-06
Tmem237,-0.60159959,1.25E-09,2.75E-09
Flacc1,-2.606061867,1.02E-17,2.99E-17
Fam126b,-1.730932183,2.70E-98,3.69E-97
Aox2,-1.376543189,0.001475919,0.002310854
Aox4,3.786246479,3.37E-06,6.30E-06
Sgo2,5.76866146,0,0
Spats2l,-0.907464488,4.28E-13,1.08E-12
Cyp20a1,-0.991421265,7.52E-98,1.02E-96
Mdh1b,-2.568491967,3.17E-22,1.05E-21
Ccnyl1,-0.318465125,2.82E-06,5.28E-06
Plekhm3,-0.489599964,4.64E-12,1.12E-11
Pikfyve,-0.28491562,3.27E-10,7.36E-10
Crispld1,-2.572809499,2.13E-11,5.03E-11
Shd,0.651178863,0.001449074,0.002270265
Tmbim1,-1.600629229,2.62E-50,1.65E-49
Slc11a1,1.981812491,2.29E-69,2.04E-68
Vil1,-2.328753764,3.56E-07,7.00E-07
Zfp142,-0.899271301,5.37E-36,2.49E-35
Wnt10a,2.461429933,1.75E-08,3.66E-08
Cnppd1,1.418521851,5.73E-104,8.49E-103
Tuba4a,5.340756893,6.76E-128,1.34E-126
Chpf,-1.821169023,2.14E-57,1.54E-56
Epha4,-2.622843861,1.72E-36,8.10E-36
Rnf11l2,1.904993522,5.08E-44,2.83E-43
Rhbdd1,0.877174916,1.76E-27,6.69E-27
Sphkap,-1.069630843,0.017196861,0.024424
Dner,1.275720403,0.000811881,0.001297817
Trip12,-0.141198872,0.000645722,0.001040244
Slc16a14,-2.796499016,2.51E-43,1.37E-42
Csprs,4.930283346,5.82E-67,4.97E-66
Sp140,0.701571036,6.09E-21,1.94E-20
B3gnt7,-0.805747344,8.29E-10,1.83E-09
Usp40,-1.118001106,8.09E-96,1.07E-94
Hjurp,3.718868166,3.46E-217,1.62E-215
Agap1,0.235063005,0.000955426,0.001518171
Asb18,2.719215454,0.015619248,0.022274274
Mlph,-0.746444531,0.001113935,0.001760962
Klhl30,1.99464429,2.91E-12,7.08E-12
Hes6,0.381665136,0.001074122,0.001699933
Asb1,3.91777164,0,0
Ndufa10l1,-1.23989577,8.55E-50,5.34E-49
Sned1,-1.509383331,2.69E-32,1.15E-31
Farp2,-1.957006124,2.90E-83,3.20E-82
Atg4b,0.571823006,6.04E-56,4.24E-55
Chchd2,-1.204884059,5.10E-14,1.33E-13
Fbxl17,-0.174791687,0.00696863,0.010271534
Gin1,0.266386431,7.64E-07,1.48E-06
Gtf2a1l,-2.966531146,1.60E-20,5.03E-20
Fam114a1l1,-1.490484599,2.34E-12,5.72E-12
Mettl4,1.479391468,4.04E-71,3.71E-70
Smchd1,1.500727041,1.03E-96,1.37E-95
Lpin2,1.775302567,2.42E-55,1.68E-54
Myom1,1.958903191,1.18E-07,2.37E-07
Tgif1,0.637440106,4.61E-08,9.46E-08
Lama1,1.656956654,0.002431593,0.003737919
Mtcl1,-1.498901829,4.95E-07,9.67E-07
Ddx11,2.370221133,1.29E-115,2.21E-114
Brcc3,0.724370693,2.56E-54,1.74E-53
Etaa1,1.070910015,2.34E-41,1.22E-40
Metrnl,-1.325001093,9.84E-33,4.24E-32
Clptm1l,-0.323972294,7.06E-19,2.14E-18
Etfbkmt,0.248666485,0.036995828,0.050642448
RGD1560857,1.771511049,1.36E-09,2.99E-09
Hhipl2,4.920350243,6.47E-19,1.96E-18
Eif1a,-0.404960786,9.44E-12,2.26E-11
Slc9a7,0.91552887,2.40E-11,5.65E-11
Srpx2,-1.070494884,1.79E-12,4.40E-12
Pcdh19,-3.031713091,2.90E-133,6.09E-132
Diaph2,-0.876130128,4.03E-29,1.59E-28
Apool,-0.452047477,6.96E-09,1.48E-08
Klhl4,-1.862355011,1.21E-20,3.84E-20
Rps6ka6,-1.63687181,0.00399566,0.006031001
Pcdh11x,-1.372526654,0.01358379,0.019471043
Brwd3,0.61082936,1.75E-13,4.46E-13
Itm2a,-1.065502682,4.15E-08,8.53E-08
P2ry10,0.687470661,7.60E-05,0.000130722
Rtl3,-3.209683806,1.82E-19,5.58E-19
Tlr13,1.247554481,1.13E-23,3.86E-23
Magee1,-1.841982204,2.77E-54,1.88E-53
Zdhhc15,-0.602061693,2.06E-18,6.15E-18
Uprt,-1.283435143,3.19E-92,3.99E-91
Rlim,0.273608669,3.32E-09,7.15E-09
Nap1l2,-0.765754227,1.00E-05,1.83E-05
Ercc6l,5.299470171,2.16E-304,1.88E-302
Nhsl2,0.367194607,0.00634365,0.009386812
Taf1,0.353304112,4.81E-15,1.29E-14
Itgb1bp2,2.641897893,1.12E-39,5.62E-39
Nono,0.764375082,1.43E-76,1.44E-75
Zmym3,-0.510984198,2.77E-11,6.49E-11
Arx,-2.273848848,0.00044579,0.000726146
Mageb18,-2.278441199,2.00E-05,3.57E-05
Rpl7l1,0.370383761,4.69E-36,2.18E-35
Mtmr1,0.136931621,0.011594791,0.016727801
Mospd1,-0.33887933,0.000181984,0.000304877
Gpc4,-1.978329568,7.87E-29,3.08E-28
Ddx3x,-0.182000441,3.46E-05,6.09E-05
Ube2q2l,-1.555976352,6.67E-23,2.25E-22
Med14,0.321890793,2.30E-05,4.10E-05
RGD1565685,-0.214137101,2.43E-06,4.57E-06
Bcor,0.417921468,1.02E-09,2.25E-09
Pim2,0.374359202,0.000165968,0.000278724
Porcn,-2.639227364,1.81E-70,1.64E-69
Wdr13,-0.594260405,1.06E-25,3.84E-25
Was,2.300717089,4.97E-92,6.20E-91
Timm17b,1.318788488,4.07E-91,4.98E-90
Tfe3,-0.49557974,1.34E-30,5.49E-30
Ccdc120,-0.520529259,4.15E-08,8.55E-08
Magix,0.772695282,0.015966985,0.022752626
Prickle3,-0.966039835,7.36E-36,3.41E-35
Ccdc22,0.343677635,3.19E-13,8.05E-13
Fus,-0.156205143,0.000562756,0.000909857
Ccnb3,-1.446556291,0.013051306,0.018745016
Shroom4,-2.606872969,2.31E-73,2.20E-72
Spin2a,-3.085305807,5.03E-20,1.57E-19
Ubqln2,-0.461524753,9.32E-11,2.14E-10
Usp51,2.347468867,1.41E-22,4.72E-22
Ddx21,0.424869017,6.53E-13,1.63E-12
Gprasp2,-1.373479472,1.09E-21,3.53E-21
Bhlhb9,-1.691612188,7.05E-177,2.28E-175
MGC109340,-3.598059933,1.48E-57,1.07E-56
Morf4l2,-0.366419847,1.60E-20,5.04E-20
Tsr2,-0.10611412,0.004798547,0.007186403
FAM120C,-2.26383367,1.54E-68,1.35E-67
Phf8,-1.279521154,1.00E-64,8.28E-64
Ribc1,-0.853488814,2.01E-14,5.29E-14
Kdm5c,-0.286497517,2.35E-06,4.43E-06
Wwc3,-1.081473989,1.60E-23,5.48E-23
Hccs,0.959702388,6.08E-87,7.04E-86
LOC317456,-0.937825744,2.57E-07,5.10E-07
Msl3,0.569545725,2.94E-35,1.34E-34
Tlr7,2.068062043,1.05E-43,5.81E-43
RGD1565844,1.521312057,0.000792718,0.001268212
Nhs,-0.478286316,0.000463755,0.000754577
Ppef1,3.726553184,2.75E-60,2.10E-59
Map7d2,-1.727711885,1.35E-16,3.83E-16
Ptchd1,-3.316773269,2.15E-16,6.03E-16
Tab3,1.43876848,1.90E-66,1.60E-65
Smarca1,-0.917699179,0.000251051,0.000416317
Ocrl,-0.565271701,3.40E-14,8.90E-14
Sash3,2.280618463,2.07E-67,1.78E-66
Utp14a,0.463583535,2.76E-21,8.85E-21
Rab33a,-1.423209848,5.30E-13,1.33E-12
Stk26,1.633370779,6.77E-24,2.33E-23
RGD1561327,-1.74540373,0.001140707,0.001801167
Mcf2,-3.299363159,5.21E-13,1.30E-12
Atp11c,-0.509009931,1.34E-10,3.05E-10
Htatsf1,0.308661173,2.35E-15,6.38E-15
Map7d3,-3.357980081,3.51E-95,4.58E-94
Hdx,-1.982128686,5.37E-22,1.77E-21
Baz2b,0.233181064,0.000482797,0.000784224
Apex2,1.222287607,7.02E-53,4.62E-52
Bloc1s6,-0.612114973,3.63E-25,1.30E-24
Rpl13a,0.896735295,7.99E-46,4.61E-45
Bbc3,0.860531178,1.70E-24,5.96E-24
Fzd5,2.775388166,1.24E-98,1.71E-97
Lat2,2.245349838,3.30E-53,2.19E-52
Gsc,-3.328003141,9.04E-17,2.57E-16
Taar8a,-2.121552445,0.000192267,0.000321539
Yrdc,0.229618812,0.000195968,0.000327507
Myod1,4.618429887,0.000540727,0.000875196
Naglt1,-4.710757188,1.40E-46,8.24E-46
Crip2,-1.213945407,5.99E-16,1.66E-15
Scgb3a1,3.269135294,1.13E-16,3.21E-16
Tlr9,0.570269049,0.015423568,0.022009012
Obscn,1.985656484,8.05E-06,1.47E-05
Tmem132a,-1.732409233,8.54E-25,3.01E-24
Nrep,-2.248575522,6.71E-25,2.37E-24
Sla,3.012370503,1.12E-111,1.83E-110
MAST1,1.878166734,4.11E-10,9.20E-10
Tnfsf9,-0.653750301,1.31E-05,2.37E-05
Zbtb16,-2.108003476,8.16E-25,2.88E-24
Sgms1,-0.201177885,0.001570838,0.002454922
Lhfpl4,0.607091066,0.014554442,0.020821016
Spg7,-0.322427737,1.52E-08,3.18E-08
Nsmaf,0.473778652,1.51E-20,4.76E-20
Hcar2,-1.039005181,3.41E-15,9.24E-15
Prss21,0.499628368,0.024203915,0.033833332
Rdh10,0.62361843,1.22E-38,5.99E-38
Nadsyn1,-1.372009625,2.00E-157,5.40E-156
Gtf2i,-0.708079819,6.98E-24,2.41E-23
Aoc2-ps1,-1.844542744,3.45E-38,1.69E-37
Kif15,4.03805984,0,0
Tbx3,-2.998471566,5.23E-27,1.96E-26
Slc29a3,-0.564330418,1.98E-10,4.50E-10
Gsdme,1.27732301,2.89E-23,9.80E-23
Acsm4,-3.164336688,9.06E-14,2.34E-13
Cbr4,-0.913026572,1.40E-19,4.31E-19
Rnasel,0.4958627,1.31E-05,2.37E-05
Bysl,1.302366788,1.58E-93,2.01E-92
Trng,2.753863943,1.91E-21,6.17E-21
Trnl2,3.473045135,3.24E-29,1.28E-28
Trns2,3.289429046,2.53E-29,1.00E-28
Rhebl1,2.025816149,4.85E-84,5.39E-83
Myrip,-3.093649256,9.97E-47,5.87E-46
Nek6,-0.990385173,5.56E-29,2.18E-28
Ston1,-3.248780638,8.05E-71,7.37E-70
Zfp24,0.422359482,2.21E-44,1.24E-43
Wfdc21,-6.026139854,3.37E-46,1.96E-45
LOC360231,2.830303637,1.50E-64,1.23E-63
Top2a,6.008036416,9.72E-253,6.08E-251
Brca2,1.827083029,3.26E-106,4.97E-105
Slit2,-0.872700009,7.05E-06,1.29E-05
Ptprk,-2.590158263,7.18E-97,9.60E-96
RT1-N2,-1.550607962,4.83E-21,1.54E-20
Ptprf,-2.118402106,3.36E-37,1.61E-36
Ptprq,-2.819367882,8.13E-08,1.65E-07
Pla2g6,-1.742746717,3.13E-154,8.16E-153
Crisp2,5.231462191,3.00E-27,1.13E-26
Vegfd,-5.311848416,9.44E-97,1.26E-95
Cep20,0.926901836,4.00E-104,5.94E-103
Ntan1,-0.646760798,2.64E-21,8.49E-21
Mpv17,-0.782137034,8.41E-66,7.06E-65
Parn,-0.325689032,4.48E-15,1.21E-14
Zc3h7a,0.67661344,3.37E-16,9.40E-16
Tvp23a,0.819524916,0.001057776,0.001675316
Emp2,-2.306869536,6.61E-58,4.81E-57
Usp7,2.177592612,1.11E-208,4.89E-207
LOC360472,1.569461039,6.12E-05,0.000105945
Alg1,-0.832438965,1.40E-31,5.86E-31
Nagpa,-0.488050176,5.12E-17,1.47E-16
Glyr1,0.193182717,7.65E-06,1.40E-05
Cdip1,-1.085634686,1.02E-38,5.04E-38
Dnaja3,-0.620478732,1.58E-18,4.75E-18
Tfap4,0.562295558,6.35E-16,1.76E-15
RGD1561796,-0.528325232,2.55E-08,5.29E-08
Linc00514,1.185104906,2.88E-11,6.77E-11
RGD1561157,-1.326312084,1.04E-73,9.91E-73
Flywch1,-0.56948183,4.07E-08,8.37E-08
Traf7,1.209390835,5.87E-99,8.11E-98
Jpt2,1.235819981,3.77E-102,5.44E-101
Tsr3,0.158809853,0.032635345,0.044968982
Lmf1,-0.551561729,5.85E-16,1.62E-15
Ciao3,-0.174280497,0.001809149,0.002812351
Wdr24,0.216897108,1.10E-05,2.00E-05
Jmjd8,-1.516669969,4.56E-161,1.28E-159
Arhgdig,1.474553758,4.37E-09,9.37E-09
Fam234a,-1.648717421,3.79E-50,2.38E-49
Luc7l,0.194607153,0.003707667,0.005614065
Hba-a2,6.776239359,0,0
Nprl3,0.752521196,7.06E-18,2.08E-17
RGD1311343,1.485499352,0.00442421,0.006652393
Dock2,1.53603654,6.50E-24,2.24E-23
Pank3,-1.236976551,2.78E-160,7.72E-159
Ublcp1,1.759560602,1.48E-286,1.14E-284
Clint1,0.501762499,1.26E-08,2.64E-08
Gfpt2,-1.50286887,1.18E-06,2.27E-06
Tbc1d9b,-1.169425559,3.68E-90,4.44E-89
Rufy1,-0.479962291,9.27E-20,2.87E-19
Zcchc10,0.751465708,9.67E-28,3.69E-27
P4ha2,-3.082061316,1.21E-60,9.29E-60
Sap30l,-0.233749554,9.84E-07,1.89E-06
Rnf187,1.720136345,3.71E-129,7.47E-128
Trim11,0.517112925,5.41E-22,1.78E-21
Tom1l2,-0.979089252,3.78E-32,1.60E-31
Slc47a1,1.538383477,5.01E-19,1.52E-18
Akap10,0.122987593,0.037446577,0.051228649
Sat2,-1.012003374,4.01E-13,1.01E-12
Tnfsf12,-1.204864201,1.50E-22,4.99E-22
Plscr3,-0.577745622,1.66E-15,4.53E-15
Phf23,0.521679269,4.94E-37,2.35E-36
Bcl6b,-1.4796698,2.80E-24,9.75E-24
Pelp1,0.623690111,1.07E-25,3.88E-25
Vmo1,-1.5053852,4.94E-07,9.65E-07
Rnf167,1.29439472,2.88E-159,7.92E-158
Inca1,-1.174069801,8.68E-11,2.00E-10
Pimreg,1.131846674,0.000159396,0.000267976
Ncbp3,1.285590493,2.67E-169,8.05E-168
Tax1bp3,-1.254834038,2.07E-30,8.44E-30
Spata22,-1.611016748,0.010655644,0.015418761
Ccdc92b,-2.35595179,6.58E-43,3.56E-42
Mrm3,-0.269403901,0.000466798,0.000759488
Myo18a,0.448048675,1.59E-06,3.02E-06
Rab34,-2.08877678,1.03E-63,8.40E-63
Rpl23a,0.801415645,1.33E-46,7.84E-46
Utp6,-0.279947373,2.10E-13,5.34E-13
Trarg1,-4.757022021,5.08E-219,2.44E-217
Nxn,-1.487484663,1.04E-14,2.77E-14
Dusp14,-1.701622174,2.52E-33,1.10E-32
Tada2a,-0.853601239,7.55E-21,2.40E-20
Dhrs11,4.323017544,0,0
Ggnbp2,0.573823477,1.15E-35,5.30E-35
Brip1,2.612538526,7.48E-98,1.01E-96
Ints2,0.496409363,1.67E-11,3.94E-11
Prr11,4.76605197,2.26E-256,1.45E-254
Trim37,2.056476309,2.14E-151,5.43E-150
Ppm1e,3.171903167,3.51E-67,3.01E-66
Rnft1,-0.29267999,1.54E-05,2.77E-05
Msi2,0.47323211,2.49E-11,5.86E-11
Spag9,-0.984610197,4.94E-41,2.56E-40
Luc7l3,0.602458453,9.92E-33,4.27E-32
Spata20,-0.9478649,0.008804038,0.012845029
Epn3,-1.020767603,0.000112319,0.000190892
Itga3,-2.952456409,7.70E-37,3.64E-36
Cbx1,0.347629017,6.58E-12,1.58E-11
Nfe2l1,-1.632797917,8.23E-28,3.15E-27
Copz2,-1.96319759,7.69E-35,3.49E-34
Scrn2,-0.70030634,4.18E-15,1.13E-14
Cwc25,0.339250702,3.43E-15,9.29E-15
Fbxo47,0.835754176,0.000316272,0.00052062
Ormdl3,-0.894574336,3.06E-49,1.89E-48
Gsdma,1.35241387,0.000515531,0.000835239
Cdc6,6.811265119,0,0
Igfbp4,-1.511668614,1.43E-32,6.14E-32
Krt12,-3.041396119,3.91E-16,1.09E-15
Krt19,-6.766453322,6.84E-52,4.43E-51
Fkbp10,-2.040854886,9.96E-38,4.81E-37
Nt5c3b,0.461696639,1.59E-06,3.02E-06
Naglu,-0.247934459,1.43E-07,2.87E-07
Mlx,0.269152397,2.43E-09,5.28E-09
Retreg3,0.585186043,2.52E-33,1.10E-32
Plekhh3,-0.429730902,7.55E-05,0.000129837
Etv4,0.480196411,0.031512805,0.043489052
Slc25a39,2.39163032,2.80E-121,5.16E-120
Ccdc43,0.224489889,0.007835371,0.011491256
Adam11,0.501854991,0.029578622,0.04092288
Dcakd,-0.349817128,0.000144234,0.000243205
Map3k14,-0.619796244,2.25E-17,6.53E-17
Kansl1,-0.171830511,0.000792944,0.001268504
Cdc27,-0.273331374,7.51E-07,1.45E-06
Taco1,-0.459672536,9.39E-08,1.90E-07
Limd2,2.68679547,6.18E-114,1.03E-112
Icam2,1.015037389,1.53E-10,3.49E-10
RGD1359290,0.93889956,2.52E-73,2.39E-72
Amz2,-0.137788693,0.013052958,0.018746479
Sdk2,-0.387259446,0.008363152,0.012225898
Cdr2l,-1.621816041,2.19E-23,7.46E-23
Gga3,0.243324992,0.000109059,0.000185554
Mif4gd,-1.838171492,1.29E-89,1.54E-88
Llgl2,-1.827517324,1.08E-38,5.34E-38
Sap30bp,0.458765088,4.71E-27,1.76E-26
Ten1,0.851721415,1.04E-27,3.96E-27
Slc26a11,-1.928850426,1.04E-82,1.14E-81
Cep131,0.197193346,0.003042407,0.004638797
Tepsin,0.265213407,2.92E-05,5.17E-05
Bahcc1,-1.847386994,3.18E-69,2.83E-68
Mcrip1,0.385516463,1.21E-10,2.76E-10
Narf,3.179778185,0,0
Wdr45b,-0.328094926,6.58E-24,2.27E-23
Cadm2,-1.76880617,3.21E-07,6.33E-07
RGD1563888,-0.628270374,3.26E-16,9.10E-16
Eva1c,-0.552208018,3.08E-05,5.43E-05
Tmem50b,-2.664050265,3.63E-88,4.27E-87
Dnajc28,-1.003463963,1.20E-08,2.52E-08
RGD1562683,-3.7648439,2.85E-18,8.48E-18
Ttc3,-0.730409879,5.54E-51,3.53E-50
Vps26c,-0.159990695,3.45E-05,6.08E-05
Hmgn1,0.612979432,1.58E-25,5.70E-25
Tfg,-0.419131734,1.69E-21,5.46E-21
Cip2a,5.234186451,0,0
Morc1,2.05784673,2.03E-10,4.60E-10
Gtpbp8,-0.537483694,2.23E-10,5.05E-10
Boc,-3.866220916,6.31E-96,8.32E-95
Gramd1c,1.726320097,7.51E-30,3.01E-29
Rabl3,0.215052608,0.000709512,0.00113941
Fam162a,-0.420228085,8.57E-08,1.74E-07
Pdia5,-0.823713843,8.79E-21,2.79E-20
Snx4,-0.223633894,1.27E-09,2.79E-09
Fyttd1,-1.186765476,3.37E-50,2.12E-49
Ostn,1.271393383,0.005933014,0.008806496
Tprg1,-3.52245986,2.22E-06,4.18E-06
Rtp4,-0.424538862,0.000289603,0.000477863
Dnajb11,0.335586741,4.98E-12,1.20E-11
Tbx1,2.033537221,1.16E-07,2.34E-07
Tango2,0.836446065,3.81E-20,1.19E-19
Ranbp1,0.827395425,1.78E-50,1.12E-49
Ess2,0.884083062,2.15E-99,3.00E-98
Dgcr2,-0.664294961,4.28E-23,1.45E-22
Med15,0.249097356,0.000160268,0.000269396
Lztr1,-0.237183657,1.76E-07,3.52E-07
Spag6l,1.97759988,0.00859095,0.012545891
Prkdc,0.553700613,1.15E-17,3.35E-17
Ccl25,2.360467455,0.002999462,0.004576855
Pnpla6,-0.129134778,0.04140207,0.056285963
Zfp358,-0.398696062,0.009016239,0.013141668
Medag,-4.664148971,3.82E-97,5.12E-96
Pan3,0.443510763,9.97E-19,3.00E-18
Lnx2,-0.285500822,2.14E-07,4.26E-07
Polr1d,0.41342606,1.10E-21,3.56E-21
Usp12,-1.189300998,1.40E-103,2.06E-102
Zfp655,-1.129619108,9.08E-130,1.85E-128
Ccz1b,0.463259031,4.24E-58,3.09E-57
Zfand2a,-0.599346197,6.45E-29,2.53E-28
Sun1,-1.281069729,2.96E-119,5.30E-118
Lamtor4,0.578784369,8.26E-19,2.49E-18
RGD1563400,3.250685342,7.38E-89,8.74E-88
Lrch4,0.781873423,4.35E-34,1.94E-33
Upk3b,-8.232376609,2.67E-57,1.91E-56
Styxl1,-1.360526153,1.53E-33,6.74E-33
Rhbdd2,-0.41205778,6.54E-11,1.51E-10
Rcc1l,-0.287502228,0.000141157,0.000238192
Rabgef1,1.695426037,1.48E-126,2.89E-125
Nupr2,1.41473565,2.49E-61,1.94E-60
Sumf2,-1.122729639,1.56E-45,8.96E-45
Ncor2,-0.833045843,2.38E-29,9.44E-29
Snrnp35,0.200970691,9.33E-05,0.000159491
Cdk2ap1,0.843726691,1.08E-53,7.27E-53
Rsrc2,0.267482938,1.57E-12,3.87E-12
Gpn3,0.221742599,3.78E-07,7.42E-07
Rasal1,1.769142218,9.70E-22,3.16E-21
Sdsl,-0.997927219,4.93E-14,1.28E-13
Med13l,0.458858293,2.38E-11,5.60E-11
Fbxo21,-2.205836704,4.47E-121,8.23E-120
Suds3,1.331562661,3.84E-89,4.57E-88
Pxn,0.202896534,0.002128284,0.003286863
Gatc,-0.149502099,0.003048513,0.004647387
Sppl3,0.219177038,1.12E-05,2.04E-05
Ankrd13a,1.509488611,1.87E-219,9.05E-218
Wscd2,-3.495488172,1.31E-33,5.79E-33
Hscb,1.501588794,1.65E-102,2.40E-101
Ulk1,0.614396573,6.39E-14,1.66E-13
Noc4l,0.63754986,2.08E-19,6.37E-19
Ankle2,0.507596106,4.41E-14,1.15E-13
Abhd11,-0.524872151,2.22E-19,6.81E-19
Kdsr,-1.386226237,5.49E-75,5.38E-74
Cdh19,-1.436122149,2.17E-06,4.10E-06
Lypd1,-3.327475565,2.67E-39,1.33E-38
Tmem163,4.87558083,1.13E-46,6.67E-46
Srgap2,-0.627053695,2.43E-31,1.01E-30
Plekha6,-2.431142534,5.57E-65,4.61E-64
Etnk2,-2.661871522,9.59E-09,2.03E-08
Zc3h11a,-0.35135527,1.96E-10,4.44E-10
Ube2t,6.227705699,1.58E-221,7.75E-220
Shisa4,1.555950259,0.000285028,0.000470577
Kif14,6.580304314,4.33E-253,2.71E-251
Nek7,-1.021359177,1.70E-28,6.61E-28
Uchl5,1.122828741,1.93E-110,3.10E-109
Arpc5,1.014071953,6.64E-61,5.12E-60
Smg7,0.448662377,4.51E-23,1.53E-22
Rgs16,-1.595553917,2.69E-11,6.32E-11
Cop1,0.639165866,1.23E-29,4.91E-29
Suco,1.453711283,4.65E-87,5.38E-86
Prrc2c,-0.649478452,1.44E-10,3.29E-10
Scyl3,0.499315992,5.79E-16,1.61E-15
Ccdc181,1.370632505,5.12E-26,1.87E-25
Sft2d2,-1.18157902,9.29E-36,4.29E-35
Tiprl,0.627162277,2.20E-32,9.38E-32
Mpzl1,-1.619114711,2.73E-65,2.27E-64
Rcsd1,2.035601111,3.56E-82,3.86E-81
Tada1,0.339994512,4.71E-13,1.18E-12
Klhdc9,1.604635192,1.28E-23,4.37E-23
Dusp23,-1.339561334,1.04E-17,3.06E-17
Cadm3,-2.481979522,2.00E-22,6.64E-22
Ahctf1,1.053927103,4.38E-87,5.08E-86
Coq8a,-1.110266513,8.07E-06,1.48E-05
Taf1a,-0.432116487,5.07E-12,1.23E-11
RGD1310587,-1.986135295,2.24E-23,7.63E-23
Rrp15,0.559379365,8.39E-22,2.74E-21
Esrrg,-2.639196168,1.05E-19,3.23E-19
Sertad4,-3.230138012,2.21E-52,1.45E-51
Traf3ip3,1.895942198,2.01E-26,7.41E-26
Fgfrl1,-2.820453377,1.19E-176,3.84E-175
Idua,-1.362996087,7.87E-70,7.07E-69
Mtf2,1.553408347,3.77E-170,1.15E-168
Cdc7,2.401533537,1.00E-232,5.41E-231
Abcg3l2,-1.759320489,3.93E-92,4.91E-91
Helq,1.352729779,4.07E-77,4.12E-76
Plac8,3.0222831,7.35E-92,9.13E-91
Cops4,-0.214144067,8.00E-07,1.54E-06
Pf4,3.580325282,7.41E-127,1.45E-125
Mob1b,0.222271001,0.025911711,0.036109664
Rufy3,-0.715842289,1.56E-15,4.26E-15
Jchain,5.569715824,1.20E-59,9.02E-59
Lnx1,-2.212862795,9.98E-26,3.61E-25
Dcun1d4,-0.314478298,1.57E-09,3.43E-09
Atp10d,-1.423511661,7.07E-46,4.08E-45
Tbc1d1,-0.228727914,0.01917932,0.027110755
Pcdh7,0.56293409,0.027910747,0.038736702
Sel1l3,2.298412312,8.91E-07,1.72E-06
Zcchc4,0.126516074,0.048225963,0.065069639
Pacrgl,0.372699775,4.28E-07,8.39E-07
Cpeb2,-0.692879303,1.94E-15,5.29E-15
Wdr1,0.372520294,4.71E-08,9.65E-08
Tmem128,-0.248832019,0.000139467,0.000235422
Stx18,-0.567008575,1.38E-40,7.09E-40
Man2b2,-0.869207815,2.77E-20,8.68E-20
Tbc1d14,-0.539302168,9.62E-24,3.30E-23
Htra3,-4.925283741,9.29E-260,6.08E-258
Mxd4,-1.041072047,1.70E-58,1.25E-57
Tacc3,3.882556585,0,0
Rnf185,-0.217700792,5.01E-05,8.73E-05
Tbc1d10a,-0.884089397,3.82E-37,1.82E-36
Castor1,-1.907195316,7.37E-40,3.73E-39
Cabp7,-0.865523582,0.002001987,0.003098932
Thoc5,0.128730676,0.002160615,0.003335053
Gas2l1,0.454557306,1.21E-09,2.65E-09
Ogdh,-1.017310587,3.63E-50,2.28E-49
Tbrg4,0.533651374,5.55E-30,2.23E-29
Lgalsl,1.094503702,1.17E-25,4.24E-25
Tmem17,-0.836966556,3.14E-17,9.07E-17
Usp34,-0.491714595,6.10E-12,1.47E-11
Vrk2,0.696253703,4.94E-11,1.15E-10
Ppp4r3b,0.486774479,6.45E-24,2.23E-23
Chac2,2.455948312,1.89E-150,4.77E-149
Abcg3l4,-1.628470087,1.61E-70,1.47E-69
LOC360998,-1.016248424,1.92E-05,3.44E-05
Dusp13,3.658638838,9.97E-31,4.09E-30
Dusp29,2.964286494,5.67E-06,1.05E-05
Zswim8,-1.022534519,4.67E-96,6.17E-95
Chchd1,0.380035885,1.40E-06,2.67E-06
Cfap70,0.270494749,0.048125226,0.064936679
Spetex-2E,1.935681474,0.003149794,0.004797339
Ube2e2,-0.473060876,2.52E-12,6.15E-12
Ngly1,-0.092044216,0.020908219,0.029416881
Fam107a,-2.912024251,5.68E-22,1.86E-21
Rpp14,0.147619587,0.000183734,0.000307755
Txndc16,-0.490957793,3.37E-14,8.80E-14
Ktn1,-1.090479877,4.70E-37,2.24E-36
Tmem260,-0.592082048,6.28E-22,2.06E-21
Armh4,-3.046970841,1.14E-21,3.72E-21
Mettl3,-0.140429392,0.003963547,0.005985888
RGD1308430,0.550681674,4.11E-45,2.34E-44
Lmln2,2.267913017,1.65E-37,7.94E-37
Carmil3,-1.119817595,3.77E-10,8.45E-10
Pck2,2.023124596,3.63E-155,9.57E-154
Tm9sf1,-0.142106206,0.001572073,0.002456592
Parp4,-0.951684897,1.73E-28,6.70E-28
Ska3,3.709244208,0,0
Rcbtb1,-0.205442076,1.36E-06,2.60E-06
Cdadc1,-0.726199806,2.51E-11,5.90E-11
Ebpl,-3.902305335,1.14E-103,1.68E-102
Kpna3,0.77940921,7.70E-14,1.99E-13
Rnaseh2b,2.175304126,9.91E-302,8.45E-300
Ints6,0.962477465,1.13E-38,5.59E-38
Ccdc25,0.425840713,1.90E-19,5.84E-19
Ebf2,-5.668863671,4.60E-93,5.83E-92
Entpd4,-0.407710491,5.26E-10,1.17E-09
R3hcc1,-0.225700914,6.55E-06,1.21E-05
Bin3,1.070200665,1.68E-122,3.13E-121
RGD1308117,-0.755946641,3.57E-11,8.35E-11
Nudt18,-1.971397806,2.02E-126,3.94E-125
Dmtn,3.172549476,2.21E-225,1.12E-223
Xpo7,3.589223046,1.01E-263,6.75E-262
Sucla2,-0.804926966,1.27E-11,3.03E-11
Slc25a30,-1.795873411,7.46E-41,3.85E-40
Dgkh,1.445831762,3.89E-26,1.42E-25
Lmo7,-0.970043461,3.49E-16,9.74E-16
Scel,-4.367165429,1.09E-39,5.49E-39
Slain1,1.838422191,2.75E-19,8.41E-19
Obi1,0.285406822,1.12E-05,2.04E-05
Ndfip2,-0.133633676,0.008766931,0.012792783
Uggt2,-2.795649742,2.75E-51,1.76E-50
Stk24,0.128727084,0.002732724,0.004185819
Top2b,0.797650637,3.18E-34,1.42E-33
Polr3a,-0.265252826,1.01E-06,1.94E-06
Zmiz1,-1.26745147,3.11E-106,4.74E-105
Zcchc24,-1.427257469,4.14E-34,1.84E-33
Plac9,-2.28733895,3.17E-22,1.05E-21
Actr8,-0.459816018,5.98E-34,2.65E-33
Dcp1a,-0.259179173,8.61E-06,1.57E-05
Stimate,0.405970937,4.16E-08,8.56E-08
Smim4,1.005651663,2.43E-36,1.14E-35
Vstm4,-3.307582228,4.06E-148,1.00E-146
Eps15l1,0.28529734,1.16E-06,2.23E-06
Ankle1,5.530047348,2.61E-227,1.34E-225
Sugp2,-0.170601836,0.001890103,0.002933571
Nr2c2ap,-0.266269692,6.19E-09,1.32E-08
Pbx4,-1.243064089,0.001511819,0.00236531
Marchf1,2.154811919,5.10E-44,2.84E-43
Tmem192,-0.248905039,2.37E-06,4.47E-06
Primpol,2.045971409,4.43E-73,4.19E-72
Ankrd37,0.743572589,1.06E-06,2.04E-06
Ufsp2,-0.277135919,4.70E-09,1.00E-08
Fam149a,-1.32588647,5.08E-19,1.54E-18
Eri1,2.161794795,0,0
Leprotl1,-0.226010527,0.00012805,0.000216668
Purg,-0.597529241,1.83E-09,3.99E-09
Hgsnat,-1.307306359,1.88E-132,3.92E-131
Bag4,-1.768075007,1.25E-90,1.52E-89
Letm2,0.386512167,1.01E-07,2.03E-07
Golga7,-0.20413816,7.74E-10,1.71E-09
Alg11,-1.313988749,2.51E-134,5.33E-133
Tfdp1,2.401051025,0,0
Grtp1,-1.991566977,8.56E-17,2.44E-16
Cul4a,-0.20685742,0.000384693,0.000629816
Pcid2,-0.861692866,8.15E-39,4.03E-38
Ankrd10,-1.41220946,3.00E-82,3.27E-81
Cars2,-1.082230062,1.83E-104,2.73E-103
Naxd,0.282819097,2.82E-05,5.00E-05
Asb5,1.651816933,3.93E-05,6.89E-05
Usp19,0.244972288,9.59E-06,1.75E-05
Nsun2,0.763420167,9.76E-74,9.34E-73
Cdc14b,-1.819460011,7.06E-95,9.18E-94
Ercc6l2,-0.252661158,3.79E-11,8.84E-11
RGD1311345,-0.656552585,3.87E-93,4.91E-92
Gkap1,-0.72395363,8.16E-13,2.03E-12
Lect2,1.760883436,0.007362904,0.010826249
Tmed9,-1.719012314,1.33E-134,2.84E-133
Rab24,1.317127344,8.04E-60,6.05E-59
Rnf44,0.38396265,3.40E-20,1.07E-19
Sptlc1,-0.852415851,6.23E-105,9.37E-104
Auh,-1.126175224,2.12E-68,1.85E-67
Spin1,-0.907232778,6.70E-40,3.39E-39
Fbxw17,-0.448105963,7.49E-11,1.73E-10
Fgd3,1.830309401,5.38E-54,3.62E-53
Card19,0.944561806,1.40E-37,6.74E-37
Cd83,0.496329267,7.99E-05,0.000137261
Tbc1d7,-0.1639251,0.004987625,0.007455606
Tmem170b,-0.61658391,7.10E-15,1.90E-14
Pak1ip1,1.892439347,9.18E-167,2.72E-165
Ssr1,-0.246137336,7.87E-06,1.44E-05
Cdyl,0.600647878,8.30E-24,2.86E-23
Pxdc1,-1.862388965,3.61E-93,4.59E-92
Bphl,-2.790725731,2.72E-81,2.91E-80
Dusp22,-1.678778915,8.28E-76,8.21E-75
Hist1h2bd,7.121297026,7.86E-136,1.70E-134
Elmo1,0.797057725,4.64E-13,1.16E-12
Sugct,-2.68971577,1.33E-64,1.09E-63
Svil,-0.940036462,4.25E-08,8.74E-08
RGD1564129,5.215305959,1.31E-55,9.17E-55
Cul2,-0.236260441,3.11E-05,5.48E-05
Ccny,-0.327839568,3.62E-10,8.11E-10
Heatr1,1.466709283,3.01E-117,5.27E-116
Akr1c13,-3.203643993,7.07E-45,4.00E-44
Akr1c15,-2.349223486,7.08E-45,4.01E-44
Asb13,-0.524596365,1.27E-08,2.68E-08
Dhtkd1,-3.090470041,9.37E-49,5.74E-48
Sec61a2,-1.220153535,5.70E-32,2.41E-31
Nudt5,-0.153363163,0.036185074,0.049592292
Bend7,-2.057154106,4.14E-27,1.55E-26
Cdnf,-1.312653877,0.00112773,0.001781628
Acbd7,2.731049153,8.29E-16,2.29E-15
Mllt10,0.194980513,3.47E-05,6.10E-05
Msrb2,-1.164373178,7.00E-28,2.68E-27
Colec12,-1.803828051,1.67E-35,7.64E-35
Riok3,2.497290887,5.42E-265,3.64E-263
Ss18,-0.486074157,4.48E-36,2.08E-35
Rnf125,-2.229760366,1.64E-71,1.51E-70
Mocos,-0.914212355,1.34E-27,5.10E-27
Lims2,-3.943721735,2.78E-63,2.24E-62
Kif20a,2.738484579,4.90E-217,2.29E-215
Paip2,0.296843746,2.99E-09,6.46E-09
RGD1563159,-1.680727821,1.67E-14,4.40E-14
Rell2,-0.845706175,7.95E-20,2.47E-19
Arap3,0.30355261,0.001029885,0.001632279
Yipf5,-0.450555876,1.16E-18,3.50E-18
Rbm27,0.801581725,4.52E-69,4.00E-68
Spink5,-1.897566975,1.72E-05,3.08E-05
Atg12,0.883634535,1.76E-151,4.48E-150
Commd10,-0.441804162,3.60E-06,6.71E-06
Sema6a,-1.878710973,1.20E-65,1.00E-64
Dtwd2,0.743089378,1.21E-28,4.72E-28
Prr16,-0.398184161,0.005353958,0.007975805
Snx24,-1.355447811,1.01E-35,4.68E-35
Adamts19,-2.440900858,7.99E-08,1.62E-07
Hmgxb3,-1.059367567,8.92E-99,1.23E-97
Fech,5.173674168,0,0
Ccbe1,-1.122431498,2.34E-07,4.64E-07
Mppe1,-0.582570147,9.90E-15,2.63E-14
LOC361346,0.387718996,4.03E-07,7.91E-07
Hdhd2,-0.917222078,3.64E-18,1.08E-17
Slc66a2,0.817645199,1.23E-33,5.42E-33
Fbxo15,-0.583726314,8.88E-07,1.71E-06
Bean1,-2.229678158,1.82E-37,8.74E-37
Ccdc102a,0.193404663,0.006417179,0.009489919
Dok4,-0.957807723,3.04E-17,8.77E-17
Polr2c,0.594840066,1.38E-54,9.44E-54
Large1,-0.686882186,6.47E-11,1.50E-10
Tom1,0.476781395,3.72E-16,1.04E-15
Brd7,1.185314378,5.73E-183,2.00E-181
Man2b1,0.547126739,9.41E-09,1.99E-08
Rad23a,2.595110889,1.67E-222,8.23E-221
Adgre5,-0.307347004,0.000154465,0.000259936
Dnajb1,0.848493897,5.35E-44,2.97E-43
Gab1,-0.936052214,4.40E-19,1.34E-18
Abce1,0.258678141,8.38E-15,2.24E-14
Cbfb,0.513267713,8.84E-14,2.28E-13
Lrrc36,-1.328190009,1.33E-15,3.64E-15
Ranbp10,3.246241966,1.66E-226,8.43E-225
Nfatc3,0.328672283,3.25E-07,6.40E-07
Pla2g15,-0.794569575,3.38E-10,7.59E-10
Terf2,0.586753853,1.25E-33,5.50E-33
Cog4,-0.591503217,1.11E-57,8.01E-57
Tmem231,1.227052363,7.53E-49,4.62E-48
Nudt7,-1.532212123,8.58E-49,5.26E-48
Vat1l,-1.246420682,2.10E-07,4.17E-07
Dynlrb2,-3.925591798,9.43E-35,4.26E-34
Cenpn,3.598634334,0,0
Hsdl1,1.033147367,8.25E-167,2.44E-165
Dnaaf1,-1.1631248,7.29E-05,0.000125481
Taf1c,-0.272022742,0.000128912,0.000218077
Cotl1,1.824046035,9.86E-77,9.92E-76
Cibar2,1.772830248,0.01331795,0.019110358
RGD1309651,-3.288960828,1.61E-89,1.93E-88
Emc8,-0.370709418,1.21E-14,3.22E-14
Piezo1,-0.897368401,7.80E-24,2.68E-23
Cdh15,1.380694563,2.12E-06,4.00E-06
Cpne7,-2.506420281,2.03E-34,9.11E-34
Cdk10,-0.654676983,1.04E-20,3.28E-20
Fanca,2.991641934,1.93E-115,3.30E-114
Afg3l1,-0.564078684,3.23E-38,1.58E-37
Dbndd1,0.983142209,0.001511141,0.002364375
Gas8,-1.679464975,6.64E-40,3.36E-39
Abcb10,4.101307274,0,0
Fam89a,-2.188881414,3.35E-27,1.26E-26
Sipa1l2,-0.939345002,1.78E-36,8.36E-36
Ntpcr,-0.829188868,1.42E-12,3.49E-12
Ppil4,0.795731439,2.92E-87,3.39E-86
Ust,-1.133621726,9.35E-33,4.03E-32
Ltv1,-0.771338166,6.69E-49,4.11E-48
Adat2,0.116751676,0.032769155,0.045142849
Ccdc28a,0.680066265,7.73E-33,3.34E-32
Akap7,-1.072733972,2.70E-21,8.69E-21
Hddc2,0.257139348,1.04E-06,2.00E-06
Echdc1,-2.108463431,2.00E-179,6.63E-178
Tppp,-4.177991613,1.22E-55,8.49E-55
Lpcat1,2.409244079,2.22E-260,1.46E-258
Mthfd1l,2.493217639,4.26E-139,9.57E-138
Mtrf1l,0.182611144,0.000257562,0.000426732
Ipcef1,2.527039389,2.23E-43,1.22E-42
Rsph3,-0.845196878,2.02E-09,4.39E-09
Pnldc1,1.16293443,3.70E-20,1.16E-19
Prr18,-1.808989409,3.40E-05,5.99E-05
Zfp52,-0.548598801,1.39E-10,3.17E-10
Lilrb3l,1.828722485,1.01E-17,2.96E-17
Usp29,-0.567081321,0.000629713,0.001015006
Isoc2b,-1.401173605,4.12E-48,2.49E-47
Ppp6r1,0.534289621,2.38E-22,7.90E-22
Eps8l1,1.136681129,7.21E-05,0.000124159
Rdh13,-1.025686316,9.48E-31,3.89E-30
Cdc42ep5,-1.984899226,8.12E-84,9.02E-83
Leng8,-0.906365087,5.00E-27,1.87E-26
Mzf1,-2.843057172,1.10E-93,1.40E-92
Ube2m,0.265364743,5.30E-07,1.03E-06
Ehd2,-4.113541817,1.01E-189,3.80E-188
Meis3,-1.264328277,6.79E-30,2.73E-29
Pnma8a,2.66695017,0.001240664,0.001953161
Vasp,1.691523416,4.98E-59,3.70E-58
Zfp428,0.761827442,6.99E-12,1.68E-11
Dmac2,-0.228185937,3.87E-06,7.21E-06
Hnrnpul1,0.938105184,1.12E-81,1.20E-80
Sertad1,-0.309932247,0.000104624,0.000178192
Pld3,1.544377374,1.92E-31,8.00E-31
Ttc9b,2.813762437,1.60E-08,3.34E-08
Paf1,0.504805516,2.79E-26,1.02E-25
Sirt2,1.196999281,2.18E-44,1.22E-43
Tyrobp,2.880295362,6.01E-112,9.83E-111
Proser3,0.485262459,2.99E-11,7.01E-11
U2af1l4,0.39818368,2.53E-13,6.42E-13
Rbm42,0.31677463,7.44E-18,2.19E-17
Dmkn,-5.620687866,6.01E-59,4.46E-58
Lgi4,-1.331831782,7.58E-07,1.47E-06
Gramd1a,0.279697536,0.000429208,0.000699867
Wtip,-1.072441118,5.86E-18,1.73E-17
Lsm14a,0.764098331,3.32E-73,3.14E-72
Ankrd27,0.269347482,1.75E-05,3.13E-05
Vstm2b,-2.382984013,1.89E-08,3.95E-08
Fam71e1,-1.045941393,2.27E-11,5.34E-11
Vrk3,0.553710327,2.22E-50,1.40E-49
Bcl2l12,1.141251841,3.89E-76,3.88E-75
Rras,-1.81250613,2.11E-84,2.36E-83
Prr12,-0.95969108,2.37E-73,2.25E-72
Prrg2,-1.765044024,1.00E-53,6.71E-53
Aldh16a1,0.271253405,3.75E-11,8.75E-11
Tulp2,-1.010427075,1.38E-10,3.16E-10
Kdelr1,-0.955931267,1.05E-114,1.77E-113
Nomo1,-0.415985993,0.000501833,0.000813759
Gtf2h1,0.475711592,9.02E-15,2.40E-14
Siglech,1.793188449,2.61E-08,5.41E-08
Ube3a,-0.204248757,0.000427299,0.000696908
Trpm1,0.962689063,0.004207249,0.006336791
Fes,1.316118807,3.45E-31,1.43E-30
Tm6sf1,0.764637536,4.09E-06,7.60E-06
Abhd17c,0.579092698,1.83E-14,4.84E-14
Me3,-1.221101852,6.02E-06,1.11E-05
Sytl2,-2.635474584,2.44E-55,1.69E-54
Pcf11,0.185899721,0.004638253,0.006958674
Ppme1,0.281729428,1.13E-08,2.38E-08
Fam168a,-1.629498099,3.74E-74,3.61E-73
Relt,3.687972442,9.41E-277,6.79E-275
Arap1,0.908765511,1.91E-38,9.36E-38
Stim1,0.326918317,0.000112572,0.00019131
Hbb-b1,6.870482416,0,0
Olfml1,-5.137622568,5.59E-42,2.96E-41
Tmem41b,0.345300699,1.26E-11,3.01E-11
Zfp143,0.849329934,4.64E-82,5.02E-81
Eif4g2,-0.259283131,9.62E-14,2.48E-13
Tead1,-2.283247926,2.07E-32,8.84E-32
Cyp2r1,1.237295968,1.20E-33,5.31E-33
Pik3c2a,-1.090534885,1.80E-59,1.35E-58
Ccp110,1.463901986,3.26E-69,2.89E-68
Vps35l,-0.736032355,5.22E-49,3.21E-48
Acsm5,-2.574885158,9.83E-07,1.89E-06
Acsm1,-2.590122744,2.04E-07,4.05E-07
Polr3e,-0.356706548,8.10E-15,2.16E-14
Lcmt1,-0.441645678,2.98E-13,7.54E-13
Nsmce1,0.14127717,0.004888544,0.00731452
Katnip,-0.654135666,4.59E-31,1.89E-30
Spns1,-0.856269455,4.92E-25,1.75E-24
Atxn2l,0.129516073,0.032341933,0.044579217
Hirip3,1.61084976,2.60E-219,1.25E-217
Prrt2,-1.897791477,4.55E-14,1.19E-13
Rusf1,0.372137203,1.07E-07,2.16E-07
Tial1,0.197792825,2.04E-05,3.65E-05
Btbd16,-2.605595408,4.16E-20,1.30E-19
Plekha1,-1.312445531,5.01E-55,3.45E-54
Bub3,1.984601857,5.45E-131,1.12E-129
Lhpp,-1.640122989,3.09E-64,2.52E-63
Eef1akmt2,0.803636923,3.30E-32,1.40E-31
Bccip,0.819769451,4.42E-57,3.16E-56
Dhx32,-0.813854283,3.49E-26,1.28E-25
Ebf3,-0.352054684,0.004347378,0.006539524
Pwwp2b,-2.110369752,1.95E-36,9.14E-36
Ifitm3,-1.621811602,5.18E-75,5.07E-74
Eps8l2,-1.23575947,4.32E-11,1.01E-10
Pnpla2,-4.428545754,0,0
Tollip,-0.264762407,9.06E-14,2.34E-13
Dusp8,-0.87218023,6.74E-06,1.24E-05
Lsp1,0.996201478,6.14E-12,1.48E-11
Tssc4,0.711908512,2.29E-15,6.23E-15
Nap1l4,0.311506182,3.59E-09,7.72E-09
Tnfrsf26,-0.358690853,0.00030752,0.000506665
Osbpl5,-2.47348519,5.89E-100,8.27E-99
Kmt5b,-0.398987104,5.21E-24,1.80E-23
Unc93b1,0.68538952,6.93E-11,1.60E-10
Nudt8,-0.937884757,6.90E-14,1.79E-13
Pitpnm1,-0.539643887,7.65E-10,1.69E-09
Tmem134,0.147886682,0.031560803,0.043549197
Rps6kb2,0.390008691,5.80E-12,1.40E-11
Tbc1d10c,2.098988499,5.45E-63,4.37E-62
Pold4,-0.853059916,7.29E-40,3.69E-39
Ankrd13d,0.678940692,8.36E-08,1.70E-07
Kdm2a,-0.38122796,4.47E-20,1.40E-19
RGD1563323,-1.69194965,5.38E-13,1.35E-12
Ctsf,-1.293822408,6.44E-105,9.67E-104
Cnih2,3.318797822,7.09E-60,5.34E-59
Rab1b-ps1,-0.346788429,0.000390123,0.000638351
Tsga10ip,-0.944596897,3.31E-05,5.83E-05
Snx32,1.307224445,1.39E-69,1.24E-68
Ap5b1,-0.218080796,0.000200409,0.000334624
Sipa1,0.870079471,1.57E-29,6.23E-29
Dpf2,0.434376098,9.89E-39,4.88E-38
Syvn1,0.474020507,6.14E-10,1.36E-09
Rasgrp2,2.323082084,1.84E-116,3.19E-115
Rps6ka4,-0.697141497,3.49E-72,3.26E-71
Dnajc4,-1.406940225,1.41E-41,7.38E-41
Naa40,1.961213203,6.22E-159,1.71E-157
Spindoc,-0.230917599,0.000162973,0.00027385
Bscl2,-0.329014709,3.58E-13,9.02E-13
Mta2,1.225129364,1.98E-145,4.75E-144
Scgb2a1,1.716744818,3.30E-05,5.82E-05
Sdhaf2,-1.787728399,3.40E-119,6.08E-118
Tmem216,-0.625291864,1.65E-26,6.11E-26
Tmem138,2.206782681,7.24E-188,2.65E-186
Cyb561a3,2.525884723,8.60E-294,6.91E-292
Tmem109,-1.54111733,2.88E-31,1.20E-30
Ms4a8,-2.575031224,2.52E-09,5.45E-09
Ms4a6a,1.242903383,4.88E-17,1.40E-16
Tmc1,-0.757935393,0.010375902,0.015029801
RGD1359158,0.219989073,0.00058626,0.000946721
Tmem252,-3.527896352,1.95E-101,2.79E-100
Smarca2,-1.539362024,5.00E-146,1.21E-144
Rfx3,0.568896095,2.08E-13,5.28E-13
Spata6l,-4.101315254,1.89E-115,3.24E-114
Il33,-2.321251754,1.66E-41,8.69E-41
Rnls,-0.840117254,2.51E-26,9.23E-26
Pde6c,-0.822768144,0.000347772,0.000570854
Noc3l,-0.191902562,0.000488387,0.000793042
Aldh18a1,1.362737869,3.26E-40,1.66E-39
Btrc,1.959908761,1.30E-144,3.08E-143
Poll,-0.514480796,1.14E-11,2.73E-11
Sufu,-1.216507199,4.47E-71,4.10E-70
Zdhhc6,-0.318724615,2.26E-14,5.93E-14
Ccdc186,0.142915671,0.003937494,0.005949277
Fam160b1,0.420967245,5.91E-09,1.26E-08
Trub1,-0.316317166,8.06E-07,1.56E-06
Zfp57,-1.379141598,1.58E-09,3.45E-09
Polr1h,0.697510277,2.71E-18,8.08E-18
RT1-T24-1,1.365887142,7.42E-17,2.12E-16
Prr3,-0.250609169,0.000419735,0.000684948
Atat1,-0.969719994,2.54E-26,9.35E-26
Ppp1r18,0.68153656,6.73E-18,1.98E-17
Nrm,0.83760525,8.74E-25,3.08E-24
Nfkbil1,0.193970781,0.005002212,0.007476278
Ltb,2.44259814,3.82E-78,3.93E-77
Abhd16a,-0.566459786,1.07E-36,5.06E-36
Dxo,0.667610172,4.49E-24,1.56E-23
Stk19,0.567583773,1.78E-16,5.00E-16
Rxrb,0.169947103,0.000310761,0.000511834
Hsd17b8,0.188053622,0.019324389,0.027304075
Lemd2,-0.488791145,2.31E-26,8.51E-26
Snrpc,0.638604403,2.90E-44,1.62E-43
Fkbp5,0.974904734,4.41E-12,1.07E-11
Srpk1,0.559449253,6.55E-34,2.90E-33
Pnpla1,-3.445931246,4.39E-42,2.33E-41
Stk38,1.171149933,5.27E-42,2.79E-41
Srsf3,1.48701302,4.58E-218,2.17E-216
Rnf8,-0.356385953,5.46E-10,1.22E-09
Zfand3,-1.068548611,4.89E-57,3.49E-56
Rsph1,2.775864904,2.37E-32,1.01E-31
RGD1566085,-0.285378154,0.000507982,0.000823369
Col6a2,-4.171185626,0,0
Chchd10,-1.308369051,1.14E-06,2.19E-06
Specc1l,-0.405100297,1.58E-10,3.60E-10
Ube2d1,0.592299334,0.011378931,0.016425192
Bicc1,-1.275464008,2.34E-15,6.37E-15
Cabcoco1,-0.936276316,5.98E-11,1.38E-10
Slc25a16,-0.315487729,1.62E-07,3.25E-07
Hnrnph3,0.432305038,1.01E-14,2.69E-14
Spock2,-4.611751776,1.79E-50,1.13E-49
Sar1a,-0.767792221,1.03E-64,8.53E-64
Aifm2,-4.032120491,2.59E-200,1.05E-198
Macroh2a2,-3.456720602,4.69E-80,4.93E-79
Eif4ebp2,-0.232063934,6.97E-05,0.000120158
Vps26a,0.495186218,8.67E-67,7.37E-66
Ddx50,-0.533491329,1.02E-39,5.11E-39
Ccar1,0.804678284,8.64E-84,9.59E-83
Fam184a,0.884583764,1.39E-08,2.92E-08
Tube1,1.076648821,2.34E-25,8.39E-25
Traf3ip2,-2.182122885,1.02E-139,2.30E-138
Gtf3c6,-0.120403742,0.009831037,0.014283537
Cdc40,0.128504425,0.00296628,0.00452856
Rfesd,0.514861786,2.23E-20,6.99E-20
Cxadrl1,-1.560856598,6.12E-05,0.000106001
Atp6ap1l,6.57615547,2.40E-305,2.11E-303
Ssbp2,-0.525846858,1.22E-26,4.53E-26
Tent2,0.269480039,7.23E-13,1.80E-12
Zbed3,0.51610217,6.75E-10,1.50E-09
Arhgef28,-1.907621024,3.30E-19,1.01E-18
Mrps27,0.242817898,3.11E-06,5.83E-06
Mccc2,-1.083827942,9.66E-30,3.86E-29
Adamts6,-0.875830204,1.15E-07,2.31E-07
Cwc27,0.718570751,1.42E-49,8.81E-49
Srek1ip1,1.273160706,5.54E-38,2.69E-37
Ndufaf2,-0.674343654,9.54E-29,3.72E-28
Mroh2b,-4.110844262,5.31E-30,2.14E-29
Fbxl7,-2.025505602,2.65E-38,1.30E-37
Chmp4c,-2.305234404,3.03E-35,1.39E-34
Zfand1,-0.715973227,5.79E-68,5.02E-67
Ythdf3,-0.224139903,1.33E-09,2.92E-09
Ect2,5.99783236,2.63E-256,1.68E-254
Rpl22l1,1.189662696,4.73E-68,4.10E-67
Mynn,0.571324131,3.99E-36,1.86E-35
Actl6a,0.717104719,3.15E-42,1.68E-41
Fxr1,0.663710482,4.37E-08,8.97E-08
Atp11b,1.085579761,4.71E-40,2.39E-39
Bbs7,-1.10619913,3.08E-41,1.60E-40
Spata5,0.217407621,0.007873407,0.011545322
LOC361937,-2.533108377,1.58E-13,4.03E-13
Mfsd8,-1.872251447,3.24E-108,5.08E-107
Pgrmc2,-2.066187341,6.81E-228,3.50E-226
Elf2,0.755735478,2.75E-97,3.70E-96
Postn,-6.521885418,0,0
Supt20h,-0.164779998,0.01343958,0.019275792
Nbea,-2.050004155,3.43E-70,3.10E-69
Lekr1,-1.243271413,5.83E-20,1.81E-19
Veph1,-2.490878009,1.39E-32,5.96E-32
Mfsd1,-0.698211925,2.57E-18,7.67E-18
LOC361962,7.155901391,3.35E-66,2.82E-65
Ppid,-0.166843743,0.000387642,0.000634398
Tmem144,0.89939195,5.91E-31,2.43E-30
Trim2,-0.710754669,5.68E-09,1.21E-08
Tmem154,2.01701119,5.36E-34,2.38E-33
Gatb,-0.506535054,2.63E-10,5.93E-10
Lrba,-1.970212603,5.35E-132,1.11E-130
Rrnad1,-0.323115512,1.55E-05,2.79E-05
Isg20l2,1.202707686,3.24E-91,3.97E-90
Tsacc,-2.266314896,4.15E-12,1.01E-11
Ubap2l,-0.293474068,9.41E-08,1.90E-07
LOC361985,-0.266003561,2.16E-05,3.85E-05
Slc39a1,-1.480686649,6.13E-191,2.31E-189
Dennd4b,1.097207322,1.34E-44,7.54E-44
Ints3,0.129055375,0.00445941,0.006703277
Chtop,0.748844054,1.04E-122,1.94E-121
S100a16,-1.491684823,1.08E-19,3.34E-19
Them4,-1.346486436,9.42E-24,3.23E-23
Them5,-1.744879171,1.82E-05,3.26E-05
Bnipl,-3.429559868,8.44E-27,3.14E-26
Prpf3,0.247711355,5.32E-08,1.09E-07
Anp32e,2.947340783,0,0
Rnf115,0.688571753,6.79E-62,5.33E-61
Gpr89b,0.1377323,0.013283563,0.019064713
Gdap2,0.279440521,1.70E-05,3.06E-05
Sike1,0.175762283,7.20E-05,0.000123996
Dram2,-0.911039851,9.18E-46,5.30E-45
Strip1,0.917700424,1.83E-115,3.14E-114
Ahcyl1,-0.477874443,1.57E-25,5.65E-25
Ampd2,-0.526636899,4.91E-21,1.57E-20
Sypl2,3.819908562,7.23E-08,1.47E-07
Elapor1,2.06303697,1.34E-05,2.43E-05
Gpsm2,2.993343006,1.87E-86,2.16E-85
Alg14,-0.12643593,0.018598918,0.026324293
Ank2,-1.833547272,6.36E-24,2.20E-23
Ap1ar,-0.445846207,2.03E-15,5.54E-15
Rpl34,0.92606527,1.14E-66,9.66E-66
Cenpe,4.731416328,2.32E-117,4.06E-116
Lamtor3,0.213415857,3.68E-10,8.25E-10
Dapp1,2.182864331,5.82E-77,5.87E-76
RGD1309170,0.717154503,0.045844003,0.061991452
Tspan5,1.646231645,2.84E-56,2.00E-55
Unc5c,-1.276644601,1.53E-05,2.75E-05
Gbp5,-1.30558113,6.00E-48,3.62E-47
Lmo4,-0.177352088,0.004800273,0.007188624
Clca5,6.383309581,0,0
Spata1,0.207145834,0.039054453,0.05330013
Cryz,-0.382155568,0.005717955,0.008498366
Wls,-2.491248869,3.28E-107,5.07E-106
Il36b,4.051015789,4.73E-76,4.71E-75
Fbxw5,-0.918740161,1.08E-88,1.28E-87
Rabl6,0.105948179,0.021268667,0.029906946
Ubac1,3.94532045,0,0
Snapc4,-0.559542061,6.60E-08,1.34E-07
Dipk1b,-2.205600213,3.17E-72,2.96E-71
Brd3,0.465938923,1.55E-49,9.65E-49
Wdr5,0.667175011,1.63E-72,1.53E-71
Mrps2,0.155675442,0.003460766,0.005255547
Gtf3c5,0.19565971,3.86E-06,7.19E-06
Setx,-0.140456229,0.008531417,0.012460796
Endog,-1.102894311,4.85E-09,1.04E-08
Ptpa,1.449165424,9.13E-165,2.64E-163
Ntmt1,-0.471335697,8.62E-07,1.66E-06
Fubp3,-0.824793589,3.86E-45,2.20E-44
Aif1l,-2.939385426,2.76E-68,2.41E-67
Cdk9,0.45320056,2.47E-14,6.50E-14
Sh2d3c,0.278482271,0.001147593,0.001811636
Tor2a,-0.317880182,2.14E-10,4.84E-10
Ptrh1,-0.79099436,7.91E-16,2.18E-15
Niban2,-0.895096379,2.87E-12,6.99E-12
Morn5,-1.183834868,1.58E-05,2.83E-05
Gtdc1,0.296525957,6.90E-10,1.53E-09
Epc2,0.586730946,5.71E-32,2.41E-31
Mmadhc,0.893351109,1.00E-46,5.92E-46
Wdsub1,-1.400520932,1.83E-81,1.96E-80
Rbms1,-1.065799517,2.26E-137,4.94E-136
Slc38a11,-3.562629548,7.63E-45,4.31E-44
Bbs5,-0.937243321,2.41E-16,6.76E-16
Slc25a12,1.244489288,4.68E-17,1.34E-16
Cir1,1.562920306,6.48E-114,1.08E-112
Lnpk,1.824767402,2.32E-92,2.91E-91
Hnrnpa3,1.088272503,7.74E-133,1.62E-131
Cwc22,0.624743483,1.42E-45,8.13E-45
Zc3h15,0.540786147,4.99E-36,2.32E-35
Zdhhc5,-0.181828527,0.006345663,0.009389322
Celf1,0.831612944,1.56E-92,1.96E-91
Arfgap2,-0.106655215,0.014894788,0.021289371
Atg13,-0.687968019,2.36E-43,1.29E-42
Creb3l1,-3.265020554,1.78E-124,3.38E-123
Phf21a,-0.287480481,9.05E-08,1.83E-07
Alkbh3,0.345308724,9.98E-11,2.29E-10
Api5,0.39677985,1.37E-17,4.00E-17
Prr5l,-0.953328256,2.72E-22,9.01E-22
Trim44,-0.97097569,9.72E-23,3.26E-22
Caprin1,0.302681109,9.01E-15,2.40E-14
RGD1563222,2.214271432,5.89E-89,6.99E-88
Lmo2,0.669681952,1.78E-34,8.02E-34
Cstf3,0.212122895,0.001814438,0.002819981
RGD1560017,0.761891141,0.013690333,0.019619009
Rcn1,-1.17397139,5.09E-44,2.83E-43
Dnajc24,0.610988473,2.77E-17,8.01E-17
Mpped2,1.64864651,3.70E-13,9.30E-13
Kif18a,5.337252153,0,0
Ccdc34,2.583510762,2.13E-181,7.27E-180
Dph6,-0.17605144,0.002076458,0.003209002
Bahd1,0.710059982,4.67E-60,3.54E-59
Chac1,2.416797761,3.46E-15,9.37E-15
Mapkbp1,-1.331611187,3.94E-50,2.47E-49
Vps39,-0.43429471,1.49E-21,4.84E-21
Ccndbp1,2.060417302,5.65E-140,1.28E-138
Epb42,10.27553935,0,0
Tubgcp4,-0.215193107,2.13E-05,3.79E-05
Golm2,-1.348168275,9.76E-17,2.77E-16
Shf,-0.728398584,4.40E-09,9.42E-09
Mall,-4.623563697,1.45E-71,1.34E-70
Tmem87b,-0.975578625,2.28E-79,2.38E-78
Nop56,1.350590797,8.54E-170,2.60E-168
Mrps26,0.128114679,0.015566046,0.022203756
Cenpb,-0.211907395,0.006422512,0.009496382
Rnf24,-1.658850863,1.05E-10,2.40E-10
Gpcpd1,2.780734068,3.77E-250,2.30E-248
Snrpb2,0.975043671,1.28E-57,9.28E-57
Kat14,0.220009679,7.73E-07,1.49E-06
Dtd1,-0.417243213,1.95E-09,4.24E-09
Xrn2,0.28504079,3.10E-07,6.12E-07
Syndig1,-1.943634105,8.97E-13,2.22E-12
Dusp15,-1.645268526,8.95E-05,0.000153147
Nol4l,-0.83593933,5.56E-17,1.59E-16
Snta1,-1.039245266,7.23E-05,0.000124612
Map1lc3a,-0.808183524,2.42E-13,6.14E-13
Tp53inp2,-0.508314866,0.001058036,0.00167564
Trpc4ap,-0.445208457,5.96E-17,1.71E-16
Cpne1,1.008416463,0.037411736,0.051183352
Scand1,0.587532673,5.85E-09,1.25E-08
Ralgapb,-0.475774335,4.09E-30,1.65E-29
Actr5,0.56026806,9.50E-23,3.18E-22
Dhx35,-0.367875655,1.62E-07,3.24E-07
Lpin3,-2.080574523,8.19E-29,3.20E-28
Emilin3,-1.667442265,0.000165113,0.00027735
Ptprt,-1.673979422,0.000475968,0.000773641
Srsf6,0.678096693,9.52E-36,4.39E-35
Ift52,0.206978813,0.004306582,0.006480135
Rbpjl,-2.601636664,3.79E-22,1.25E-21
Pcif1,0.340451363,2.77E-10,6.26E-10
Elmo2,-0.759897507,7.99E-51,5.07E-50
Tp53rk,0.481500895,1.38E-10,3.15E-10
Cse1l,0.819338852,2.29E-74,2.22E-73
Ddx27,0.555992483,1.66E-43,9.09E-43
B4galt5,-1.383056493,6.87E-29,2.69E-28
Rnf114,0.2717037,6.30E-08,1.28E-07
Peds1,0.263140041,0.000349426,0.000573537
Pard6b,-0.500389,1.20E-05,2.18E-05
Tfap2c,1.609620745,0.005475239,0.00815127
Rae1,0.47612828,3.76E-28,1.45E-27
Pck1,-5.38444744,8.52E-165,2.47E-163
Stx16,-0.600669443,6.47E-22,2.12E-21
Phactr3,2.090082881,1.62E-05,2.92E-05
Col9a3,-0.794610419,0.001698324,0.002646329
Dido1,0.364105251,1.29E-05,2.33E-05
Slc17a9,3.279226503,3.34E-188,1.23E-186
Lime1,-0.671006773,1.73E-22,5.76E-22
Dnajb6,1.196628341,1.12E-104,1.67E-103
Ube3c,-0.28277061,2.22E-10,5.04E-10
Lmbr1,-0.40000342,1.64E-07,3.28E-07
Actr3b,1.615373004,5.37E-49,3.31E-48
Agap3,-0.273060576,0.002955967,0.004513514
Tmub1,-0.424787381,1.38E-10,3.15E-10
Abcb8,-0.60512431,2.00E-19,6.13E-19
Klhl7,-0.952715478,3.70E-13,9.30E-13
Orc5,0.516917217,2.69E-32,1.14E-31
Cdk14,-2.30192601,1.66E-49,1.03E-48
Fam133b,0.694738828,9.38E-52,6.06E-51
Slc25a13,2.743931965,4.01E-59,2.98E-58
Sdhaf3,-0.601080612,1.46E-06,2.77E-06
Mios,0.990849923,1.22E-66,1.03E-65
Mdfic,-2.467830394,6.83E-114,1.14E-112
Tspan12,-3.104370654,4.54E-249,2.74E-247
Impdh1,-1.14759844,3.73E-81,3.98E-80
Ccdc136,0.833737848,1.02E-06,1.96E-06
Tmem140,-1.931591513,8.73E-112,1.43E-110
Nup205,1.531315759,3.66E-93,4.65E-92
Fam180a,-3.316107513,2.89E-25,1.03E-24
Creb3l2,-1.846534138,5.64E-122,1.05E-120
Zc3hav1l,-1.559388757,9.85E-32,4.13E-31
Hipk2,-2.90516986,4.62E-77,4.67E-76
Parp12,-0.235925792,0.000345286,0.000566929
Ndufb2,-0.267018993,0.009048201,0.013184356
Tcaf1,-2.294257877,3.17E-37,1.52E-36
Cul1,0.228634309,4.24E-14,1.10E-13
Krba1,-1.651523035,5.01E-52,3.26E-51
Mpp6,2.258138376,2.98E-100,4.20E-99
Osbpl3,0.450312433,3.17E-07,6.26E-07
Hnrnpa2b1,0.886202558,7.94E-89,9.40E-88
Tril,-3.985577449,8.52E-197,3.36E-195
Fkbp14,-1.525110144,3.59E-124,6.82E-123
Znrf2,-0.420109285,2.02E-14,5.31E-14
Vopp1,2.949989229,3.71E-160,1.03E-158
Lancl2,0.973068581,1.00E-82,1.10E-81
Herc3,-1.31546157,1.60E-30,6.53E-30
Fam13a,-4.791725687,2.14E-181,7.30E-180
LOC362382,4.824176479,1.68E-24,5.89E-24
Rpia,2.63339324,0,0
Pole4,0.224923426,1.40E-07,2.81E-07
Mxd1,3.847125283,0,0
Snrnp27,0.848934712,4.22E-47,2.50E-46
Antxr1,-2.715685964,2.92E-69,2.59E-68
Isy1,1.265170721,2.11E-153,5.44E-152
Plxna1,-1.471121405,2.89E-48,1.75E-47
Zxdc,-0.473180297,2.59E-16,7.26E-16
Tmem43,-2.357920959,1.87E-193,7.25E-192
Fgd5,-2.474003848,2.59E-69,2.30E-68
Slc25a26,-0.562139957,3.98E-18,1.18E-17
Suclg2,-1.453457284,6.86E-111,1.11E-109
Sumf1,-1.725146546,3.11E-229,1.62E-227
Rad18,1.096520412,6.52E-43,3.53E-42
Tada3,-0.213759972,1.86E-09,4.05E-09
Ttll3,-0.937888357,5.27E-16,1.46E-15
Il17re,-5.610594738,2.53E-164,7.27E-163
Irak2,-0.345947131,2.08E-06,3.93E-06
Tamm41,0.550468681,4.91E-28,1.88E-27
Rassf4,0.404347771,0.000992206,0.001575345
Tmem72,-2.380686877,0.001356697,0.002129484
Zfp637,-0.743182323,3.36E-28,1.29E-27
Bms1,0.424765516,2.53E-25,9.07E-25
Mical3,-1.090961011,7.38E-51,4.69E-50
Rimklb,-1.958703709,1.77E-18,5.31E-18
Mfap5,-3.507897479,1.05E-70,9.61E-70
Clec4a1,1.094469418,5.74E-18,1.69E-17
Clec4a3,0.690027161,2.98E-08,6.17E-08
Clec4d,5.191031411,3.25E-82,3.53E-81
Gpr162,-0.349894067,0.041482643,0.05639291
Iffo1,-1.710926409,1.69E-91,2.08E-90
Ncapd2,4.149761963,0,0
Ndufa9,-0.180684307,0.032923503,0.0453407
Clec2d2,-0.662100051,0.009883373,0.014356052
Clec2g,-0.422394993,0.004078165,0.006149258
Borcs5,-0.259761292,0.000296451,0.000488781
Crebl2,-1.854467318,9.50E-112,1.55E-110
Hebp1,0.956762556,1.36E-36,6.40E-36
Fam234b,2.105841767,1.42E-205,6.09E-204
Arhgdib,2.350294023,4.45E-92,5.56E-91
Golt1b,-0.986062596,4.49E-64,3.67E-63
C2cd5,0.82292461,1.38E-61,1.08E-60
Fgfr1op2,0.254973387,3.40E-12,8.25E-12
Arntl2,-4.073470915,2.27E-47,1.35E-46
Tmtc1,-2.596780222,2.14E-26,7.90E-26
Bicd1,-0.598426685,0.000342608,0.000562658
LOC362473,1.198078174,6.36E-06,1.17E-05
Adhfe1,-3.480618889,4.77E-32,2.02E-31
Rgs20,-2.309078535,2.87E-14,7.51E-14
Tcea1,0.379266786,1.05E-18,3.17E-18
Tox,-0.418905333,0.000362109,0.000593761
MGC94199,-0.519176214,1.22E-08,2.57E-08
Plekhf2,1.25174256,1.10E-136,2.39E-135
Ccne2,2.751284367,9.57E-195,3.73E-193
Runx1t1,-2.717114537,5.86E-24,2.03E-23
Pip4p2,-0.749192566,1.70E-31,7.09E-31
Ndufaf4,0.211358448,5.30E-05,9.22E-05
Mdn1,-0.212596837,0.019320717,0.02730019
Ubap1,0.215053063,1.39E-06,2.66E-06
Dctn3,-0.18794204,1.20E-06,2.30E-06
Ccl27,-2.137486213,5.19E-17,1.49E-16
Ccl19,-3.67102844,7.07E-29,2.77E-28
Spag8,-1.570413824,1.13E-22,3.77E-22
Melk,3.982198232,4.04E-100,5.68E-99
Fbxo10,-1.275105466,4.03E-13,1.01E-12
Shb,-1.185921092,2.71E-24,9.45E-24
Tstd2,0.287251437,3.82E-08,7.87E-08
Anks6,-2.536689705,2.88E-54,1.95E-53
Msantd3,-0.497499279,3.49E-08,7.20E-08
Pgap4,-0.75839341,2.52E-08,5.23E-08
Smc2,3.499341209,0,0
Fktn,-1.186730467,5.48E-77,5.53E-76
Tmem38b,0.714831837,0.000137979,0.000232949
Zfp462,-1.223861482,2.75E-20,8.62E-20
Dnajc25,-1.305573603,1.05E-54,7.14E-54
Fkbp15,-0.349202048,1.06E-20,3.35E-20
Akna,1.838183883,3.88E-56,2.73E-55
Tle1,-1.36396067,9.27E-07,1.78E-06
Lurap1l,-3.711422835,6.30E-32,2.66E-31
Snapc3,0.175841261,3.28E-05,5.77E-05
Adamtsl1,-4.569037737,1.54E-57,1.11E-56
Tm2d1,-0.793414191,1.42E-40,7.31E-40
Alg6,0.951221257,1.06E-44,5.97E-44
Itgb3bp,2.183229013,1.84E-173,5.77E-172
Efcab7,-0.238306622,0.000413295,0.000674811
Ror1,-3.251555955,7.16E-42,3.79E-41
Raver2,-2.135905223,2.12E-13,5.40E-13
Ttc4,0.262803536,1.25E-11,2.98E-11
Ndc1,0.752921436,7.53E-43,4.07E-42
Lrp8,1.807303333,1.17E-29,4.66E-29
Zyg11b,-0.306870501,0.007223194,0.010630863
Bend5,0.402396682,0.043295654,0.058736122
Lrrc41,-0.501973504,2.59E-28,1.00E-27
Pomgnt1,-1.64941726,6.15E-63,4.93E-62
Artn,-4.321121308,1.42E-64,1.17E-63
Med8,0.525849918,9.22E-38,4.46E-37
Svbp,0.440933552,1.78E-08,3.72E-08
Ccdc30,-1.846036695,8.67E-44,4.79E-43
Scmh1,0.42314336,2.50E-14,6.56E-14
Col9a2,2.437553528,5.25E-44,2.92E-43
Trit1,0.442485196,5.06E-08,1.04E-07
Macf1,-0.985648155,3.90E-53,2.58E-52
Ndufs5,-0.640194816,9.57E-16,2.64E-15
Mtf1,0.219749982,0.001666967,0.002599249
RGD1559909,-0.945584891,4.52E-21,1.44E-20
Gnl2,-0.101911948,0.030778784,0.042509783
Meaf6,0.681746835,1.60E-29,6.38E-29
Oscp1,-1.380742968,1.08E-53,7.21E-53
Sh3d21,-0.945113487,2.02E-15,5.51E-15
Trappc3,-0.693727928,1.77E-46,1.04E-45
Zmym6,-0.870497287,3.16E-32,1.34E-31
Tlr12,-2.02099467,2.04E-14,5.38E-14
Kpna6,-0.977344903,7.06E-88,8.26E-87
Tmem39b,0.166981374,0.016359938,0.023285658
Pum1,0.849342283,3.45E-38,1.69E-37
Srsf4,0.973927016,2.39E-67,2.05E-66
Zdhhc18,1.018257632,1.96E-35,8.98E-35
Gpn2,0.409731702,6.16E-12,1.48E-11
Gpatch3,0.307068424,4.49E-05,7.84E-05
Ahdc1,-1.245642097,9.12E-38,4.41E-37
Fam76a,0.487260611,1.64E-27,6.21E-27
Smpdl3b,0.941713538,6.32E-07,1.23E-06
Cep85,1.175054092,1.26E-71,1.17E-70
Selenon,-1.286237456,6.63E-90,7.99E-89
Man1c1,-0.804418735,4.47E-19,1.36E-18
Rsrp1,0.204380764,0.007075186,0.010421324
Ifnlr1,-2.331976107,1.53E-41,8.06E-41
Srsf10,0.899513025,4.08E-82,4.43E-81
Rpl11,0.683772744,4.51E-47,2.67E-46
Zbtb40,-0.798727171,4.95E-19,1.50E-18
Usp48,0.278943228,7.51E-09,1.60E-08
Cda,4.656464384,1.27E-22,4.24E-22
Micos10,0.231290354,0.000580978,0.000938549
Slc66a1,-0.200699124,0.002913091,0.004450113
Emc1,-1.410363018,3.34E-183,1.16E-181
Atp13a2,0.884411015,2.07E-34,9.29E-34
Fbxo42,0.65441958,1.82E-23,6.22E-23
Arhgef19,-1.302468061,2.53E-05,4.50E-05
Fblim1,-1.723190246,1.81E-22,6.02E-22
Dnajc16,-1.280831664,6.19E-27,2.31E-26
Ctrc,1.412228428,6.96E-22,2.28E-21
Mthfr,-0.602786334,3.39E-13,8.55E-13
Rbp7,-4.228550602,5.45E-104,8.08E-103
Camta1,0.370140565,0.000179249,0.00030043
Dnajc11,1.058044905,7.89E-82,8.51E-81
Thap3,-0.435786361,0.00819404,0.011992307
RGD1304567,0.933338189,8.31E-87,9.61E-86
Lrrc47,0.362542903,2.45E-18,7.31E-18
Tp73,2.667486095,1.04E-13,2.68E-13
Prxl2b,-0.415324638,0.018341294,0.025972088
Faap20,-0.305399545,0.000455394,0.000741177
Pusl1,-1.632712424,8.47E-120,1.53E-118
Heatr5b,-0.601123976,2.84E-14,7.45E-14
Gpatch11,0.457796283,4.04E-23,1.37E-22
Srsf7,0.914621177,2.83E-54,1.92E-53
Gemin6,1.97332327,1.75E-184,6.20E-183
Ttc7a,1.615553861,1.54E-85,1.75E-84
Ppp1r21,0.770110711,6.06E-67,5.17E-66
Yipf4,-0.292241882,1.90E-07,3.79E-07
Spast,-0.088564866,0.023515978,0.032921479
Capn13,-1.992181108,2.99E-13,7.55E-13
Lclat1,-1.185734873,5.81E-41,3.01E-40
Wdr43,0.357311622,1.25E-12,3.07E-12
Babam2,-0.214842766,8.64E-07,1.67E-06
Rbks,0.16109881,0.003925307,0.005931771
Trim54,4.526310103,4.33E-06,8.05E-06
Agbl5,-0.802008959,5.60E-19,1.70E-18
Tmem214,-0.774038764,1.02E-37,4.91E-37
Drc1,3.093739944,2.45E-39,1.22E-38
Selenoi,0.641459016,7.81E-24,2.69E-23
Dtnb,0.624216928,4.56E-06,8.47E-06
Asap2,-0.395811982,1.93E-08,4.04E-08
Rrm2,6.799703377,0,0
Eipr1,0.837874206,5.80E-52,3.76E-51
Tmem18,-0.4324512,1.59E-09,3.46E-09
Sh3yl1,2.53463938,1.67E-165,4.86E-164
Atxn7l1,-0.549273354,5.09E-14,1.32E-13
Efcab10,-1.718183936,0.011556682,0.016675261
Polr1f,0.782789051,2.77E-47,1.65E-46
Agmo,-4.179987169,9.34E-68,8.07E-67
Etv1,-0.434572973,0.002323073,0.003574814
Stxbp6,-2.963198152,2.45E-46,1.43E-45
Coch,2.66396819,0.0002078,0.000346654
Hectd1,0.758508184,1.87E-31,7.80E-31
Heatr5a,1.273421473,8.98E-68,7.76E-67
Snx6,-0.439234313,1.54E-12,3.79E-12
Ppp2r3c,0.393799185,7.93E-20,2.46E-19
Pax9,1.37176861,3.57E-15,9.65E-15
Dnaaf2,0.496692175,4.17E-28,1.61E-27
Dmac2l,-0.83048655,8.90E-21,2.83E-20
Trmt5,0.18421319,1.29E-07,2.60E-07
Pigh,-1.760055818,4.43E-230,2.33E-228
Rdh11,-1.607348039,3.63E-108,5.69E-107
Exd2,-1.4386425,2.41E-47,1.44E-46
Galnt16,-1.234519605,8.90E-26,3.23E-25
Dcaf4,-0.358466969,3.54E-15,9.57E-15
Lin52,0.232605461,0.000606059,0.000977998
Angel1,-1.593748634,8.77E-70,7.87E-69
Alkbh1,-0.123329293,0.036343065,0.049792675
Ttc7b,-0.366624736,1.87E-09,4.08E-09
Dglucy,-2.512809658,1.98E-101,2.82E-100
Ccdc88c,0.969391731,2.65E-27,1.00E-26
Btbd7,-0.646340677,5.35E-46,3.10E-45
Serpina11,-2.355873829,9.74E-14,2.51E-13
Glrx5,4.100386302,0,0
Vrk1,3.187351831,0,0
Hhipl1,-2.176514386,1.19E-15,3.27E-15
Cyp46a1,-1.073827305,2.42E-08,5.03E-08
Eml1,-0.901279044,6.69E-11,1.55E-10
Mok,-1.37419447,5.57E-14,1.45E-13
Zfyve21,-0.174693594,0.012070834,0.017386609
Inf2,-1.071299922,2.39E-33,1.04E-32
Siva1,2.605227535,1.38E-303,1.20E-301
Clba1,-1.962985063,4.43E-45,2.52E-44
Ncapg2,3.444892945,8.35E-292,6.68E-290
Rapgef5,-0.756419394,2.80E-13,7.08E-13
Itgb8,1.032433222,0.009349363,0.013609111
Garem2,-2.032506969,1.71E-32,7.31E-32
Atp6v1c2,-1.541160981,7.92E-37,3.74E-36
Cwf19l2,0.263543126,2.19E-08,4.57E-08
Ptges3,0.449008095,4.22E-25,1.50E-24
Ankrd52,-0.470339187,2.38E-07,4.72E-07
Slc39a5,0.184385936,3.80E-05,6.66E-05
Nabp2,-0.131342305,0.021882343,0.030736265
Rnf41,-0.352034213,1.76E-13,4.50E-13
Cdk2,1.537789765,1.55E-73,1.48E-72
Sarnp,0.655688672,2.67E-29,1.06E-28
Mfsd12,1.07313773,1.25E-40,6.43E-40
Atcay,1.127125601,0.017175295,0.024398057
Pias4,0.545607183,1.25E-16,3.54E-16
Sppl2b,1.766273425,8.58E-105,1.29E-103
Lsm7,1.484030781,2.75E-160,7.63E-159
Dot1l,1.359501478,3.40E-55,2.35E-54
Izumo4,0.961792883,1.71E-20,5.39E-20
Mob3a,0.747858804,1.56E-19,4.79E-19
Reep6,0.772441379,3.78E-07,7.43E-07
Dazap1,1.383996131,1.51E-107,2.35E-106
Pwwp3a,0.703149001,5.12E-16,1.42E-15
R3hdm4,1.683403517,0,0
Mier2,-0.628920971,1.51E-10,3.45E-10
Syde1,-3.422093789,5.69E-166,1.67E-164
Ilvbl,-2.115435055,6.71E-190,2.52E-188
Brd4,0.682281971,1.14E-36,5.36E-36
RGD1560314,0.874958203,3.64E-08,7.51E-08
Pram1,4.706651115,7.57E-201,3.11E-199
Marchf2,1.15048152,2.20E-38,1.08E-37
Angptl4,-4.249312827,5.96E-299,5.00E-297
Cd320,-2.401034514,1.05E-154,2.74E-153
Rtcb,-0.229210909,2.69E-10,6.08E-10
Pwp1,0.240094851,3.09E-09,6.67E-09
Tmem263,-0.518866439,3.70E-48,2.24E-47
Polr3b,0.637362982,3.05E-29,1.21E-28
Ckap4,1.705665897,9.24E-27,3.44E-26
Appl2,-1.876662262,4.26E-65,3.53E-64
Slc41a2,-1.460982366,4.78E-13,1.20E-12
Hsp90b1,-0.512200441,7.79E-16,2.15E-15
Gnptab,-0.322196312,2.07E-05,3.70E-05
Chpt1,-2.388559545,1.98E-119,3.55E-118
Mybpc1,4.356602425,3.46E-14,9.03E-14
Elk3,-0.873968345,2.03E-44,1.14E-43
Plxnc1,2.232671482,3.73E-23,1.26E-22
Ppfia2,2.732003128,6.28E-29,2.46E-28
Myrfl,-6.635426117,5.89E-21,1.88E-20
Slc35e3,-0.164740645,0.044604528,0.060412048
Tmbim4,0.193121322,0.000105489,0.000179635
Rassf3,-0.366162116,0.000220377,0.00036687
Tspan31,-1.548964359,5.99E-93,7.58E-92
Mbd6,0.178573442,0.003016148,0.004600655
Arhgap9,2.487769948,1.83E-101,2.62E-100
R3hdm2,-0.407551297,3.02E-10,6.80E-10
Stac3,3.219007912,6.57E-10,1.46E-09
Stat6,-0.645030879,2.31E-20,7.25E-20
Nipal2,-2.069452973,4.44E-64,3.62E-63
Rnf19a,-0.092144461,0.043367508,0.058817419
Dcaf13,0.277943327,8.81E-16,2.43E-15
Emc2,-0.273335938,0.000606646,0.000978839
Nudcd1,0.153148909,0.002569393,0.003943807
Mal2,-4.146940096,6.05E-29,2.37E-28
Derl1,0.186084092,0.000251442,0.000416895
Mtss1,0.131221949,0.016545757,0.023542213
Washc5,-0.926395476,2.87E-64,2.35E-63
Efr3a,-0.598694315,1.90E-17,5.51E-17
St3gal1,-0.29144074,0.00028613,0.000472291
Zfat,0.837559033,3.22E-08,6.66E-08
Adgrb1,0.507426183,0.016228278,0.02310938
Ly6e,-1.568636804,4.90E-61,3.79E-60
Ly6al,9.50788083,1.85E-221,9.08E-220
Zfp707l1,-0.22641024,0.008681653,0.012673345
Fam83h,-2.666012035,3.60E-72,3.36E-71
Scrib,0.680451707,4.01E-27,1.50E-26
Slc52a2,-1.227687572,2.57E-61,1.99E-60
Adck5,0.765701762,2.01E-09,4.38E-09
Ppp1r16a,-1.054596471,8.07E-35,3.65E-34
Lrrc24,-0.927260157,1.84E-14,4.87E-14
MGC94207,-2.202230292,1.47E-101,2.10E-100
Rbfox2,-2.290857178,1.52E-41,7.99E-41
RGD1309808,-0.561881809,1.75E-05,3.14E-05
Eif3d,0.571610861,4.07E-44,2.27E-43
Nol12,1.010281372,4.18E-39,2.08E-38
Ankrd54,0.272099997,6.69E-08,1.36E-07
Micall1,-0.396483009,1.74E-05,3.12E-05
Tmem184b,-2.05269197,5.98E-149,1.49E-147
Dmc1,-1.418149255,0.026773045,0.037239822
Cbx7,-0.578003571,1.23E-14,3.27E-14
Sgsm3,-0.856396888,5.72E-10,1.27E-09
Rangap1,2.04659736,4.76E-176,1.52E-174
Nfam1,1.936625755,3.08E-38,1.50E-37
Rrp7a,-0.646365168,1.67E-15,4.56E-15
Ttll1,-0.803505866,5.85E-17,1.67E-16
Mpped1,5.085136266,8.70E-69,7.66E-68
Pnpla3,-4.823694669,2.96E-65,2.46E-64
Parvb,2.644523226,3.59E-264,2.41E-262
RGD1304694,-0.145146051,0.013465626,0.019311023
Cdpf1,-0.378366045,6.71E-07,1.30E-06
Trmu,-0.714449649,9.41E-35,4.25E-34
Creld2,0.595721913,1.19E-13,3.04E-13
Tubgcp6,-0.34062329,4.28E-06,7.97E-06
Hdac10,-1.202355809,1.29E-38,6.34E-38
Rabl2,-1.397845135,1.41E-46,8.26E-46
Cpne8,-1.200244451,5.80E-52,3.76E-51
Zcrb1,0.199743513,6.01E-05,0.000104058
Rnd1,-2.624790989,3.21E-47,1.91E-46
Ccdc65,-2.298406585,2.23E-21,7.19E-21
Prpf40b,-1.295494354,4.87E-30,1.96E-29
Bcdin3d,0.771073956,7.99E-09,1.69E-08
Smarcd1,0.158738203,0.012889058,0.018517979
Prr13,0.66816918,4.31E-17,1.24E-16
Pcbp2,0.216968249,1.92E-09,4.18E-09
Tarbp2,0.929063853,2.60E-46,1.52E-45
Uhrf1bp1l,-0.551969752,2.77E-13,7.01E-13
Tmem123,0.691814127,4.09E-12,9.92E-12
Yap1,-2.04255701,2.09E-34,9.37E-34
Endod1,1.38670053,1.24E-58,9.15E-58
RGD1309534,-1.68846289,2.21E-95,2.89E-94
Taf1d,1.204342565,1.67E-41,8.74E-41
Cep295,1.905036682,2.41E-109,3.82E-108
Zfp846,-1.807305444,3.03E-115,5.15E-114
Mrpl4,-0.650197171,1.50E-25,5.40E-25
Slc44a2,0.442643474,1.26E-10,2.89E-10
Carm1,-0.972735112,2.16E-47,1.29E-46
Yipf2,-1.279591415,2.22E-55,1.54E-54
Spc24,5.406210117,0,0
Swsap1,-0.313114892,4.10E-07,8.05E-07
Anln,4.558097002,1.95E-233,1.06E-231
Rp9,1.488384771,1.16E-117,2.05E-116
Zbtb44,0.118135362,0.016327408,0.02324383
St3gal4,-0.214121609,0.030648768,0.042344051
Siae,0.338489917,2.30E-09,4.98E-09
Mpzl3,-1.439626223,2.73E-13,6.92E-13
Cep164,-0.621375769,9.14E-15,2.43E-14
Rnf214,-0.864494296,6.24E-61,4.81E-60
Zw10,1.354791157,1.36E-169,4.10E-168
Plet1,-6.675277127,4.74E-34,2.11E-33
Sdhd,-0.288912315,0.000248491,0.000412118
Dixdc1,-4.143670771,2.11E-141,4.85E-140
Ube2q2,-0.441694211,4.12E-19,1.25E-18
Sin3a,0.325582764,1.33E-16,3.76E-16
Commd4,0.633125453,8.24E-25,2.91E-24
Ppcdc,-0.472575186,0.000782367,0.001252058
Fam219b,-1.070654891,1.75E-96,2.32E-95
Tbc1d21,-2.54133664,1.98E-10,4.49E-10
Glce,-2.133285238,4.82E-209,2.12E-207
Tipin,2.691000646,1.70E-248,1.02E-246
Dis3l,-0.153997857,0.002034303,0.003146815
Igdcc4,-2.780577274,1.92E-25,6.89E-25
Pdcd7,0.444005034,6.25E-23,2.11E-22
Ca12,-2.579331023,4.35E-09,9.31E-09
Vps13c,-0.510000873,2.10E-13,5.34E-13
Ccnb2,6.981032931,0,0
Mindy2,0.744030064,6.27E-46,3.63E-45
Myzap,1.194720128,1.48E-46,8.67E-46
Mns1,2.171409479,6.12E-79,6.36E-78
Dnaaf4,-0.954419614,3.62E-05,6.36E-05
Ccpg1,0.325619881,5.31E-05,9.24E-05
Rsl24d1,0.669928732,7.52E-42,3.97E-41
Slc17a5,-0.973555943,1.18E-47,7.09E-47
Cd109,1.138970443,1.44E-08,3.03E-08
Pgm3,-1.114914249,6.69E-40,3.39E-39
Rwdd2a,-1.528276578,1.29E-09,2.84E-09
Ripply2,3.921626604,8.11E-06,1.48E-05
Mrap2,2.081946271,2.63E-18,7.83E-18
Syncrip,0.293008984,8.53E-12,2.04E-11
Slc9a9,-1.121722248,7.18E-23,2.42E-22
Nmnat3,3.726944043,0,0
Esyt3,-1.490691358,4.11E-15,1.11E-14
Ppp2r3a,-0.855196223,0.000143754,0.000242423
Rab6b,-1.29381065,7.86E-07,1.52E-06
Nphp3,-2.188248855,1.32E-56,9.36E-56
Nudt16,-0.620116848,3.52E-20,1.10E-19
Aste1,-0.449899218,2.42E-06,4.56E-06
Pik3r4,-1.104989714,1.23E-118,2.18E-117
Pcbp4,-1.114651853,1.12E-13,2.87E-13
Rrp9,0.314388596,4.79E-06,8.89E-06
Rad54l2,-0.640119761,4.26E-30,1.72E-29
Tmem115,-0.93579337,9.66E-52,6.24E-51
Cyb561d2,-0.853253315,1.82E-30,7.44E-30
Rassf1,-0.280479011,1.73E-05,3.10E-05
Sema3b,-3.865096299,7.58E-97,1.01E-95
Gnat1,-1.343811292,1.10E-08,2.32E-08
Elp6,0.347610161,0.000418243,0.000682665
Ccdc12,0.735460046,4.19E-27,1.57E-26
Stac,-4.844755331,2.28E-185,8.15E-184
Arpp21,3.682082418,4.23E-55,2.92E-54
Fbxl2,1.672938733,7.17E-11,1.66E-10
Crtapl1,-2.216270529,7.26E-168,2.17E-166
Gpd1l,-1.820139747,6.58E-63,5.27E-62
Cmc1,0.3105349,4.61E-07,9.02E-07
Wdr48,-0.092397947,0.022232713,0.031198775
Csrnp1,1.024088498,2.44E-20,7.66E-20
Ulk4,1.172779103,1.81E-09,3.95E-09
Lyzl4,2.206292378,5.57E-06,1.03E-05
Tcaim,-0.668767837,2.01E-13,5.12E-13
Zkscan7,-1.03213547,9.84E-34,4.35E-33
Tmem42,-0.81221919,2.17E-39,1.09E-38
Lars2,-0.48746624,9.76E-14,2.51E-13
Sgo1,6.668050233,0,0
Foxp4,-0.822316158,7.55E-29,2.95E-28
Mrps10,0.350365098,1.87E-07,3.72E-07
Ubr2,-0.255981777,1.96E-06,3.70E-06
Ppp2r5d,-0.553300046,7.66E-39,3.79E-38
Xpo5,0.193122889,8.73E-05,0.00014963
Gtpbp2,2.142417092,2.75E-164,7.91E-163
Tmem63b,-0.309026974,7.61E-05,0.00013079
Cenpq,5.241426792,0,0
Phf3,0.142655127,0.006355678,0.0094032
Bend6,-0.567957246,0.002074744,0.003206521
Ccdc115,0.434424155,2.35E-09,5.09E-09
Prss39,0.470211932,0.002880691,0.004402664
Cnnm4,0.291871767,2.59E-05,4.60E-05
Mitd1,-0.516149358,2.91E-05,5.15E-05
Aff3,-0.66369491,1.40E-07,2.80E-07
Cnot11,0.332090781,2.88E-14,7.55E-14
Ecrg4,-2.005942921,1.27E-09,2.79E-09
Nabp1,-2.238044866,3.14E-57,2.25E-56
Tmeff2,-4.032775906,7.03E-74,6.76E-73
Slc39a10,-1.627666903,4.14E-89,4.92E-88
Rftn2,-1.565118797,1.30E-12,3.20E-12
Bzw1,0.139867683,0.001026601,0.001627423
Als2,-0.980715891,1.93E-25,6.92E-25
Fam117b,-1.357523871,6.62E-151,1.68E-149
Wdr12,-0.225849218,9.96E-07,1.91E-06
Raph1,-1.497922434,7.65E-33,3.30E-32
Eef1b2,1.183022403,6.75E-74,6.49E-73
Xrcc5,0.370147956,3.55E-18,1.05E-17
Rpl37a-ps1,0.649878564,1.95E-27,7.39E-27
Ctdsp1,0.146725295,6.05E-05,0.000104811
Nhej1,0.451009898,2.15E-08,4.48E-08
Retreg2,0.541871505,4.80E-25,1.71E-24
Zfand2b,1.090320841,2.05E-86,2.36E-85
Atg9a,0.54980812,1.57E-18,4.70E-18
Ankzf1,-0.870904126,1.64E-24,5.74E-24
Obsl1,-1.031357261,5.95E-13,1.49E-12
Mogat1,-0.905702446,1.22E-05,2.21E-05
Col4a3,-1.217607472,4.73E-30,1.91E-29
Agfg1,0.573954614,1.19E-45,6.84E-45
Daw1,-2.448830719,1.07E-13,2.75E-13
Fbxo36,-2.841120733,2.78E-17,8.04E-17
Sp100,-0.397020443,1.42E-09,3.11E-09
Pde6d,-0.546338661,6.77E-26,2.46E-25
Cops7b,0.531186146,7.87E-25,2.78E-24
Eif4e2,1.12273884,9.12E-78,9.33E-77
Cops8,-0.126062606,0.016651179,0.023685377
Ube2f,0.318851839,9.33E-09,1.97E-08
Scly,0.998780717,2.00E-38,9.79E-38
Traf3ip1,1.374505291,1.14E-72,1.07E-71
Hdac4,0.181894083,0.012418986,0.017870679
Kif1a,-1.339996421,0.000129102,0.000218373
Mterf4,-0.302903287,6.88E-06,1.27E-05
Thap4,-0.362279607,5.26E-05,9.14E-05
Twsg1,-1.383893216,1.53E-121,2.83E-120
Dennd1c,1.031639128,1.65E-15,4.52E-15
Vmac,-1.417547937,4.72E-97,6.33E-96
Ticam1,-0.413921455,2.12E-07,4.21E-07
Plin4,-5.062110368,1.70E-128,3.39E-127
Ubxn6,0.236348813,0.000445995,0.000726439
Chaf1a,3.581583138,0,0
Stap2,-2.109943056,4.13E-50,2.59E-49
Zfp609,-0.969412998,1.54E-56,1.09E-55
Cav2,-4.336640038,5.67E-226,2.87E-224
Fundc1,0.097077764,0.010960389,0.015844229
Ndp,-1.7030272,9.87E-06,1.80E-05
Usp9x,-0.24389871,2.90E-07,5.72E-07
Tspan7,-1.550673823,1.42E-22,4.74E-22
Dynlt3,-1.830733203,5.28E-100,7.42E-99
Ftsj1,-0.175044752,0.000669605,0.001077369
Otud5,0.817195588,2.86E-44,1.60E-43
Chrdl1,-3.647781557,1.29E-140,2.95E-139
Col4a5,-3.572963884,4.08E-68,3.54E-67
Col4a6,-3.672214478,3.55E-25,1.27E-24
Fgd1,-1.809555785,4.20E-34,1.87E-33
Gemin8,0.717787611,5.95E-22,1.95E-21
Mospd2,-0.341129682,4.24E-06,7.89E-06
Piga,-0.712091366,3.74E-12,9.08E-12
Reps2,1.931069725,5.58E-44,3.10E-43
Sms,1.097229914,4.56E-25,1.62E-24
Pnpla4,-1.046945088,5.57E-23,1.88E-22
Prrg1,-1.048632117,3.93E-33,1.71E-32
Apoo,0.203155481,0.045570266,0.061646657
Yipf6,-0.69085073,2.49E-45,1.42E-44
Snx12,-0.346370869,1.08E-14,2.86E-14
Hdac8,0.563065426,1.53E-17,4.46E-17
Chic1,-0.567680862,0.002887079,0.004412199
Pbdc1,0.88001897,8.80E-34,3.89E-33
RGD1566265,0.574677239,1.04E-12,2.57E-12
RGD1561958,-3.237181444,3.46E-17,9.97E-17
Gla,-0.498906757,8.32E-10,1.84E-09
Armcx6,-1.151291366,1.80E-16,5.07E-16
Bex2,1.743392747,3.97E-10,8.90E-10
LOC363500,1.197646877,1.48E-06,2.82E-06
Mid2,-1.966072996,1.18E-74,1.15E-73
Arhgef6,0.245797914,0.000787567,0.001260039
Ids,-0.33062236,5.16E-06,9.55E-06
Abcd1,-0.62862751,4.46E-13,1.12E-12
Naa10,0.645190096,1.61E-49,1.00E-48
Hcfc1,0.991682204,5.00E-43,2.71E-42
Irak1,0.308303921,3.33E-08,6.88E-08
Taz,-0.831819397,3.31E-31,1.37E-30
Septin12,2.717055899,4.98E-07,9.73E-07
LOC363543,2.229150255,9.87E-10,2.18E-09
Cluap1,-0.467520596,4.14E-18,1.23E-17
Naa60,-0.462727346,1.42E-23,4.87E-23
Zg16b,-3.213961678,1.21E-07,2.43E-07
Mslnl,-1.386004775,4.70E-21,1.50E-20
Wfikkn1,0.721234166,2.43E-06,4.58E-06
RGD1564301,-5.264422972,6.07E-60,4.58E-59
Fbll1,2.456992479,0.034631262,0.04757075
RGD1560464,0.203646228,0.004776705,0.007154417
RGD1560689,-2.218605024,3.89E-14,1.01E-13
Tcf7,-0.60290729,3.33E-09,7.18E-09
Tnip1,-1.266462377,5.57E-141,1.28E-139
Cnot8,0.312843329,2.28E-20,7.16E-20
Olr1433,7.678261411,9.73E-93,1.23E-91
Iba57,0.93144851,3.35E-36,1.56E-35
Natd1,2.974493127,6.77E-229,3.50E-227
Grap,0.682547275,4.40E-13,1.11E-12
Kdm6b,0.199298247,0.016158453,0.02301438
Polr2a,-0.570627254,3.26E-15,8.83E-15
Kctd11,-0.758952164,1.04E-28,4.05E-28
Eral1,-0.166555801,0.008500565,0.012417574
Efcab5,4.900693467,1.36E-20,4.30E-20
Tmigd1,2.078794262,0.002516056,0.003864144
Bhlha9,-3.90152182,5.59E-24,1.93E-23
Cct6b,-0.53670613,0.001970736,0.003052794
Mrm1,2.069885813,1.92E-100,2.71E-99
Bcas3,0.150886633,0.01878605,0.026575169
Sp6,-1.704536815,1.16E-08,2.45E-08
Stac2,-0.71515318,0.001102817,0.001743946
Stard3,-0.204388155,5.43E-06,1.00E-05
Gjd3,-2.637999329,1.33E-10,3.04E-10
Meox1,1.403818346,3.20E-10,7.19E-10
C1ql1,3.984173578,3.44E-15,9.30E-15
RGD1559458,0.959538799,0.00759942,0.011156829
Srp68,-0.173560182,0.00066959,0.001077369
RGD1559519,0.791995186,5.01E-15,1.35E-14
Chmp2b,0.307226703,1.34E-09,2.94E-09
LOC363732,-1.760938485,0.001973007,0.003055991
Gabpa,0.534804339,2.73E-27,1.03E-26
LOC363746,0.995587333,0.000752915,0.001206949
Arl6,-1.794273778,3.00E-56,2.11E-55
Abi3bp,-3.68170784,5.43E-147,1.33E-145
Zpld1,-6.745252035,1.50E-54,1.02E-53
Plcxd2,1.795412143,4.06E-15,1.10E-14
Cfap44,0.729120542,3.04E-05,5.36E-05
Zdhhc23,0.555113105,0.003696703,0.005598324
Tigit,0.972266099,0.010319198,0.014954598
Fbxo40,3.969381371,1.90E-05,3.40E-05
Lmln,-0.9671745,1.13E-17,3.30E-17
Xxylt1,-1.257983699,1.48E-82,1.61E-81
RGD1559972,0.674219837,1.42E-10,3.23E-10
Map6d1,-5.04136042,6.98E-72,6.48E-71
Vpreb2,7.678394249,3.31E-88,3.90E-87
Ube2l3,0.069224283,0.041132945,0.055938083
Hira,1.051816565,4.98E-135,1.07E-133
Elavl1,0.853266961,6.25E-51,3.98E-50
Cd209,-2.31222955,0.000280077,0.00046279
Trappc5,-0.294694888,2.28E-09,4.94E-09
Rxfp2,-5.203168017,1.27E-21,4.14E-21
Zscan25,-0.57564641,1.34E-18,4.03E-18
Cnpy4,-1.609611928,2.22E-24,7.74E-24
RGD1562525,2.915943821,6.14E-08,1.25E-07
Tmem132c,-1.385348076,0.026526875,0.036913032
Rad9b,-1.23379152,2.61E-27,9.85E-27
Myl2,3.816317271,0.000384968,0.00063023
Selplg,2.418551051,1.11E-68,9.73E-68
Oas2,0.64509739,0.000132905,0.000224627
RGD1561440,1.055230431,5.24E-26,1.91E-25
Cdh20,-2.365059301,2.14E-08,4.45E-08
Nckap5,-3.208497172,2.59E-39,1.29E-38
Yod1,2.697569882,5.47E-105,8.22E-104
Ikbke,-0.399777225,2.17E-07,4.31E-07
Slc41a1,-0.922888405,1.32E-27,5.03E-27
Phlda3,-3.624534813,1.69E-125,3.25E-124
RGD1307782,0.944894252,2.07E-10,4.70E-10
Ncf2,3.480947397,1.20E-133,2.53E-132
Slc9c2,-1.061557834,4.45E-08,9.14E-08
Tnfsf18,-3.759147746,1.49E-24,5.22E-24
Pigc,-0.256603482,1.40E-05,2.53E-05
Vamp4,-0.476340781,5.01E-14,1.30E-13
Mael,-1.996523044,1.83E-05,3.27E-05
Slamf7,0.546176573,2.95E-05,5.21E-05
Pea15,-1.507380259,8.09E-20,2.51E-19
Pycr2,1.012954066,1.98E-60,1.52E-59
Hlx,1.041918648,4.43E-28,1.70E-27
Iars2,-1.340673046,2.00E-79,2.09E-78
Ddx3y,-2.918264133,7.64E-14,1.98E-13
Irf6,-0.62853182,0.012122526,0.017459365
Aasdh,0.511040629,1.54E-08,3.22E-08
Tmem165,0.385686047,1.34E-06,2.55E-06
Gsx2,-1.466056911,0.049365701,0.06653462
Fryl,0.224344674,0.018649458,0.026392039
Yipf7,4.87421116,2.15E-09,4.66E-09
Smim14,-0.260483807,3.06E-06,5.73E-06
LOC364176,1.262237852,1.88E-06,3.56E-06
Isca2-ps1,1.550843586,2.09E-17,6.06E-17
Bloc1s4,0.378066181,5.52E-10,1.23E-09
Rasl10a,-1.906457958,5.33E-09,1.14E-08
Fbxo48,3.014542899,2.58E-52,1.69E-51
Plek,4.384781089,9.19E-203,3.82E-201
LOC364218,-1.63359684,0.000626367,0.001009722
Acyp2,1.294425911,0.000293798,0.000484543
Dnajc9,2.5140247,0,0
Kcnk5,0.964939976,2.99E-20,9.38E-20
Spetex-2C,2.52954873,0.005513293,0.008206141
Pip4p1,-0.285735561,1.35E-14,3.58E-14
Rnase9,3.11423785,5.15E-08,1.05E-07
Rnase12,3.036459366,1.76E-43,9.64E-43
Abhd4,0.343756899,4.16E-05,7.28E-05
Rnf31,-0.338769658,3.39E-13,8.56E-13
Phf11b,0.380737035,0.004342219,0.006532097
C1qtnf9,-5.816606239,1.86E-46,1.09E-45
Arl11,1.21564991,2.07E-25,7.43E-25
Trim13,1.222535175,1.20E-25,4.33E-25
Blk,4.016554477,3.41E-76,3.41E-75
Scara3,-0.591544941,0.017336459,0.024615176
Kctd9,-0.831725208,3.57E-30,1.44E-29
LOC364417,2.004317613,1.01E-15,2.79E-15
Chmp7,-0.430429195,3.48E-35,1.59E-34
Tnfrsf10b,-3.935906367,9.34E-95,1.21E-93
Nufip1,0.611980602,5.23E-19,1.59E-18
Kctd12,0.783501704,9.35E-29,3.65E-28
Dzip1,-1.397137203,9.22E-14,2.38E-13
Phf7,0.381982609,4.42E-08,9.07E-08
Shld2,-0.218258537,0.000127068,0.000215043
Calr3,-2.093855735,5.05E-70,4.55E-69
Ssbp4,1.134026274,2.68E-55,1.86E-54
Tmem161a,-0.29451603,0.003935327,0.00594661
RGD1564941,-4.177906514,4.85E-14,1.26E-13
LOC364540,-3.548626265,1.85E-35,8.49E-35
LOC364556,1.665567933,4.37E-05,7.65E-05
Palldl1,2.998803619,6.92E-07,1.34E-06
LOC364592,0.70154516,0.024238544,0.033878536
Tlr3,-1.852257096,7.03E-158,1.91E-156
Micu3,-1.488420845,1.11E-32,4.79E-32
RGD1565245,2.808603946,0.001606403,0.002509575
RGD1560512,0.732585381,0.022435068,0.031469303
Lsm1,-1.007110309,4.59E-60,3.48E-59
Tpte2,-1.544050215,0.006263351,0.009274022
Thsd1,-2.193553949,2.00E-63,1.62E-62
Csmd1,-2.100659839,3.04E-06,5.69E-06
Fbxo25,-0.180729601,0.000375066,0.00061436
Shcbp1,5.784386115,0,0
Wdr17,-2.457671841,5.98E-08,1.22E-07
Rnf170,-0.406256483,1.11E-12,2.75E-12
Mrpl36,0.387471561,5.65E-17,1.62E-16
Cdk20,-0.306257344,6.52E-06,1.20E-05
RGD1559908,0.871774599,4.82E-30,1.94E-29
Tifab,1.784733129,9.49E-32,3.98E-31
Gprin1,-3.322010049,2.22E-26,8.18E-26
Sfxn1,-1.276230524,8.26E-61,6.36E-60
Rnf144b,-0.774206948,1.95E-20,6.13E-20
Ranbp9,0.208702348,2.69E-06,5.05E-06
Hmgb1-ps2,-1.794735954,7.49E-06,1.37E-05
Serpinb6b,1.039570355,1.66E-21,5.38E-21
Foxc1,1.209487761,1.53E-28,5.93E-28
Foxf2,-1.815470897,8.82E-07,1.70E-06
Prss16,-2.090399948,0.00623714,0.00923845
Hist1h2ao,2.976707805,4.48E-65,3.72E-64
Nme8,-0.934255339,9.02E-05,0.000154349
RGD1563690,1.414894014,9.40E-13,2.33E-12
Gabpb1l,0.537808563,6.41E-06,1.18E-05
Lyzl1,4.08060015,7.73E-11,1.78E-10
Fzd8,-1.754850808,6.42E-65,5.31E-64
Ero1b,0.789911557,1.34E-20,4.22E-20
Suv39h2,3.121202165,2.91E-204,1.23E-202
Arl5b,-1.368810451,3.43E-52,2.24E-51
LOC364806,-2.141921893,1.31E-06,2.51E-06
Psma8,-3.42527333,1.94E-20,6.11E-20
Klhl14,4.643638525,1.71E-40,8.79E-40
Polr2d,0.626957755,4.34E-26,1.59E-25
Sft2d3,-0.362876702,6.49E-06,1.19E-05
Gypc,2.257820225,1.47E-140,3.35E-139
Reep5,-2.261110334,3.15E-253,1.98E-251
Pcdhga8,-3.60470297,1.80E-47,1.07E-46
Pcdhgb7,-2.840813965,8.42E-36,3.89E-35
Pcdhgb8,-3.207322971,2.29E-53,1.52E-52
Stk32a,-1.63265754,0.00619675,0.009181841
Ticam2,0.370681267,0.000328065,0.000539522
Marchf3,1.52832332,1.92E-57,1.38E-56
Isoc1,-0.790288226,2.86E-30,1.16E-29
Cdx1,-1.646081378,2.28E-11,5.38E-11
Cfap53,0.817206274,8.85E-16,2.44E-15
Ctif,-2.735227538,1.01E-295,8.26E-294
St8sia5,2.433245903,8.74E-05,0.000149774
Mrps21l,1.413212713,0.016135444,0.022986034
Nkd1,-1.770901598,9.30E-40,4.69E-39
Best2,2.234704152,3.50E-09,7.53E-09
Rnaseh2a,0.766659461,1.91E-23,6.53E-23
Gcdh,-0.842066373,1.89E-25,6.81E-25
Syce2,-0.330137536,4.69E-05,8.18E-05
Scoc,0.127736644,0.015200378,0.021707278
Slc25a36l1,-0.570205044,7.16E-05,0.000123411
Pskh1,-0.190714896,0.005570767,0.008287935
Dpep3,2.081688318,1.12E-48,6.84E-48
Ddx28,0.536793611,9.67E-22,3.15E-21
Zcchc14,-1.95733438,1.09E-99,1.52E-98
Rnf166,0.714896872,8.68E-66,7.29E-65
Ankrd11,-0.189191961,0.001653705,0.002579929
Chmp1a,0.265418673,7.16E-20,2.22E-19
Sash1,-2.021249161,2.58E-34,1.16E-33
Samd5,-3.960918838,2.39E-40,1.22E-39
Rab32,1.27788137,7.67E-32,3.23E-31
Map3k5,0.133996308,0.015450767,0.022045698
LOC365076,2.604958594,0.000227795,0.000378792
LOC365085,-2.678291309,2.59E-09,5.60E-09
Acat2l1,-1.321449039,3.34E-35,1.52E-34
Prdm9,-1.488274339,1.55E-30,6.31E-30
Zfp787,0.524272546,3.67E-26,1.35E-25
Zfp524,0.392551517,2.19E-06,4.12E-06
Fcar,9.133930693,7.81E-114,1.30E-112
Chmp2a,0.351937651,3.04E-25,1.08E-24
Micb,-3.32451799,2.27E-105,3.43E-104
Smg9,1.466213828,7.04E-125,1.35E-123
LOC365219,-0.611627902,0.000686619,0.001103724
Lrfn1,-1.029695422,4.31E-16,1.20E-15
Zfp74,-2.008112529,1.02E-62,8.12E-62
Ovol3,0.478882148,0.048889923,0.065935425
LOC365232,0.412784956,0.001881047,0.002919669
LOC365238,-2.095446538,1.31E-06,2.49E-06
Kcna7,3.141780688,2.47E-07,4.88E-07
Zdhhc13,0.585836259,1.31E-13,3.36E-13
Atp10a,-0.638921906,0.000267875,0.000443297
Asb7,0.133461908,0.022689216,0.031807695
Pgpep1l,1.513811805,1.66E-07,3.32E-07
Crtc3,-1.122515205,1.44E-98,1.97E-97
Alpk3,2.687174637,4.14E-15,1.12E-14
Bnc1,-7.718617338,3.39E-74,3.28E-73
Xrra1,-1.787920102,1.21E-11,2.88E-11
Lipt2,-0.753499529,1.37E-15,3.75E-15
Olr63,-2.633703247,2.67E-32,1.14E-31
Cyb5r2,-1.797877478,1.82E-14,4.80E-14
Mical2,1.445671512,1.67E-31,6.98E-31
Rras2,-1.701720867,3.31E-91,4.06E-90
RGD1565301,-1.669790951,0.022771559,0.031916983
Tmc5,2.251462957,0.000258044,0.000427506
Lyrm1,-2.74370455,1.75E-169,5.30E-168
Cd19,6.148283027,1.44E-165,4.20E-164
Tbx6,1.116668992,1.09E-11,2.61E-11
Tbc1d10b,0.854512375,1.80E-123,3.39E-122
Trim72,3.070446608,5.22E-17,1.50E-16
Jakmip3,-4.825945444,1.16E-68,1.02E-67
Stk32c,-2.877319351,1.04E-18,3.12E-18
Inpp5a,-0.458722201,1.41E-18,4.23E-18
RGD1559948,0.903925159,1.79E-08,3.74E-08
Odf3,-1.464020568,1.12E-06,2.15E-06
Psmd13,0.74228346,1.21E-72,1.13E-71
Lrrc56,-0.702776066,5.11E-09,1.09E-08
Tspan32,2.642571193,1.35E-95,1.78E-94
Cabp4,-0.318396814,0.00215441,0.00332617
Clcf1,-0.427550985,0.000779779,0.001248119
Ssh3,-1.936572038,3.81E-95,4.97E-94
RGD1566289,-2.359083191,1.18E-05,2.14E-05
Cpsf7,0.229440824,8.74E-05,0.000149774
Osbp,0.104614859,0.00969099,0.014084213
LOC365418,-1.030118468,0.006790272,0.010018123
Fra10ac1,0.093693531,0.045105692,0.061054483
Tll2,2.733238607,5.88E-25,2.09E-24
Cwf19l1,0.167616048,0.000574488,0.000928419
Cfap43,-1.674594639,1.03E-11,2.45E-11
Cacul1,-0.075563045,0.017081752,0.024271003
Nanos1,4.186998197,0,0
Zfp296,1.063817089,2.38E-12,5.81E-12
RT1-M6-2,-0.588404581,3.93E-08,8.09E-08
RT1-DOb,0.581672361,0.000210704,0.000351359
Umodl1,-2.238638319,1.30E-50,8.26E-50
Tspear,1.40476739,7.59E-09,1.61E-08
Pttg1ip,-1.291615735,4.70E-206,2.03E-204
RGD1563815,-1.15456232,0.006104508,0.009050605
Vpreb3,5.627626315,8.09E-51,5.13E-50
Rsph14,1.193893435,0.019602364,0.027674365
Micu1,-0.135615437,0.012409062,0.017857267
Tysnd1,-1.596283341,3.56E-93,4.53E-92
LOC365572,-0.916929522,0.000403868,0.000660039
Edar,0.831896467,0.002031353,0.003142454
Dse,-2.595232465,8.22E-155,2.16E-153
Atg5,0.120628256,0.00230152,0.003543306
Bves,1.069588664,0.006442293,0.009524201
Arsk,-0.563030176,1.28E-10,2.93E-10
Mblac2,-1.045144983,3.52E-30,1.42E-29
Marveld2,-1.327369885,1.53E-07,3.06E-07
Erbin,0.852923952,5.84E-52,3.79E-51
Mtrex,0.211046164,7.28E-06,1.34E-05
RGD1560484,2.617873114,1.57E-05,2.82E-05
Egflam,-2.230007154,1.14E-48,6.97E-48
Nadk2,2.437345665,2.35E-210,1.04E-208
Trim55,4.473509893,4.71E-25,1.68E-24
Tbl1xr1,0.551380999,4.97E-32,2.10E-31
Actrt3,2.633714321,1.63E-27,6.18E-27
Bbs12,-0.749587928,7.53E-30,3.02E-29
Rab33b,-1.152597125,1.43E-55,9.98E-55
Ufm1,-0.553749495,1.05E-21,3.43E-21
Selenot,-0.143450054,0.000805335,0.00128763
Trim59,5.440481724,0,0
Fstl5,1.950021843,0.016072614,0.022898734
Fam160a1,-1.514271389,2.30E-07,4.57E-07
Clk2,0.226458395,0.000450078,0.000732928
Nup210l,3.422097042,3.73E-61,2.89E-60
LOC365846,5.566460171,1.08E-34,4.87E-34
RGD1563667,-1.955674321,7.72E-12,1.85E-11
Tuft1,-0.444580546,0.000441732,0.000719694
Pip5k1a,0.425286415,1.70E-16,4.79E-16
Hormad1,-0.938941204,0.009064334,0.013207214
Ciart,1.24909336,2.31E-11,5.45E-11
Aph1a,0.27310631,1.34E-08,2.81E-08
Bola1,0.813422198,6.52E-33,2.83E-32
Hist2h2aa3,-2.906872538,5.46E-56,3.83E-55
Ankrd35,0.662005176,0.000344347,0.000565451
Trim33,0.927910853,8.89E-73,8.36E-72
Hipk1,1.542884609,4.72E-82,5.11E-81
LOC365897,-2.502761364,4.83E-13,1.21E-12
Alx3,-4.139658322,8.52E-17,2.43E-16
Gnat2,-3.191918117,8.92E-24,3.06E-23
Fam102b,-0.997018713,1.62E-31,6.76E-31
Tlcd4,2.474061597,7.82E-153,2.01E-151
LOC365942,-1.197082159,0.003180148,0.004841327
Slc9b1,-0.86568598,0.005188763,0.007742969
Bank1,3.925191708,1.12E-106,1.72E-105
LOC365949,1.041403401,1.86E-09,4.06E-09
Gipc2,-1.749034617,8.25E-38,3.99E-37
Lhx8,3.4097653,3.52E-14,9.19E-14
St6galnac5,2.143282371,2.26E-14,5.95E-14
Ak5,-1.597487095,4.92E-10,1.10E-09
Arrdc1,1.320243557,7.59E-29,2.97E-28
LOC366006,-2.070804536,4.98E-05,8.67E-05
Trub2,-0.355623161,1.37E-11,3.25E-11
Coq4,-0.320625271,1.34E-05,2.42E-05
Zdhhc12,0.583332009,7.81E-12,1.87E-11
Exosc2,1.739550777,5.84E-158,1.59E-156
Klf5-ps1,2.504054832,3.60E-22,1.19E-21
Zbtb6,0.612144443,9.48E-25,3.34E-24
RGD1561137,1.349528644,0.0223949,0.031415938
Crb2,-5.683142667,1.52E-41,7.97E-41
Galnt3,4.194971815,5.54E-48,3.34E-47
B3galt1,-3.566885118,2.04E-40,1.04E-39
Cers6,-0.910156899,2.72E-11,6.38E-11
Myo3b,-2.902534179,0.012705775,0.018263818
LOC366071,0.902295702,0.026179627,0.036457262
LOC366097,3.572474632,1.97E-14,5.19E-14
Agbl2,-1.336836506,6.38E-09,1.36E-08
Spi1,1.868481367,1.61E-66,1.37E-65
Ldlrad3,-1.997356197,2.77E-70,2.51E-69
Fjx1,-2.630980529,1.64E-40,8.43E-40
Elf5,-0.584959066,0.029161746,0.040380112
Rtf1,0.755946487,7.19E-37,3.40E-36
Tmem87a,-0.260894368,2.96E-06,5.55E-06
Catsper2,-0.920000996,7.50E-25,2.65E-24
Patl2,2.489942431,1.36E-14,3.60E-14
Tgm3,-3.272934666,8.68E-10,1.92E-09
Fastkd5,1.031437716,9.91E-47,5.84E-46
RGD1565299,1.384933235,0.000313747,0.00051655
Crls1,-1.453773371,1.08E-90,1.32E-89
LOC366199,-2.735730815,1.53E-15,4.19E-15
Flrt3,-3.753648716,3.78E-44,2.11E-43
Apmap,-2.31845311,1.28E-231,6.78E-230
Scrt2,2.886500185,0.015206735,0.021715308
Rem1,-5.519158477,2.07E-94,2.68E-93
Slc2a10,-4.092724861,2.88E-119,5.16E-118
LOC366260,2.786750915,0.001638804,0.002558437
Spo11,1.423213835,2.32E-06,4.38E-06
Rbm38,6.423345712,0,0
Rab22a,-0.812897048,1.12E-66,9.53E-66
Ntsr1,-5.995170803,7.46E-86,8.50E-85
Ptk6,-2.310515827,1.13E-08,2.39E-08
Prpf6,-0.657421994,2.07E-69,1.85E-68
Polr3k,-0.266739027,0.005717007,0.008497384
Pcmtd1,-0.766645387,7.07E-53,4.65E-52
RGD1565372,-2.065557682,2.14E-08,4.46E-08
Clvs1,-1.180506263,2.49E-22,8.24E-22
LOC366320,6.334824218,2.23E-57,1.61E-56
Faxc,-1.325793509,1.60E-06,3.05E-06
Mob3b,-3.007628824,9.14E-161,2.55E-159
Myorg,-3.497541468,2.24E-47,1.34E-46
Igfbpl1,3.070445486,1.35E-09,2.96E-09
Frrs1l,5.571378703,5.33E-119,9.51E-118
Cdc26,0.577606394,3.54E-39,1.77E-38
Fam29a,1.181507164,3.54E-87,4.11E-86
Slc1a7,-4.890234918,1.02E-70,9.29E-70
Btf3l4,-0.157806849,0.000217491,0.000362228
LOC366436,-3.881557166,4.50E-27,1.69E-26
LOC366447,-1.065638785,3.17E-07,6.25E-07
Uqcrh,0.579309341,7.78E-19,2.35E-18
Mpl,5.38561297,5.95E-200,2.40E-198
Ppih,1.304185303,3.61E-166,1.06E-164
Oxct2b,-1.59496983,0.035256504,0.048382429
Maneal,-2.757869757,4.94E-32,2.09E-31
Lsm10,-0.687624285,1.66E-28,6.43E-28
Azin2,-1.951810194,1.47E-26,5.43E-26
Col16a1,-2.699633597,6.58E-72,6.12E-71
Pigv,0.580814423,1.26E-16,3.56E-16
RGD1563135,-3.835743055,3.12E-66,2.63E-65
Sh2d5,6.998546239,1.62E-248,9.73E-247
Spata21,-0.893072721,9.17E-05,0.000156856
Epha2,-1.94400248,1.09E-51,7.02E-51
LOC366502,0.684219529,0.001492417,0.002335697
Lzic,-0.325778222,5.70E-16,1.58E-15
Pik3cd,1.528854947,4.84E-42,2.57E-41
Wrap73,0.89142192,1.03E-70,9.38E-70
Ttc34,-3.06125176,7.94E-16,2.19E-15
Tnfrsf14,4.720735885,2.73E-250,1.67E-248
Dhx57,-0.924168258,2.31E-41,1.21E-40
Six2,5.022062944,4.94E-09,1.05E-08
Atp6v1e2,1.419236247,4.51E-12,1.09E-11
Colec11,-1.00751451,0.040276727,0.054841749
Dus4l,-0.29914481,0.001284796,0.002020702
Sypl1,-0.632021651,1.27E-13,3.25E-13
Dock4,-2.061563725,2.87E-62,2.27E-61
Dtd2,0.879974903,1.26E-29,5.04E-29
Cfl2,-1.034000819,1.63E-06,3.10E-06
Ttc6,-3.149860568,8.08E-13,2.01E-12
Syne2,-3.917825545,1.47E-238,8.20E-237
RGD1559921,-1.492928748,0.023991223,0.033551874
Rbm25,0.441956861,1.43E-25,5.15E-25
Sptlc2,-1.114918703,2.91E-46,1.70E-45
Adck1,-0.737614748,1.76E-25,6.34E-25
Diras3,-2.006024591,1.48E-22,4.92E-22
Bag5,-0.215257058,4.28E-06,7.96E-06
LOC366738,1.821353014,0.043689405,0.059240414
LOC366752,5.275505759,2.30E-29,9.12E-29
LOC366763,3.46933458,0.004744891,0.007109286
LOC366782,4.124948655,6.28E-11,1.45E-10
Alkbh8,-0.763900306,2.92E-22,9.66E-22
Pym1,1.107884018,4.46E-96,5.90E-95
Mettl7b,-3.092864844,9.74E-25,3.43E-24
Ephx3,-3.336477709,1.28E-60,9.83E-60
Kank3,-1.791271126,2.48E-37,1.19E-36
Fbxo7,2.107425817,1.19E-189,4.47E-188
Mterf2,-1.642581596,1.04E-35,4.78E-35
Glt8d2,-3.344157362,5.36E-141,1.23E-139
Cep83,0.279355875,5.33E-09,1.14E-08
LOC366878,-1.223092912,0.005313744,0.007921481
Zdhhc17,-0.781844465,3.88E-36,1.81E-35
Caps2,-2.332564892,6.44E-08,1.31E-07
Trhde,-2.754811984,1.05E-79,1.10E-78
Tbc1d15,0.398644927,8.49E-13,2.11E-12
Slc26a10,-1.749633931,5.98E-17,1.71E-16
Snx31,2.133510859,1.37E-53,9.14E-53
Mafa,1.244251822,0.004692511,0.007035437
Scrt1,-0.456326493,0.047461322,0.064085113
Cpsf1,-0.330902459,1.48E-20,4.68E-20
Tonsl,2.456636917,1.47E-107,2.29E-106
Zfp251,-0.602016019,4.87E-30,1.96E-29
Rac2,3.658678837,1.11E-252,6.95E-251
Gcat,-2.660359186,8.19E-26,2.97E-25
Maff,-1.566064845,1.85E-24,6.46E-24
Grap2,5.187760192,0,0
Pphln1,0.272427575,2.87E-12,6.98E-12
LOC366979,-0.899765976,0.049186687,0.066314495
Arid2,0.844236281,1.55E-49,9.65E-49
Cers5,-1.261027931,2.64E-76,2.65E-75
Bin2,3.527487672,0,0
Tbca,0.281638817,1.14E-10,2.61E-10
Nfe2,7.709650679,0,0
Fam76b,0.481042959,3.19E-10,7.18E-10
Zfp26,0.460681488,1.82E-11,4.29E-11
Zfp266,-0.373161737,4.94E-16,1.37E-15
LOC367036,-1.091312981,0.000186537,0.000312257
Ap1m2,-3.290722237,6.22E-14,1.61E-13
Dock6,-2.478578803,1.49E-60,1.14E-59
Ccdc15,0.694345861,1.08E-13,2.78E-13
Arhgef12,-0.353646367,3.88E-07,7.62E-07
Trappc4,-0.352822079,3.49E-09,7.50E-09
Alg9,-2.06076768,8.41E-235,4.58E-233
Arhgap20,-3.38763865,5.88E-23,1.98E-22
Sln,2.481654189,0.030027158,0.041516261
Neil1,0.785823372,4.22E-19,1.28E-18
Arid3b,0.560448053,9.11E-12,2.18E-11
Smad6,-1.445997817,1.62E-30,6.61E-30
Hmgcll1,1.71737211,1.63E-47,9.76E-47
Lrrc1,-0.473138116,0.000481923,0.000782848
LOC367140,-2.086442573,9.25E-06,1.69E-05
Foxl2,-2.653863535,0.009293222,0.013530053
Cep70,1.917573933,9.78E-99,1.35E-97
LOC367159,1.667688771,0.002586466,0.00396857
Cpne4,2.230231053,4.27E-12,1.03E-11
RGD1560844,1.457728939,2.42E-07,4.80E-07
Hyal1,-2.535805281,2.80E-59,2.09E-58
Traip,4.431932731,2.33E-280,1.72E-278
Map4,-1.377867597,1.38E-26,5.11E-26
RGD1565653,1.411648805,3.74E-11,8.74E-11
Gadl1,2.228137424,0.000151189,0.000254555
LOC367195,0.643262347,0.029336736,0.040601516
Acad8,-1.248279699,3.55E-24,1.23E-23
Oard1,0.550366817,8.93E-33,3.85E-32
Trem3,0.920157947,9.05E-06,1.65E-05
Ncr2,-4.689339143,3.18E-32,1.35E-31
Runx2,2.039367477,1.68E-47,1.00E-46
Fam135a,-1.545653005,2.15E-23,7.32E-23
Col19a1,-1.893922224,2.80E-10,6.31E-10
Rab23,-1.491465512,1.53E-69,1.36E-68
Ankrd39,1.158980925,6.91E-37,3.28E-36
Mgat4a,-0.537509696,0.000514912,0.000834329
Sec61g-ps1,2.115528513,1.65E-42,8.86E-42
RGD1564447,-1.616977298,0.034221598,0.047045156
Stat4,0.815105739,1.90E-07,3.79E-07
LOC367275,0.648456313,6.58E-24,2.27E-23
LOC367277,2.056141726,3.50E-33,1.52E-32
Kansl1l,-0.381861561,1.19E-10,2.71E-10
Slc23a3,3.352737129,1.89E-68,1.65E-67
Kcne4,-3.618163444,6.66E-72,6.19E-71
Ap1s3,2.271807971,1.09E-38,5.38E-38
RGD1561755,1.151547301,0.011311147,0.01633133
Dis3l2,-0.410665817,1.28E-16,3.63E-16
Alpg,-1.543271837,2.35E-08,4.89E-08
Col6a3,-4.355497902,2.42E-185,8.63E-184
Lrrfip1,0.501588927,3.44E-09,7.41E-09
Gpr35,1.141186156,6.09E-08,1.24E-07
Nudt12,-2.336825813,2.12E-137,4.66E-136
RGD1559955,1.283377699,2.23E-21,7.18E-21
Washc1,-0.656224811,2.21E-53,1.47E-52
B3gntl1,-1.490022058,1.39E-55,9.66E-55
Pla2g12b,1.66548524,0.004268462,0.006424408
Lrg1,1.100918391,8.71E-18,2.56E-17
Gaa,-0.808149095,3.70E-12,8.99E-12
Pif1,3.772049102,3.90E-176,1.25E-174
Sowahd,3.735749229,1.01E-25,3.64E-25
RGD1565032,1.029884956,0.00187345,0.00290864
Rp2,0.972672816,5.48E-20,1.70E-19
Rpgr,-0.147475335,0.007495917,0.011011977
Praf2,0.231666064,0.014552924,0.020819851
LOC367746,-3.648032964,2.75E-13,6.96E-13
LOC367757,-0.559472805,0.007503802,0.01102192
RGD1560105,1.230853964,7.29E-06,1.34E-05
Tmem164,0.317518049,0.000284083,0.000469121
RGD1562863,1.281314427,2.32E-11,5.46E-11
Mageh1,-1.523398886,1.84E-49,1.14E-48
Tceanc,0.60846666,6.22E-23,2.10E-22
Bmx,2.170550444,9.42E-41,4.86E-40
Scml2,1.112994496,7.55E-22,2.47E-21
Ptges3l1,1.308205574,6.72E-39,3.33E-38
Zfx,0.381866448,6.89E-25,2.44E-24
Zc4h2,-1.130086152,7.95E-32,3.35E-31
Sp3,0.493629911,5.79E-15,1.55E-14
LOC367856,1.546506241,0.001408316,0.002208866
Btk,3.396682898,8.09E-126,1.56E-124
Armcx3,-1.268230153,4.28E-54,2.89E-53
Armcx2,-2.183360121,1.60E-32,6.86E-32
Tceal8,0.488993068,1.18E-18,3.56E-18
Rab9b,-1.512590015,2.88E-11,6.76E-11
Rbmx2,1.098848852,1.92E-60,1.47E-59
Zic3,5.090252078,1.85E-56,1.31E-55
RGD1560171,-0.679570582,0.034835283,0.047839895
Ldoc1,0.552764145,0.046414607,0.0627229
Upk3bl1,-6.351351481,1.93E-90,2.33E-89
Bcl7b,-0.153897966,0.007898149,0.011579881
Baz1b,0.843473658,1.44E-60,1.11E-59
Btaf1,1.100405685,8.25E-70,7.41E-69
Atp6v1g2,1.280102873,0.000292748,0.000482865
Ankib1,-0.624144345,1.24E-42,6.68E-42
Inmt,-4.981936655,6.06E-74,5.83E-73
Pnn,0.346179811,4.49E-05,7.84E-05
Bud23,0.855539536,4.08E-61,3.16E-60
Dgkd,0.711362115,3.04E-27,1.14E-26
Hpse2,-2.866154483,5.08E-19,1.54E-18
Rorc,-3.157562616,1.86E-13,4.75E-13
RGD1565071,-1.459180541,0.02005334,0.028277312
Hoxc9,-2.584606632,7.34E-17,2.09E-16
Dnajc30,-0.819630078,1.39E-27,5.28E-27
Myadm,-1.693017812,2.93E-63,2.37E-62
Ddx24,-0.385307047,8.54E-19,2.58E-18
Ift81,-1.085712513,1.47E-25,5.31E-25
Il18rap,2.202118568,2.71E-32,1.15E-31
Taf9,1.089192267,1.95E-153,5.06E-152
Stk25,-0.800520431,1.19E-74,1.16E-73
Prkag2,-1.981719483,9.36E-119,1.67E-117
Terc,7.686795721,1.89E-96,2.50E-95
Tmem159,-2.151732238,2.00E-206,8.67E-205
Pigw,-0.304013405,0.000479027,0.000778313
Trmt11,0.798975233,6.71E-44,3.72E-43
Uts2b,-4.42453171,3.43E-30,1.39E-29
Bst2,-1.141250283,4.59E-22,1.51E-21
Gjb2,-0.629206866,0.008997551,0.013115075
E2f1,1.952159383,1.64E-130,3.34E-129
Vkorc1l1,-1.7798206,9.85E-116,1.69E-114
Mid1ip1,1.276711867,7.33E-88,8.57E-87
Mrgprx2,-1.96518842,1.86E-09,4.05E-09
Mas1l,-4.413450668,3.75E-38,1.83E-37
Mrgpre,-2.543882109,4.75E-12,1.15E-11
Iqsec3,1.835499584,1.23E-13,3.16E-13
Olr34,-1.818815328,0.001933997,0.002998866
Olr1639,2.555670478,0.000265565,0.000439573
Olr837,-1.973855424,4.82E-08,9.87E-08
Olr1597,7.670365895,5.80E-85,6.53E-84
Olr1366,-5.713517049,1.12E-58,8.27E-58
Olr1737,-1.37004013,0.007125396,0.010492147
Olr1394,3.296728744,1.63E-05,2.93E-05
Olr1395,3.861498188,1.12E-12,2.77E-12
Olr1396,4.900883701,2.92E-20,9.15E-20
Olr1529,-1.543315325,0.010376171,0.015029801
Olr1585,1.142840085,1.74E-09,3.79E-09
Olr1734,-1.933656695,5.68E-05,9.86E-05
Olr1738,-1.225163281,1.23E-05,2.23E-05
Btnl7,-4.003919186,2.21E-27,8.36E-27
Btnl8,-4.806176605,2.31E-43,1.26E-42
C4b,-4.635844241,7.74E-273,5.46E-271
Notch4,-2.443314774,4.64E-46,2.69E-45
Gpsm3,2.901519529,1.19E-238,6.65E-237
Pbx2,0.302421938,2.93E-15,7.95E-15
Agpat1,-0.500301726,1.90E-13,4.84E-13
Egfl8,-0.392969578,7.27E-05,0.000125215
Prrt1,-0.50857842,2.70E-06,5.07E-06
Atf6b,0.149226135,0.001536722,0.002402875
Sapcd1,1.260790081,3.69E-05,6.47E-05
RT1-T18,-1.077247344,0.000311593,0.000513147
Tcf19,3.39751414,0,0
Cchcr1,2.279306207,1.56E-117,2.75E-116
Krt77,1.744570568,3.71E-06,6.92E-06
Krt72,-3.314359561,3.42E-19,1.04E-18
Krt2,0.879052527,0.000723209,0.001160523
Rpp21,0.345476608,4.90E-07,9.58E-07
Clic1,0.285521173,0.002389562,0.003674644
Mpig6b,3.900060745,5.24E-145,1.25E-143
Ly6g6e,1.473176989,1.07E-08,2.25E-08
Ly6g5b,0.443512058,0.006516799,0.00963002
G4,-0.748965468,1.29E-21,4.17E-21
Btla,3.129816837,2.78E-97,3.74E-96
Krt76,3.241255702,1.02E-31,4.28E-31
St6galnac4,1.23977622,8.81E-82,9.50E-81
St6galnac6,-1.805612568,1.49E-37,7.18E-37
Btnl3,-3.75307987,1.01E-23,3.46E-23
Stk19-ps,-1.161047376,0.002131111,0.003290885
Rnf5,0.665544002,2.51E-33,1.10E-32
Sucnr1,-3.955986004,1.39E-161,3.90E-160
Pan2,0.528933237,9.87E-13,2.44E-12
Abhd12b,1.742678929,0.004644405,0.00696755
Mcpt4l1,3.14902058,6.37E-09,1.36E-08
Mcpt1l3,6.596313113,1.33E-68,1.17E-67
Cpa5,-2.349613027,0.001119178,0.001768778
Usp11,0.315031115,0.001165452,0.001838669
Usp54,-0.782465832,1.77E-24,6.18E-24
Wfdc15b,1.920819232,3.41E-09,7.34E-09
Spink4,-1.045996685,0.000232049,0.000385714
Spink2,3.11388621,7.27E-13,1.81E-12
Prss57,3.581785018,7.68E-78,7.87E-77
Ece2,-0.599731638,1.79E-05,3.21E-05
Prss46,2.77306902,0.005178585,0.007728171
C1rl,0.474145513,0.000522546,0.000846373
Try10,5.168093328,1.56E-15,4.27E-15
RT1-CE14,-1.746807016,4.27E-35,1.94E-34
RT1-CE2,1.000309513,0.016445799,0.023405615
RT1-CE4,-0.344507037,0.011287026,0.016298095
RT1-T24-4,1.471387043,6.84E-39,3.39E-38
RT1-M6-1,-1.461625769,6.02E-19,1.82E-18
RT1-M1-2,-3.315717774,1.17E-33,5.14E-33
RT1-M10-1,-1.745997907,5.25E-05,9.13E-05
RT1-T24-3,0.769451328,1.35E-07,2.71E-07
RT1-CE15,-0.242232598,0.007490706,0.011004869
RT1-CE13,2.057289067,4.94E-13,1.24E-12
RT1-CE11,-1.144382463,1.49E-14,3.94E-14
RT1-CE10,-0.485729157,3.96E-07,7.78E-07
Rps15-ps1,-3.01500419,2.97E-18,8.85E-18
Ppid-ps1,-1.856439636,0.002725912,0.004176033
RT1-CE16,-0.749974808,3.25E-38,1.59E-37
Tsbp1,3.539121323,7.27E-36,3.37E-35
Rps2-ps1,-2.738016686,7.34E-13,1.83E-12
Rpl41-ps1,0.481870454,2.99E-09,6.45E-09
Ly6g6d,2.245988939,1.81E-14,4.79E-14
Gpank1,1.763946615,4.45E-104,6.60E-103
E230034O05Rik,-1.199847054,0.000275344,0.000455275
Cdk2ap1-ps4,-0.718725727,0.003383021,0.005141441
Cdk2ap1-ps6,3.01298377,6.27E-05,0.000108477
Sgce,-3.341919222,1.83E-152,4.67E-151
Nrg2,0.772739064,5.85E-06,1.08E-05
Slco4c1,6.880232122,5.57E-40,2.83E-39
Npc1l1,3.947880169,1.28E-19,3.95E-19
Atp6v0e2,-2.603397288,7.35E-59,5.44E-58
Eml5,-1.063016686,2.82E-07,5.57E-07
Apold1,0.558025235,0.000453067,0.000737633
Dnmt3a,-1.268805859,4.37E-88,5.13E-87
Dnmt3b,1.40736401,7.32E-75,7.15E-74
C5ar2,2.796372355,1.64E-95,2.15E-94
Jph4,1.386937537,0.033729384,0.046405157
S100a11,-1.631479923,8.19E-44,4.53E-43
Thbs1,-0.917225648,1.28E-05,2.32E-05
Repin1,-1.586183306,6.03E-35,2.74E-34
Ly96,0.684740314,6.75E-16,1.87E-15
Clec4b2,2.685014004,3.55E-15,9.60E-15
Clec4e,3.33542506,3.82E-69,3.38E-68
Omg,1.922506753,1.72E-08,3.59E-08
Krt10,-1.619274504,1.37E-28,5.33E-28
Ka11,-1.628006287,0.022857651,0.032033196
Krt42,-1.237326171,1.38E-05,2.50E-05
Adgre4,1.896322592,1.66E-53,1.11E-52
Clec4a,1.219614321,1.54E-21,4.98E-21
Hcst,1.964059582,5.69E-41,2.95E-40
Mib2,-1.606185989,1.92E-37,9.23E-37
Rbm4b,-0.249453302,9.40E-08,1.90E-07
Rnase2,0.60185624,0.03621131,0.04962595
Sspo,-1.917671941,1.59E-16,4.49E-16
Pmaip1,0.74077723,3.76E-05,6.60E-05
Crppa,-1.091049002,3.33E-12,8.10E-12
Capza2,0.147951367,0.017276054,0.02453412
Gimap9,-0.985565166,6.03E-18,1.78E-17
Aox3,-3.049335031,4.16E-64,3.39E-63
Lmcd1,-1.953947207,2.17E-14,5.72E-14
Rcn3,-1.557891215,1.23E-61,9.60E-61
Mycbpap,1.94729714,4.51E-47,2.67E-46
Ly49s6,1.018679902,1.88E-07,3.75E-07
Oas1k,0.901587056,6.35E-06,1.17E-05
Oas1f,-3.579272585,1.05E-17,3.08E-17
Oas1h,-1.500227592,2.45E-06,4.61E-06
Oas1e,-1.973355464,6.58E-13,1.64E-12
Oas3,2.507595314,1.45E-36,6.81E-36
Ly49i4,3.028396001,1.15E-17,3.36E-17
Ly49si1,1.106299318,6.09E-22,2.00E-21
Ly49i3,3.924739636,2.42E-30,9.81E-30
Ly49si3,1.630178692,1.06E-21,3.45E-21
Ly49i7,1.362829582,2.15E-07,4.27E-07
Ly49i5,2.304460946,1.32E-13,3.38E-13
Eogt,-1.886629812,1.31E-97,1.76E-96
Pfn4,2.209946548,3.64E-05,6.39E-05
Fbxl16,-1.310423971,5.70E-08,1.16E-07
Bin2a,-3.309323328,4.00E-40,2.04E-39
Vom1r89,-2.550047222,7.53E-06,1.38E-05
Ccdc8,-1.147357007,5.25E-18,1.55E-17
Fam115e,-3.325323156,1.27E-16,3.61E-16
Trim25,-0.779917592,5.64E-14,1.46E-13
Zfp799,-0.630823612,1.07E-20,3.40E-20
Zfp868,0.190216813,0.001353785,0.002125252
B4galt3,1.123771138,1.35E-68,1.18E-67
Tacstd2,2.862171743,2.03E-07,4.04E-07
Ier2,0.445165731,5.13E-08,1.05E-07
Pdcd10,1.110556769,3.55E-98,4.84E-97
Prelid3b,0.658540514,9.15E-50,5.71E-49
Cdkn2d,3.24499789,0,0
Srsf2,0.498048801,6.91E-23,2.32E-22
Ggnbp1,-1.412166049,4.27E-14,1.11E-13
Kctd10,-1.212149098,9.40E-30,3.76E-29
Naaa,-0.921780035,1.38E-22,4.61E-22
Eng,-2.39639381,1.94E-159,5.35E-158
Prss36,-1.354837126,2.20E-38,1.08E-37
Xk,4.121149852,1.13E-185,4.04E-184
Xkr5,4.496201174,4.59E-120,8.34E-119
Xkrx,1.860689071,1.14E-23,3.92E-23
Rnase17,10.25976527,2.82E-146,6.83E-145
Plcz1,-2.279677478,8.36E-06,1.53E-05
Fut10,-1.920327693,5.33E-33,2.31E-32
Rnase11,3.168895894,2.27E-13,5.76E-13
Brca1,4.777067187,0,0
Gucy1a1,-0.901736191,1.96E-21,6.33E-21
Cd2,-0.423712101,0.006535727,0.009656543
Scn3a,-3.015211243,6.75E-24,2.33E-23
Dut,3.630385071,0,0
LOC497796,1.050409525,3.18E-08,6.59E-08
Xdh,-1.387032696,1.87E-34,8.41E-34
Rmi2,5.018047904,8.15E-166,2.38E-164
Dexi,-0.309180976,0.000190622,0.00031886
Atf7ip2,-1.850998827,5.59E-05,9.71E-05
Rpl39l,5.672897604,8.51E-61,6.55E-60
RGD1564086,7.775937812,2.35E-96,3.12E-95
Tmem186,-0.173996678,0.004941936,0.007390669
Rbm25l1,0.452026193,6.84E-19,2.07E-18
Nudt16l1,0.353708756,1.55E-15,4.24E-15
Nsg2,3.625446891,2.43E-43,1.33E-42
RGD1564698,-5.46506208,8.12E-73,7.65E-72
C1qtnf2,-3.012804384,7.65E-74,7.35E-73
Fam71b,1.727810515,4.25E-08,8.73E-08
Timd4,-1.446620395,3.51E-05,6.17E-05
Sgcd,-0.91509048,0.00076666,0.001227719
Zfp62,0.245845558,9.42E-05,0.000161072
Mrnip,0.694943236,1.65E-14,4.35E-14
Zfp879,-1.428384282,3.62E-13,9.13E-13
Zfp2,-1.827615415,4.60E-25,1.64E-24
LOC497899,-1.302442774,4.03E-20,1.26E-19
Rmnd5b,0.494304373,2.18E-09,4.73E-09
Uqcrq,0.212146594,0.030351726,0.041949333
Sowaha,5.046949604,1.57E-263,1.05E-261
Ccdc69,-1.549164133,3.57E-32,1.52E-31
RGD1563668,1.045576824,1.42E-27,5.42E-27
Btnl10,7.622242698,0,0
Gjc2,-1.917063692,1.60E-30,6.54E-30
Drg2,-0.282126468,2.02E-10,4.59E-10
Smcr8,-0.770172582,1.78E-10,4.06E-10
RGD1559667,-1.554118624,0.014596118,0.020878617
Slc47a2,-3.555175495,8.78E-26,3.18E-25
Shisa6,-4.707236491,2.52E-57,1.81E-56
Sco1,-0.487420702,2.62E-18,7.82E-18
Pik3r5,1.146820957,2.80E-27,1.06E-26
Pik3r6,0.202386047,0.026847225,0.037335981
Slc25a35,-3.053653267,8.24E-156,2.18E-154
Rnf227,1.706007103,5.44E-17,1.56E-16
Tmem88,-1.520360676,7.98E-38,3.87E-37
Spem2,1.682785734,0.000163945,0.00027542
LOC497940,0.689459456,1.02E-16,2.90E-16
Gps2,0.645611413,3.76E-47,2.23E-46
Cxcl16,-1.964834462,5.99E-66,5.04E-65
Gltpd2,-1.591789464,7.03E-07,1.36E-06
Zfp3,0.761987399,4.63E-16,1.29E-15
Spns3,2.657355248,2.25E-40,1.15E-39
Trpv3,-2.169251103,1.03E-26,3.84E-26
Ovca2,-0.639570179,1.89E-14,4.99E-14
Tlcd2,-2.120181313,3.49E-30,1.41E-29
Gemin4,0.151001576,0.029715612,0.041100877
Proca1,-2.062792475,2.15E-56,1.52E-55
Fam222b,-0.408919503,6.47E-16,1.79E-15
Nlk,1.11592807,1.39E-41,7.33E-41
Lyrm9,0.839045328,1.24E-19,3.82E-19
Zfp830,1.08518684,1.70E-133,3.59E-132
Heatr6,-0.693252218,1.30E-54,8.90E-54
Myo19,-1.114563836,1.91E-58,1.40E-57
Znhit3,0.269897836,3.72E-05,6.53E-05
Rad51c,3.488509263,0,0
Dgke,-2.803879703,8.69E-67,7.39E-66
Tmem100,-1.51423147,8.56E-10,1.89E-09
Fam117a,2.681409038,3.13E-97,4.20E-96
Zfp652,0.128880075,0.009471643,0.013780322
Hoxb7,-1.003979721,5.85E-08,1.19E-07
Hoxb6,-2.808352829,3.94E-53,2.60E-52
Hoxb5,-2.469931729,9.51E-32,4.00E-31
Hoxb4,-2.274944067,1.85E-38,9.11E-38
Arl5c,2.509484869,2.61E-73,2.48E-72
Med1,0.154872412,0.000810083,0.001295082
Krt222,-1.826366964,2.51E-08,5.21E-08
Coa3,0.165211296,0.002422525,0.003724366
Cntd1,-1.195218747,1.03E-17,3.02E-17
RGD1561590,0.70147805,1.32E-45,7.61E-45
Dusp3,-1.385422352,8.49E-20,2.63E-19
Asb16,3.658198005,1.05E-05,1.91E-05
Ccdc103,-1.335453591,0.006419315,0.009492603
Hexim1,-0.399555292,2.97E-15,8.06E-15
Mrc2,-2.322324113,1.08E-86,1.25E-85
Ern1,-0.458360892,1.40E-13,3.59E-13
RGD1565033,-2.005880636,2.28E-85,2.58E-84
Pitpnc1,0.769072115,4.70E-29,1.85E-28
Kctd2,-0.549109688,3.88E-09,8.33E-09
Cep295nl,-2.703941659,2.67E-43,1.46E-42
Endov,-0.565121238,1.81E-16,5.09E-16
Anapc11,0.347745973,2.89E-13,7.30E-13
Fn3k,4.129590445,0,0
LOC498037,0.619120629,0.001958638,0.003035325
Vgll3,-3.231324319,3.87E-54,2.61E-53
RGD1562726,1.182272398,4.54E-09,9.72E-09
Lca5l,-1.685226346,0.010943155,0.015820863
Sh3bgr,3.041652977,1.21E-08,2.54E-08
RGD1565472,0.866345947,0.000197583,0.000330131
Hmgb2l1,6.048519253,0,0
Trat1,0.678862138,0.024197009,0.033825276
Cd96,0.832952928,0.000100108,0.000170786
RGD1563835,1.858669455,1.05E-59,7.86E-59
Stfa2l2,10.11519005,1.38E-155,3.64E-154
RGD1565297,0.976064432,3.06E-05,5.41E-05
Dtx3l,-0.514504434,4.06E-10,9.09E-10
Dynlt2b,-0.565714464,3.26E-11,7.64E-11
Smco1,4.698757134,1.32E-05,2.39E-05
Wdr53,0.552482569,4.29E-27,1.61E-26
Mb21d2,-1.183279679,1.99E-15,5.41E-15
Gmnc,-2.812307817,9.05E-08,1.83E-07
RGD1562339,-0.310785822,0.027676711,0.038433525
Polr2h,0.494671977,8.76E-17,2.49E-16
Yeats2,-0.770324118,8.96E-39,4.43E-38
Spidr,0.494302491,3.42E-13,8.62E-13
LOC498122,-0.470556295,3.32E-13,8.38E-13
LOC498127,0.87123761,2.45E-05,4.36E-05
Mcemp1,6.26497202,3.86E-300,3.25E-298
Tex45,1.941065402,3.76E-10,8.42E-10
Stard13,-2.006827953,3.41E-85,3.85E-84
N4bp2l1,-0.52639737,4.51E-10,1.01E-09
Tex26,-3.246327275,9.33E-17,2.65E-16
Cdk8,0.662355907,5.26E-30,2.11E-29
RGD1565131,1.112346645,1.27E-07,2.54E-07
Fam220a,1.458145335,2.43E-53,1.61E-52
Brat1,-0.507285916,7.37E-30,2.96E-29
Gpr146,-1.708061786,1.23E-110,1.98E-109
LOC498154,0.267060316,6.25E-06,1.15E-05
Spry3,-3.633697176,5.72E-16,1.59E-15
Zkscan1,-0.505514723,1.51E-17,4.39E-17
Gal3st4,-3.225153917,1.38E-54,9.38E-54
RGD1561730,2.428320591,2.00E-69,1.78E-68
Bri3bp,1.760497359,9.55E-55,6.53E-54
Mapkapk5,0.184959789,0.001197777,0.001887855
Iqcd,-0.930095362,0.000474955,0.000772079
Slc8b1,-0.736283972,8.01E-16,2.21E-15
Spring1,-2.181868159,1.00E-94,1.30E-93
Srrm4,-2.240341976,1.23E-05,2.23E-05
RGD1560398,-0.756186857,1.35E-11,3.22E-11
Fam222a,0.7520989,0.002261137,0.003483491
Mn1,-1.311699019,2.09E-09,4.54E-09
Tnfrsf11a,-2.415412775,1.61E-75,1.59E-74
Pm20d1,-3.192393856,1.83E-115,3.13E-114
Mfsd4a,-0.740498685,0.001123205,0.001774952
Tmem81,0.428804277,3.86E-05,6.76E-05
LOC498231,0.825554172,4.74E-07,9.27E-07
Lax1,3.009902894,9.19E-89,1.09E-87
Lgr6,-2.545078132,2.88E-20,9.04E-20
Arl8a,-0.339510989,1.71E-10,3.89E-10
Rgs13,1.861504046,3.35E-08,6.92E-08
Ier5,0.160667938,0.011147493,0.016102116
Fam163a,-3.953566603,4.29E-28,1.65E-27
LOC498265,2.207101619,1.53E-89,1.83E-88
Blzf1,0.167623253,0.001977626,0.003062826
Dusp27,2.871633223,0.000345895,0.000567867
Fam78b,-2.504153421,2.00E-40,1.03E-39
Ccdc190,-0.597421346,0.014379356,0.020581493
Uap1,-1.416921707,2.90E-29,1.15E-28
RGD1559938,0.637128468,0.001203455,0.0018965
Spata46,0.669649132,0.015939717,0.022718148
Fcrlb,0.790703073,0.011124858,0.01607099
LOC498276,1.487778304,2.54E-39,1.27E-38
Cfap126,-1.263359715,7.15E-07,1.39E-06
Arhgap30,1.882064045,8.71E-40,4.39E-39
Slamf1,-0.638245701,0.005797349,0.008611608
Slamf6,3.446939976,5.00E-71,4.59E-70
Opn3,0.466720199,0.000471656,0.000766928
RGD1563812,1.089498732,1.93E-29,7.67E-29
Smyd3,-0.660297389,5.26E-14,1.37E-13
Cnst,0.751892019,3.11E-17,8.98E-17
Lefty1,4.702557636,6.38E-34,2.83E-33
LOC498300,-1.823046297,4.99E-05,8.68E-05
Wdr26,1.36599097,1.59E-90,1.93E-89
Spata17,-3.042049554,3.22E-35,1.47E-34
Nsl1,3.727355278,0,0
Abcg3,-1.261665918,2.04E-20,6.42E-20
Pkd2,-2.203608282,9.66E-170,2.93E-168
Ptpn13,-3.120727508,2.67E-76,2.68E-75
Coq2,-0.863932757,4.06E-28,1.56E-27
Bmp2k,0.578387759,2.17E-16,6.09E-16
RGD1561381,1.51825658,3.36E-10,7.54E-10
Thegl,1.753632501,4.05E-57,2.90E-56
Pdcl2,-2.147484191,1.49E-06,2.84E-06
Scfd2,-0.819524518,1.97E-23,6.73E-23
Shisa3,-2.791412357,1.19E-09,2.61E-09
Slc30a9,0.841487379,1.54E-51,9.91E-51
RGD1563570,1.190990931,2.45E-33,1.07E-32
Tmem156,2.646775517,1.58E-81,1.70E-80
Fam114a1,-2.133223272,1.60E-74,1.55E-73
LOC498368,-1.746759338,2.87E-25,1.03E-24
Lcorl,1.078525743,4.63E-43,2.51E-42
Cc2d2a,-1.873390753,5.64E-61,4.35E-60
RGD1561694,5.88930642,2.55E-242,1.47E-240
Zfp518b,0.375500873,2.64E-05,4.68E-05
LOC498391,4.79664374,7.11E-26,2.58E-25
Cytl1,-3.809200493,6.08E-54,4.09E-53
Msantd1,-0.84133646,1.82E-10,4.14E-10
Selenom,-0.834704816,1.42E-07,2.84E-07
Sec14l4,-3.22529961,2.35E-31,9.78E-31
Hormad2,0.461365416,0.002562843,0.003934161
Ascc2,0.343957578,1.14E-09,2.50E-09
Ccdc117,0.471683647,1.03E-16,2.91E-16
Hus1,-0.271918495,3.66E-06,6.82E-06
Sun3,1.785275164,0.007443724,0.010940193
Zpbp,1.963303395,6.42E-37,3.05E-36
Grb10,-1.466242791,3.86E-33,1.68E-32
Wdr92,0.314762233,1.08E-08,2.28E-08
Etaa1l1,0.878798997,7.58E-46,4.38E-45
Sertad2,0.919326976,5.57E-41,2.89E-40
Ndufs5-ps1,-0.888844442,0.003079122,0.004692359
RGD1562229,-2.250946554,4.93E-07,9.63E-07
Psme4,1.328439714,1.32E-105,2.00E-104
Gpr75,-4.181411276,9.30E-91,1.13E-89
Myoz1,3.906029675,3.35E-12,8.15E-12
LOC498453,0.499314135,2.52E-10,5.69E-10
Ptgdrl,-3.957456004,1.11E-30,4.55E-30
Gnpnat1,-0.654461603,7.79E-17,2.22E-16
Naa30,-0.129886153,0.004698147,0.007042817
Tlr11,-1.730275346,9.60E-12,2.29E-11
Ccnb1ip1,4.483601535,6.16E-169,1.86E-167
RGD1565222,0.237792088,0.000118634,0.000201265
Cdh24,0.481886729,0.000224071,0.000372829
Khnyn,0.731607885,1.95E-22,6.47E-22
LOC498518,4.341865564,3.77E-44,2.11E-43
Amer2,2.47428173,2.10E-05,3.74E-05
Fam167a,-0.734990079,0.002799369,0.004282801
Trim35,-1.286261151,6.10E-18,1.80E-17
Tsc22d1,-0.369145348,1.48E-07,2.97E-07
Serp2,3.194456564,2.51E-33,1.10E-32
Epsti1,2.45225026,5.91E-90,7.12E-89
Akap11,-0.797969267,2.54E-39,1.27E-38
LOC498555,0.58428285,2.78E-12,6.78E-12
Uchl3,0.299378064,0.000603736,0.000974463
Itgbl1,-3.530326736,1.90E-46,1.11E-45
Cby2,-2.19405707,1.15E-18,3.46E-18
Il17rd,-3.949109839,2.14E-95,2.80E-94
RGD1564899,3.390138378,1.37E-10,3.13E-10
Tmem273,2.872792194,7.23E-90,8.69E-89
Wdfy4,1.859259602,1.04E-34,4.70E-34
Frmpd2,-4.135589779,9.46E-30,3.79E-29
Nrg3,-1.755425733,0.002284391,0.003518217
Slc35e1,0.479194365,8.97E-19,2.71E-18
Fam32a,-0.12236983,0.000737108,0.001182122
Niban3,7.373331853,1.34E-214,6.12E-213
Lrrc25,0.793859687,8.15E-14,2.11E-13
Kxd1,0.787699534,1.90E-44,1.07E-43
Yjefn3,-1.282221991,4.00E-07,7.84E-07
Lpar2,-0.673224039,0.004687818,0.007029113
Wwc2,-1.793208377,1.65E-71,1.52E-70
LOC498634,-1.909631189,5.17E-14,1.34E-13
Msr1,0.546788187,0.001706349,0.002658695
Rbpms,-3.116479937,1.22E-125,2.35E-124
Rab11fip1,1.506623202,1.16E-29,4.64E-29
RatNP-3b,15.19122249,0,0
Tdrp,-2.603845872,4.15E-138,9.19E-137
Tex29,-2.333413449,3.57E-09,7.68E-09
Tnfsf13b,-3.152830486,8.05E-72,7.46E-71
Fam155a,2.15526662,0.018078375,0.025621858
LOC498675,1.902248409,3.45E-30,1.40E-29
Ccdc71,-0.507388227,3.29E-46,1.91E-45
Prxl2c,-2.171216126,9.01E-72,8.35E-71
RGD1564827,5.089388428,1.59E-27,6.03E-27
Ctla2a,0.40045819,3.76E-05,6.60E-05
Spata31d1,-1.392905939,6.29E-13,1.57E-12
Idnk,-0.157774948,0.020825165,0.029312574
Klhl3,-1.095632266,8.09E-14,2.09E-13
RGD1566359,-0.534917641,7.23E-43,3.91E-42
Fam193b,-0.637671944,6.25E-12,1.51E-11
Prr7,0.650433308,1.01E-05,1.83E-05
Cks2,5.792318479,0,0
Rnf182,3.484561852,3.33E-24,1.16E-23
Nol7,0.136813888,0.000220816,0.00036756
Fam217a,-1.915451302,3.95E-27,1.48E-26
Tubb2a,0.410552635,5.03E-07,9.82E-07
Mboat1,1.220892328,8.98E-15,2.39E-14
LOC498750,0.582319853,3.60E-10,8.09E-10
Hist1h2af,5.022121736,3.43E-132,7.12E-131
RGD1561897,0.384026998,8.83E-05,0.000151253
Aoah,1.871661131,4.94E-37,2.35E-36
Jcad,-2.537233536,2.45E-53,1.63E-52
RGD1560860,4.145217419,2.20E-15,6.00E-15
Edaradd,-1.19843997,4.35E-12,1.05E-11
RGD1561231,-2.995923088,1.57E-11,3.73E-11
Ccdc3,-2.494974518,1.58E-135,3.41E-134
Fam107b,2.116079242,3.29E-93,4.19E-92
Stam,0.14675303,0.004603727,0.006908275
Otud1,-0.802704182,1.39E-22,4.65E-22
Myo3a,-5.24263096,2.94E-53,1.95E-52
Greb1l,-4.320849336,1.57E-95,2.06E-94
Ankrd29,-2.911966704,4.32E-43,2.35E-42
RGD1563861,0.857105011,0.003944691,0.005959237
RGD1562608,-1.096739801,3.21E-43,1.75E-42
Myo7b,-1.269058365,0.000951627,0.001512461
LOC498836,2.122164053,0.028884016,0.040022696
Pcdhb2,-2.598933879,1.50E-21,4.86E-21
Pcdhga2,-2.171983204,6.91E-28,2.65E-27
Pcdhga3,-1.477819884,6.09E-08,1.24E-07
Pcdhga10,-2.96831188,6.88E-31,2.83E-30
Pcdhga12,-3.038879934,7.40E-40,3.75E-39
Ccdc112,-0.494915503,5.92E-15,1.59E-14
RGD1560341,1.68907066,1.24E-114,2.08E-113
Alpk2,1.685482738,3.13E-05,5.53E-05
RGD1562758,0.91749823,0.029256054,0.040505013
Slc25a6,-0.536609654,0.001315697,0.002067215
RGD1562987,-0.874607564,6.62E-53,4.36E-52
Siglec15,3.40468941,6.91E-28,2.65E-27
RGD1560212,0.982998409,5.21E-103,7.62E-102
RGD1560813,2.286107947,1.36E-215,6.29E-214
Cmtm4,0.341529044,0.003334428,0.005070196
Coq9,-1.055823598,8.12E-14,2.10E-13
Arl2bp,-0.174753779,0.006052568,0.008974947
Cbln1,-1.162306014,0.009567698,0.013911864
Lsm6,0.46717554,3.13E-19,9.58E-19
Ces2h,-3.635991919,1.08E-41,5.68E-41
Fbxl8,-0.249896082,0.002160217,0.003334614
RGD1561415,-3.317756732,1.75E-19,5.37E-19
Tsnaxip1,1.35222781,1.64E-06,3.12E-06
Zfp90,-1.40756805,6.96E-41,3.60E-40
Phlpp2,3.130958932,9.18E-138,2.02E-136
Il34,-1.990944106,1.41E-63,1.15E-62
Zfp1,0.246778728,0.003403281,0.005171169
RGD1563834,0.993722863,9.65E-11,2.22E-10
Klhl36,-1.319307655,1.03E-27,3.92E-27
Acsf3,-1.517672174,1.15E-86,1.32E-85
Spata2L,-0.355868141,0.004149139,0.006252133
RGD1559896,-1.367311552,1.09E-39,5.47E-39
Cpne2,0.71775387,1.31E-13,3.35E-13
Myb,7.903705918,0,0
Tmem200a,-4.342949453,1.08E-32,4.64E-32
RGD1559962,5.044360101,6.89E-122,1.28E-120
Vnn3,-0.438590486,0.021505777,0.030225992
LOC498996,2.152088974,1.91E-27,7.24E-27
Rspo3,-0.75258436,0.001194559,0.001883083
Ahrr,-2.236270176,7.56E-21,2.40E-20
Zdhhc11,-2.131675767,0.000121278,0.00020561
RGD1562465,1.61212225,1.24E-39,6.23E-39
Syne1,0.503250517,0.00056392,0.000911589
Zdhhc14,0.893357621,1.10E-29,4.39E-29
Serac1,-0.747718243,1.04E-23,3.56E-23
Tulp4,-1.98197413,9.88E-46,5.69E-45
Sytl3,3.182621502,6.79E-70,6.11E-69
Pacrg,5.389219583,2.08E-120,3.79E-119
LOC499023,-1.945564532,0.001977305,0.003062489
Zfp51,0.231884143,0.020328527,0.028647604
RGD1566248,-1.907556663,0.000330899,0.000544092
Tarm1,6.093987173,1.78E-48,1.08E-47
Zfp583,-1.282820888,9.43E-13,2.34E-12
Ccdc106,-0.540235853,0.000126659,0.000214379
Brsk1,-1.361725887,2.49E-09,5.40E-09
Zscan18,-3.266887197,1.01E-16,2.87E-16
RGD1564801,2.364834969,4.67E-40,2.37E-39
Dact3,-2.847287965,8.27E-33,3.57E-32
Zfp61,-0.917738207,7.75E-31,3.18E-30
Zfp94,-0.887833136,6.38E-26,2.32E-25
Cd177,12.31650689,7.25E-182,2.49E-180
Epc2l1,1.072649141,2.08E-08,4.33E-08
RGD1560854,-0.984586525,1.08E-77,1.11E-76
Sertad3,2.374535193,4.80E-124,9.11E-123
Fbxo27,-1.386915894,1.78E-51,1.15E-50
Zfp569,-1.526295262,3.36E-08,6.95E-08
Zfp14,-0.466813498,2.01E-06,3.79E-06
Sdhaf1,-0.415110042,1.10E-06,2.11E-06
Igflr1,0.878388753,2.14E-11,5.04E-11
Kctd15,-1.424335307,2.80E-13,7.08E-13
Rgs9bp,2.475677574,2.49E-14,6.54E-14
RGD1562402,0.935777712,1.40E-45,8.07E-45
Spib,7.453381741,9.08E-281,6.77E-279
Pth2,4.288593085,2.27E-09,4.92E-09
RGD1562492,2.087245636,8.09E-09,1.72E-08
Izumo1,-1.597016467,6.21E-10,1.38E-09
Svip,3.106628958,7.68E-134,1.62E-132
Klf13,1.029215203,1.51E-16,4.25E-16
LOC499179,1.498144917,1.62E-67,1.40E-66
Mrps11,0.274349435,1.43E-05,2.58E-05
Wdr93,-3.170542459,1.46E-32,6.26E-32
Ngrn,-0.237174671,3.53E-05,6.20E-05
Nmb,0.829852826,5.18E-05,9.02E-05
Ddias,3.439286379,8.94E-145,2.13E-143
Fam181b,-3.503467083,1.92E-28,7.44E-28
Kctd21,-1.477172637,1.10E-47,6.61E-47
Acer3,0.74249723,4.42E-20,1.38E-19
Gdpd5,-2.291714441,3.74E-43,2.04E-42
Coa4,0.271949027,1.65E-06,3.14E-06
Trim30,1.98520811,4.76E-95,6.20E-94
Gvin1,-0.502710266,0.002981511,0.004550404
LOC499235,1.20340253,1.32E-44,7.46E-44
LOC499240,-1.704191178,2.04E-09,4.43E-09
Scube2,-2.917205392,1.91E-43,1.05E-42
RGD1566189,0.967967447,2.37E-11,5.58E-11
LOC499248,2.455234865,3.57E-05,6.28E-05
Plekha7,1.381379282,3.87E-50,2.43E-49
Tmc7,-1.125903821,0.010934039,0.015808455
Knop1,0.398736493,6.42E-17,1.83E-16
LOC499258,1.902902652,3.41E-18,1.01E-17
Gsg1l,-1.884983975,3.94E-34,1.76E-33
Apobr,2.287559751,1.96E-39,9.83E-39
RGD1563217,-2.150416439,0.000281526,0.00046508
Prss53,0.172675521,0.033447808,0.046030606
Itgax,2.359564999,1.88E-56,1.33E-55
RGD1560958,-1.297594382,1.56E-05,2.80E-05
Mapk1ip1,-1.63334275,3.57E-98,4.87E-97
Lrrc27,-2.746566295,2.19E-32,9.37E-32
Cfap46,4.665692321,8.31E-17,2.37E-16
Adam8,2.715230869,3.47E-59,2.59E-58
Ano9,-0.764339969,0.027786344,0.038573746
Mob2,1.527152742,8.37E-102,1.20E-100
Cabp2,1.440405445,0.038554442,0.052660128
Ptprcap,1.443101709,1.78E-23,6.08E-23
Gal3st3,-1.550500344,2.63E-05,4.66E-05
Kcnk7,1.326902331,9.53E-19,2.88E-18
Majin,-0.739841284,0.01243547,0.017891788
RGD1560108,-1.45718919,5.54E-91,6.76E-90
Zbtb3,0.213466066,0.045464085,0.061514269
Tut1,-0.717338625,7.08E-44,3.92E-43
Tmem258,0.726318852,4.20E-34,1.87E-33
Fam111a,5.09528849,0,0
Cct7-ps1,0.319812344,0.015755715,0.022464556
Rfk,0.335497873,1.83E-09,3.99E-09
Nmrk1,-0.739747174,1.12E-12,2.78E-12
LOC499331,1.217512072,7.58E-87,8.76E-86
Fxn,2.262754382,1.35E-234,7.37E-233
Dock8,1.996019434,1.26E-45,7.24E-45
Pum3,0.391852891,2.09E-12,5.13E-12
Cd274,-1.692724278,2.69E-84,3.00E-83
Fgfbp3,-1.481500803,2.18E-14,5.74E-14
RGD1561251,2.883491988,4.20E-09,9.01E-09
Blnk,3.70735832,1.39E-160,3.87E-159
Slf2,0.293930088,7.97E-07,1.54E-06
Lbx1,5.45742468,1.92E-05,3.43E-05
RGD1561333,1.021605012,2.94E-12,7.15E-12
Emx2,-4.157813405,5.95E-21,1.90E-20
Gemin7,0.702375455,5.95E-26,2.17E-25
RT1-M5,-2.605561434,4.72E-12,1.14E-11
Znrd1as1,-0.38302743,0.000115377,0.000195852
RGD1562652,-1.458080722,3.34E-15,9.04E-15
LOC499407,-1.666435597,6.08E-25,2.16E-24
Hsf2bp,-0.502425019,0.023909785,0.033444871
Icoslg,-3.006930621,1.73E-91,2.13E-90
Sumo3,0.60081174,1.29E-43,7.09E-43
Spatc1l,-1.119301483,0.001266739,0.001993256
RGD1564149,-3.127704607,3.68E-26,1.35E-25
Prmt2,-1.369509552,8.26E-108,1.29E-106
RGD1564162,-2.12374473,2.27E-15,6.18E-15
Gstt3,-1.576531419,1.25E-20,3.95E-20
Zfp365,-1.120660881,1.68E-06,3.18E-06
Tbata,-1.96398472,1.44E-21,4.67E-21
Lrrc20,1.716134395,3.39E-13,8.55E-13
Col13a1,2.295587363,9.92E-23,3.33E-22
Mcm9,0.533042883,6.58E-18,1.94E-17
Ccdc138,-1.34366158,1.20E-61,9.34E-61
Lims1,1.283527355,4.98E-51,3.18E-50
Calhm4,-1.839185788,9.56E-13,2.37E-12
RGD1561777,-0.55245977,0.009811668,0.014256097
Mettl24,0.501611142,0.002876588,0.004396847
LOC499469,-0.525215216,0.024565226,0.034314067
Armc2,0.35801014,0.018406208,0.026060266
Ostm1,-0.12964907,0.009103457,0.013262911
Gpr150,2.390889859,2.85E-20,8.94E-20
Mef2c,0.658320658,0.000319932,0.000526587
Msh3,0.620172081,5.35E-23,1.81E-22
Fam151b,-0.589264396,8.02E-15,2.14E-14
Zfyve16,-1.520116869,4.74E-106,7.22E-105
Ccdc125,1.699904502,8.36E-59,6.18E-58
RGD1564606,1.900318679,3.50E-23,1.19E-22
Ndufs4,0.28455586,6.50E-06,1.20E-05
Tmem267,-2.349296126,5.29E-27,1.98E-26
Ccdc152,-1.509507379,8.93E-19,2.69E-18
Fyb1,2.355581314,9.49E-80,9.95E-79
Lmbrd2,0.17574522,0.017415395,0.024722507
Atpsckmt,-0.28761139,0.000947786,0.001506437
Zfp458,-0.786241969,2.12E-14,5.58E-14
Ca13,-2.246790109,5.06E-47,3.00E-46
Rbis,-0.472375601,1.27E-14,3.36E-14
Fabp12,-3.168702008,3.26E-32,1.39E-31
Naaladl2,-2.329982349,7.54E-26,2.74E-25
Gpr160,-1.141705377,4.19E-18,1.24E-17
Lrrc34,-1.190753225,3.75E-11,8.74E-11
Sox2,1.648862429,0.010978787,0.015870049
RGD1565989,-2.818307415,3.08E-54,2.09E-53
Lhfpl6,-1.828789922,4.11E-45,2.34E-44
Rfxap,0.885963086,1.69E-83,1.87E-82
Rpl36a-ps1,1.014460865,2.30E-18,6.87E-18
Tsc22d2,-0.58826349,5.35E-26,1.95E-25
Erich6,-1.250872107,6.73E-05,0.000116294
RGD1565059,-0.816189803,9.88E-22,3.22E-21
LOC499643,1.349236755,6.45E-06,1.19E-05
Etv3l,-2.288932712,1.23E-05,2.23E-05
Rit1,0.485698121,4.02E-19,1.22E-18
Cks1b,1.401212801,2.10E-83,2.31E-82
RGD1564171,0.287821486,0.009612746,0.013974618
Pglyrp3,8.644131664,4.08E-147,9.98E-146
LOC499662,-1.958465949,3.82E-07,7.50E-07
Lingo4,-4.605085002,1.85E-22,6.16E-22
Celf3,0.442357213,0.03823878,0.052268912
RGD1560263,-1.184527765,9.96E-08,2.01E-07
Lysmd1,0.74358025,2.52E-33,1.10E-32
Cdc42se1,1.092892005,1.82E-61,1.42E-60
H2ac20,3.71401745,2.05E-46,1.20E-45
Lix1l,-1.675333018,3.87E-62,3.04E-61
Gstm6,2.373275171,1.61E-11,3.81E-11
Gstm4,-1.51466601,8.77E-98,1.19E-96
Tmem167b,-0.940726406,2.26E-51,1.45E-50
Prpf38b,0.611881286,1.51E-30,6.18E-30
Trmt13,-0.854204347,3.09E-13,7.81E-13
Synpo2,-2.078591956,2.69E-06,5.05E-06
Gar1,1.126095749,1.62E-74,1.57E-73
Dnajb14,-0.462787207,1.14E-14,3.03E-14
Clca4l,3.734064693,9.22E-12,2.20E-11
RGD1560065,0.732059787,1.27E-37,6.15E-37
Rpf1,0.213868077,2.88E-07,5.69E-07
Lrriq3,-1.211003842,4.81E-11,1.12E-10
Nrarp,-0.873743702,6.30E-16,1.74E-15
Stpg3,1.737390066,1.20E-12,2.95E-12
Rnf208,2.168068284,8.70E-22,2.84E-21
Tprn,0.296534842,0.00044095,0.00071846
Man1b1,-0.399118941,4.56E-24,1.58E-23
Ccdc183,2.094879431,2.42E-14,6.36E-14
Tmem141,-0.165145389,0.036607449,0.050131684
Tmem250,-0.785712053,4.29E-40,2.18E-39
Ccdc187,3.731247137,4.24E-11,9.89E-11
Med22,-0.427320678,2.05E-21,6.61E-21
Cfap77,-1.150869582,0.000765079,0.001225252
Ttf1,0.269032881,9.87E-08,1.99E-07
Tbc1d13,0.14860488,0.002499785,0.003839753
Spout1,0.238736656,0.000196122,0.000327745
Ier5l,-1.508725208,5.05E-24,1.75E-23
Fam78a,1.702952588,2.02E-61,1.57E-60
Swi5,0.37321151,3.92E-17,1.13E-16
RGD1561113,-0.497370073,2.07E-08,4.31E-08
Cfap157,-1.255942807,2.48E-05,4.40E-05
Rpl12,1.212625445,7.24E-109,1.14E-107
Garnl3,-1.726319076,4.87E-36,2.26E-35
Fmnl2,-0.652393696,4.47E-06,8.31E-06
Arl6ip6,1.494674117,8.29E-80,8.70E-79
Ly75,2.455446433,8.20E-42,4.34E-41
RGD1560831,0.726236453,3.33E-06,6.23E-06
Erich2,-1.126559247,0.000904707,0.001440908
Dcaf17,-0.424540997,2.40E-12,5.86E-12
Ttc30b,-1.439178391,7.91E-33,3.42E-32
Fam171b,-1.842099951,2.28E-33,9.98E-33
RGD1563263,-2.049522464,9.39E-08,1.90E-07
RGD1564664,-2.147179706,2.18E-27,8.25E-27
Prrg4,0.793045388,1.95E-07,3.87E-07
Ccdc73,-0.899726152,6.31E-07,1.23E-06
Fibin,-2.715767851,5.35E-37,2.54E-36
Cdin1,1.31046408,2.15E-49,1.33E-48
Fam98b,0.261069899,1.03E-06,1.97E-06
Phgr1,-3.593559728,5.32E-59,3.95E-58
Rad51,4.536448341,0,0
Zfyve19,0.53914876,7.01E-08,1.43E-07
Oip5,6.17974976,3.46E-300,2.92E-298
Mga,-0.354358687,7.76E-12,1.86E-11
Ubr1,-0.434750966,1.52E-07,3.05E-07
Mfap1a,0.578825352,4.36E-23,1.48E-22
Duoxa2,1.262559825,2.05E-06,3.88E-06
Eid1,-0.889542597,6.08E-32,2.56E-31
Gabpb1,0.383953939,2.29E-15,6.24E-15
Itpripl1,-0.302035153,0.003874192,0.005856623
RGD1565616,-3.395490155,5.19E-259,3.37E-257
Ap5s1,-0.21007576,7.31E-05,0.000125897
Zfp133,-1.112127084,1.77E-62,1.40E-61
Napb,-0.877086128,4.38E-09,9.38E-09
Abhd12,-0.616640436,2.80E-15,7.60E-15
Gins1,4.75238361,0,0
Rspo4,-4.743484241,6.23E-52,4.04E-51
Efcab8,4.900622369,9.23E-33,3.98E-32
Bpifb4,-2.192737575,2.06E-13,5.23E-13
RGD1561517,-0.458670576,0.026176564,0.036454713
Sla2,2.666104343,5.69E-85,6.41E-84
Dsn1,4.048391912,2.53E-265,1.71E-263
Manbal,-0.295259032,3.97E-10,8.90E-10
Tti1,-0.108137942,0.027384882,0.038047919
Tp53tg5,-1.109464351,1.20E-05,2.18E-05
Dbndd2,0.631855228,0.000227122,0.000377715
Spata25,-1.338109033,9.70E-10,2.14E-09
Apcdd1l,-1.899266475,1.07E-09,2.35E-09
Gata5,-5.621151657,8.84E-39,4.37E-38
Uckl1,0.242141157,0.000767632,0.001229209
Linc00176,-0.736233025,0.000133282,0.000225252
Xrcc2,2.492512969,6.11E-218,2.89E-216
Cct8l1,-1.733493624,1.39E-21,4.52E-21
Galntl5,-1.302000496,5.54E-11,1.28E-10
Iqca1l,-3.893068682,7.07E-26,2.57E-25
Asb10,1.629121573,0.010798808,0.015619808
Atg9b,-1.307555419,1.25E-08,2.63E-08
Nupl2,0.3913308,4.56E-12,1.10E-11
Fam185a,-0.363404231,1.01E-12,2.50E-12
Ccdc146,1.418290993,2.17E-23,7.37E-23
RGD1565355,-0.845477857,5.18E-14,1.35E-13
Tmem243,-0.945915599,1.05E-20,3.33E-20
Steap4,-2.751416698,6.12E-139,1.37E-137
Cldn12,-1.82183454,5.51E-99,7.62E-98
Gatad1,0.177608085,6.33E-05,0.000109462
Pex1,-2.213977751,2.85E-232,1.52E-230
LOC500007,-0.782817072,9.02E-05,0.000154388
Samd9,0.663289877,3.28E-08,6.79E-08
Dlx6,3.050912289,5.18E-25,1.84E-24
Phf14,0.245604678,1.21E-06,2.32E-06
Thsd7a,-4.62321689,9.86E-73,9.26E-72
Bmt2,0.294921926,0.000815942,0.001304026
Ppp1r3a,4.323875017,4.43E-05,7.74E-05
Foxp2,-1.99781432,4.49E-13,1.13E-12
Cped1,-3.455907007,1.74E-179,5.77E-178
Asb15,2.984564102,2.87E-14,7.51E-14
Pot1,1.065096268,4.06E-91,4.98E-90
Zfp800,0.716613861,6.97E-29,2.73E-28
Prrt4,-1.108965806,0.006679649,0.009860324
Fam71f1,-4.833226269,1.54E-53,1.03E-52
Tspan33,5.5734087,4.21E-162,1.19E-160
Strip2,-1.819858728,3.23E-27,1.21E-26
Ssmem1,1.982356259,1.71E-26,6.33E-26
Cep41,1.037702954,5.42E-34,2.40E-33
Agbl3,-0.519017842,3.25E-06,6.07E-06
Cyren,1.216973651,1.61E-74,1.57E-73
Stra8,6.496305186,1.58E-106,2.41E-105
Ttc26,-0.845309739,2.75E-18,8.18E-18
Fmc1,0.55309918,4.92E-09,1.05E-08
Rab19,2.810399842,2.84E-109,4.51E-108
Tas2r137,-1.202081375,1.47E-23,5.04E-23
Cntnap2,4.232191859,2.93E-65,2.44E-64
Zfp398,-0.428445547,1.65E-11,3.90E-11
Zfp467,-1.489710685,4.91E-57,3.51E-56
Lrrc61,-2.288653573,7.33E-59,5.43E-58
Gimap8,-0.939605335,4.02E-21,1.29E-20
Gimap7,0.449239164,1.44E-05,2.60E-05
Tra2a,0.219057456,0.001845349,0.002866365
Ccdc126,0.357934056,0.005266767,0.007856201
Fam221a,-0.671164164,1.27E-05,2.30E-05
Hoxa7,-2.324684105,3.46E-26,1.27E-25
Hoxa13,1.340010803,0.028608878,0.039653534
Creb5,-1.968486759,1.58E-11,3.74E-11
Plekha8,0.159055245,0.001310108,0.002058542
Nod1,-1.026903491,1.76E-73,1.68E-72
LOC500148,-1.869283694,1.84E-08,3.83E-08
Mmrn1,2.894774415,1.83E-27,6.94E-27
Ccser1,-1.895958527,2.60E-16,7.26E-16
RGD1560028,-2.94655675,1.83E-12,4.49E-12
LOC500159,4.239925303,2.86E-16,7.98E-16
LOC500161,6.181958781,1.45E-51,9.35E-51
LOC500162,5.952729778,2.17E-27,8.19E-27
LOC500164,7.307677137,2.10E-54,1.43E-53
LOC500166,6.202411332,4.39E-44,2.45E-43
LOC500169,4.400992744,9.04E-16,2.49E-15
LOC500174,4.100969715,0.000231297,0.000384507
LOC500175,5.898080713,2.41E-37,1.16E-36
LOC500180,4.579977123,5.61E-18,1.66E-17
LOC500181,4.169530864,5.73E-15,1.54E-14
LOC500189,5.913234612,1.35E-54,9.23E-54
Ptcd3,-0.447011664,3.75E-18,1.11E-17
Atoh8,-1.973543191,2.79E-36,1.30E-35
Lrrtm4,-2.038283799,1.85E-07,3.69E-07
Eva1a,-1.245170888,9.98E-07,1.92E-06
Ino80b,0.433023022,8.49E-14,2.19E-13
Wdr54,-1.089540149,1.28E-10,2.92E-10
LOC500227,-1.294083275,0.0001491,0.000251238
Ankrd53,-1.512599546,4.36E-52,2.84E-51
Exoc6b,-2.028206448,1.25E-107,1.95E-106
Pcbp1,0.447807186,3.06E-26,1.12E-25
Asprv1,2.552341831,0.00066681,0.001073047
Aak1,-0.487354312,9.06E-15,2.41E-14
Bmp10,1.499270258,1.15E-05,2.08E-05
Arhgap25,2.223538696,3.01E-129,6.09E-128
Rab43,1.195573754,2.37E-38,1.16E-37
Hmces,2.47453529,1.58E-280,1.17E-278
H1f10,2.555203997,7.18E-161,2.01E-159
Eefsec,0.375616465,8.89E-10,1.96E-09
Chst13,-1.207192348,4.56E-17,1.31E-16
RGD1560289,-1.351538329,2.16E-48,1.32E-47
Magi1,-2.054298353,1.75E-55,1.22E-54
Kbtbd8,1.707243904,7.35E-86,8.39E-85
Tafa1,4.412972923,1.30E-36,6.14E-36
Lmod3,3.336830551,5.25E-07,1.02E-06
Setmar,-0.754100745,2.04E-10,4.62E-10
Arl8b,-0.481360953,3.77E-17,1.08E-16
Srgap3,-0.729205311,6.19E-06,1.14E-05
Thumpd3,0.745396798,1.23E-63,9.95E-63
Cidec,-5.703613239,0,0
Fancd2os,4.208032145,1.59E-43,8.73E-43
Tatdn2,-0.246595069,6.57E-11,1.52E-10
LOC500299,0.94375432,5.19E-08,1.06E-07
Depp1,-2.542047688,2.77E-22,9.15E-22
Zfp248,-0.530935249,2.46E-06,4.62E-06
B4galnt3,1.791492716,8.42E-09,1.78E-08
Tmem121b,-1.306318662,1.72E-06,3.27E-06
Cecr2,1.977088461,4.88E-126,9.46E-125
Gdf3,-1.8875479,5.69E-12,1.37E-11
RGD1561715,-2.623249006,2.82E-37,1.35E-36
Lpar5,1.122818519,6.13E-14,1.59E-13
Tuba3a,-2.132346213,4.85E-05,8.46E-05
RGD1564885,-1.467312594,1.70E-08,3.56E-08
Parp11,-0.278332008,4.02E-08,8.27E-08
Cracr2a,2.674254018,1.00E-24,3.53E-24
LOC500327,-1.176974793,0.024285549,0.033939424
LOC500331,4.908208558,3.36E-25,1.20E-24
Clec1b,6.049915405,0,0
Clec1a,-1.246272868,7.73E-22,2.53E-21
Klrc3,-1.551382265,1.36E-12,3.36E-12
Styk1,0.573614544,0.020128781,0.028382339
Gprc5d,1.50341579,6.14E-09,1.31E-08
LOC500354,2.113376219,2.28E-06,4.30E-06
Rergl,-4.994705124,1.71E-41,8.96E-41
Irag2,1.589576729,1.16E-75,1.15E-74
Lmntd1,-4.220561104,2.09E-32,8.95E-32
Sspn,-2.200266792,5.12E-21,1.63E-20
Klhl42,1.173461561,1.24E-37,6.00E-37
Far2,4.919905159,6.57E-146,1.58E-144
LOC500371,0.848051556,0.011424056,0.01648872
LOC500375,6.164970863,5.23E-32,2.21E-31
Tuba8,4.933273749,6.57E-29,2.58E-28
Chtopl1,0.784942703,1.42E-28,5.50E-28
Tmem70,-0.902146154,8.06E-21,2.56E-20
Mcmdc2,-0.544652959,2.93E-05,5.18E-05
Vxn,-1.645745541,1.24E-10,2.84E-10
Fam110b,-2.21313441,4.57E-84,5.09E-83
Gm5471,0.166870963,0.012561808,0.018063896
Esrp1,-2.74173094,1.22E-05,2.21E-05
Triqk,-1.348355666,4.47E-11,1.04E-10
Lrrc69,-1.510060742,0.000172538,0.000289396
Rmdn1,-0.490512859,3.62E-08,7.47E-08
Ankrd6,-1.802408107,6.13E-60,4.62E-59
RGD1561916,-2.216904783,2.50E-10,5.66E-10
Dnai1,-2.966534301,8.81E-11,2.02E-10
Fam205c,-4.114976163,0.002334828,0.003592156
Phf24,-3.586569401,4.17E-12,1.01E-11
Sit1,2.198093626,2.82E-34,1.26E-33
Tpm2,1.63456659,0.000233802,0.000388541
RGD1562259,-2.634132128,4.32E-20,1.35E-19
Pax5,7.597547919,0,0
Epb41l4b,-0.826942303,4.51E-05,7.88E-05
LOC500475,0.884650935,2.82E-10,6.37E-10
Cer1,-3.841093955,2.74E-30,1.11E-29
RGD1560983,1.204445216,0.017361502,0.02464955
Caap1,1.365552466,5.79E-143,1.35E-141
Eqtn,-1.25628825,3.75E-36,1.75E-35
RGD1560146,-1.585751991,0.002687646,0.00411869
Fyb2,-1.207587181,0.02762333,0.038364799
Lexm,4.192954852,2.09E-26,7.70E-26
Mknk1,2.228505122,1.46E-238,8.13E-237
Lurap1,-3.393339032,1.43E-39,7.20E-39
Ccdc17,-0.369711529,7.43E-05,0.000127916
Armh1,-1.072540638,0.000219297,0.000365154
Rnf220,0.206104116,4.14E-07,8.11E-07
Ccdc24,3.858098998,7.26E-47,4.29E-46
Hyi,-0.528647395,3.66E-08,7.54E-08
Tmem269,-1.146004302,2.13E-10,4.83E-10
Ybx1,-0.560081313,1.44E-18,4.32E-18
Slfnl1,0.525448469,0.000431711,0.000703871
Cdca8,4.63789181,0,0
RGD1560436,-0.454449526,1.10E-09,2.42E-09
Zscan20,-1.266418101,5.57E-61,4.30E-60
S100pbp,-0.477435331,7.54E-14,1.95E-13
RGD1561149,-1.453850323,3.00E-13,7.59E-13
Zbtb8b,-2.296627389,4.94E-06,9.15E-06
Fam229a,3.651790095,8.54E-94,1.09E-92
Zcchc17,0.368481448,6.93E-29,2.72E-28
Nkain1,-1.326457417,1.11E-16,3.14E-16
Gmeb1,0.523478132,3.40E-14,8.88E-14
Themis2,0.754419984,2.57E-12,6.26E-12
Lin28a,6.145133266,2.99E-171,9.24E-170
Ldlrap1,-0.740963519,1.26E-19,3.88E-19
Stpg1,-3.251070631,3.74E-44,2.09E-43
LOC500567,-5.740352907,1.24E-56,8.77E-56
RGD1564482,-2.36518016,3.29E-17,9.49E-17
Kdm1a,0.321295485,3.09E-17,8.93E-17
Kif17,3.457343431,9.52E-59,7.02E-58
Pax7,3.720324415,0.006612136,0.009765535
Szrd1,-0.364672773,2.22E-14,5.84E-14
Cplane2,-0.517196093,0.026469757,0.036838749
Fhad1,-2.305679577,9.11E-12,2.18E-11
RGD1565622,-3.697921048,2.36E-30,9.57E-30
LOC500584,0.46252802,8.05E-08,1.63E-07
RGD1561413,0.669102828,2.30E-19,7.04E-19
Fbxo44,-2.815119052,4.31E-44,2.40E-43
Tnfrsf9,-1.452310561,7.53E-08,1.53E-07
Tnfrsf25,-1.389110001,9.19E-23,3.08E-22
Smim1,0.296445771,0.002872365,0.00439062
Tnfrsf18,1.573825707,1.07E-23,3.66E-23
Morn2,-2.045225146,1.34E-39,6.73E-39
LOC500607,-2.536324335,5.57E-23,1.88E-22
Arhgef33,-0.505842746,0.020130077,0.028382813
Socs5,-0.207744979,1.79E-05,3.20E-05
RGD1565766,-0.516868788,0.000214261,0.000357049
Wdcp,-0.560722075,1.37E-11,3.26E-11
Mfsd2b,9.243841345,0,0
Atad2b,1.267732605,7.13E-64,5.80E-63
Greb1,-3.340913763,1.60E-44,8.99E-44
Rnf144a,-0.832506571,8.35E-19,2.52E-18
Fam110c,-3.459905821,3.06E-25,1.09E-24
Ccdc71l,-0.554499835,4.66E-18,1.38E-17
Timm23b,0.460130201,0.00174468,0.002715987
Sptssa,0.25651148,3.55E-06,6.62E-06
LOC500665,2.497733251,6.50E-50,4.07E-49
Dact1,-0.902107075,7.19E-09,1.53E-08
Ccdc175,-0.351693787,0.00223102,0.003438884
Rad51b,0.533331965,1.94E-05,3.46E-05
Adam4l1,-1.252083189,6.43E-17,1.84E-16
Map3k9,0.774748925,1.16E-07,2.34E-07
Heatr4,0.735484466,1.24E-12,3.05E-12
Bbof1,-0.482917225,1.91E-05,3.41E-05
Isca2,1.156887088,1.24E-92,1.56E-91
Snw1,0.349539128,3.03E-10,6.83E-10
RGD1565693,-3.456061896,9.51E-18,2.79E-17
Cep128,2.737415298,4.96E-250,3.02E-248
Efcab11,1.899562428,7.80E-12,1.87E-11
Tc2n,-3.528180008,7.48E-76,7.43E-75
Itpk1,-1.64701452,4.66E-115,7.91E-114
Ppp4r4,-1.196970126,2.42E-15,6.57E-15
Ccnk,0.176498162,1.51E-05,2.71E-05
Zfp839,-1.755955363,3.23E-73,3.07E-72
Cep170b,-2.453669866,7.09E-55,4.86E-54
Cdca4,3.068091539,0,0
LOC500745,7.492721661,2.20E-55,1.53E-54
Tmem196,3.242262202,2.29E-08,4.76E-08
Tmem198b,-1.782969642,3.76E-98,5.12E-97
Gipc3,1.382691418,1.19E-15,3.26E-15
Cactin,0.728830794,1.13E-63,9.17E-63
Btbd2,-1.630976144,1.02E-80,1.09E-79
Misp,-2.326740656,5.35E-39,2.66E-38
Cyp4f17,-1.957244347,2.76E-126,5.39E-125
RGD1560687,0.574664979,2.09E-05,3.72E-05
Rfx4,-1.69009878,6.92E-15,1.85E-14
Fgd6,-0.890206164,1.22E-31,5.11E-31
Galnt4,0.677594669,4.37E-14,1.14E-13
LOC500827,-1.018728206,0.003997822,0.006033955
Helb,1.497491577,2.05E-123,3.86E-122
RGD1561648,-1.582158531,9.24E-13,2.29E-12
RGD1565498,-0.790534978,8.53E-43,4.61E-42
Rgs22,-3.298569923,7.41E-22,2.42E-21
Zfp706,-0.143123196,0.002259321,0.003480875
Rspo2,1.869099915,2.30E-15,6.27E-15
Tmem74,-1.06725649,0.002777283,0.00425165
Sybu,-1.995206635,2.41E-22,7.97E-22
Mtbp,2.201522743,7.50E-148,1.85E-146
Fam83a,-2.885901535,1.15E-12,2.84E-12
Tmem65,-0.860430094,2.46E-15,6.69E-15
RGD1562739,-0.531451181,0.024233105,0.033872534
LOC500877,-2.302275044,3.21E-23,1.09E-22
LOC500881,0.539100576,3.01E-05,5.31E-05
RGD1564548,-1.497904717,0.00023186,0.000385422
Rps19l1,0.904058434,0.00533229,0.007947528
Mroh5,-2.234330088,3.80E-05,6.66E-05
Gli4,0.349193847,5.06E-10,1.13E-09
Mfsd3,-0.528196849,2.56E-12,6.23E-12
Lrrc14,0.255607021,0.009872067,0.014340334
Arhgap39,0.867334784,1.59E-23,5.45E-23
RGD1565356,0.815196917,2.19E-09,4.76E-09
Ncf4,2.796346648,1.27E-101,1.83E-100
Cyth4,1.218907731,5.18E-38,2.52E-37
Rps19bp1,0.731346382,3.09E-07,6.10E-07
Ccdc134,0.899469188,7.35E-21,2.34E-20
Tnfrsf13c,6.211500399,4.09E-96,5.41E-95
Serhl2,-2.97857654,1.16E-69,1.04E-68
Tafa5,-2.920364153,2.58E-11,6.06E-11
Odf3b,-2.232600259,3.74E-13,9.42E-13
Tmem117,0.681717911,8.78E-08,1.78E-07
RGD1565798,1.113199443,3.17E-19,9.68E-19
Ccdc184,-1.06167135,0.031804411,0.043868971
Tuba1b,1.31663286,2.46E-96,3.26E-95
Fam186b,1.217494313,0.018367413,0.026007828
Msantd4,-0.422772047,2.91E-10,6.56E-10
Arhgap42,-2.219432285,1.58E-53,1.05E-52
RGD1561795,-2.068720891,0.018245884,0.025846879
Zfp317,0.108753998,0.007031974,0.010360771
Ubl5,0.230804351,2.08E-06,3.93E-06
LOC500959,-0.494985141,0.045793764,0.061926348
Glb1l3,-6.248270293,9.59E-48,5.75E-47
Prdm10,0.657130458,8.34E-28,3.19E-27
RGD1560348,4.328956288,1.14E-14,3.03E-14
Stt3a,-0.531742129,1.26E-16,3.56E-16
Slc37a2,0.226325935,0.042698917,0.057974425
Msantd2,-0.986783593,2.22E-34,9.96E-34
Zfp202,0.743639312,2.26E-12,5.54E-12
Cbl,0.851211834,9.74E-23,3.27E-22
Pdzd3,1.23704219,6.85E-14,1.77E-13
H2ax,3.425756403,0,0
Ddx6,0.437900252,5.62E-21,1.79E-20
Zpr1,0.280275732,1.31E-14,3.46E-14
Nxpe4,1.152935681,8.44E-15,2.25E-14
Nxpe1,0.228979311,0.025446232,0.035488205
RGD1563941,-0.826936424,5.57E-32,2.35E-31
RGD1564937,-0.820440161,0.034357006,0.047211559
Layn,-0.799505911,4.20E-15,1.13E-14
Tmem266,-1.636053754,0.002738939,0.004195122
RGD1563578,-0.622852612,0.00155793,0.002435393
Insyn1,-2.691529642,4.38E-79,4.56E-78
Spesp1,1.484524934,0.001671507,0.002605917
RGD1560775,1.283040786,2.27E-07,4.51E-07
Minar1,-2.923354323,7.44E-11,1.72E-10
Plscr5,2.06491043,7.47E-05,0.000128632
LOC501038,4.909643956,2.44E-35,1.12E-34
Slc25a36,-0.63770843,8.53E-16,2.35E-15
RGD1564597,1.050187984,1.94E-06,3.67E-06
Il20rb,-1.452243896,2.36E-32,1.01E-31
Bfsp2,7.114088763,6.73E-166,1.97E-164
Col6a5,-1.032964701,2.74E-06,5.14E-06
Poc1a,2.755569662,7.53E-204,3.19E-202
Gpr62,-1.728644794,4.81E-05,8.38E-05
Tusc2,1.042162954,1.20E-64,9.91E-64
RGD1563705,0.911704009,8.15E-09,1.73E-08
Kif9,-0.744027565,0.000800621,0.001280509
Tmie,10.18046086,0,0
Cmtm7,0.404845214,6.31E-08,1.28E-07
Golga4,-0.326858986,5.14E-05,8.94E-05
Dlec1,-2.338837001,3.02E-09,6.52E-09
Pdcd6ip,-0.452330947,6.51E-55,4.47E-54
Tbc1d5,-0.559793871,2.87E-27,1.08E-26
Rftn1,0.551902263,2.99E-15,8.10E-15
Treml1,6.7069742,0,0
Mdfi,1.493363768,2.01E-18,6.00E-18
Ankrd66,-0.762692291,0.00278549,0.00426245
Gsta6,-0.725696307,1.58E-11,3.74E-11
LOC501116,-0.494909947,4.38E-13,1.10E-12
Fam178b,-0.904057721,2.99E-09,6.46E-09
Rfx8,-1.542476575,9.98E-44,5.50E-43
Tmem182,-2.133433755,3.46E-09,7.45E-09
RGD1566284,1.047082796,3.61E-05,6.33E-05
RGD1562067,7.785550897,1.12E-114,1.89E-113
Ankar,-1.47121604,4.74E-09,1.01E-08
Bnip3-ps1,-2.381144227,1.46E-28,5.68E-28
Satb2,-0.390456402,0.004157817,0.00626489
Stradb,3.087712229,8.08E-270,5.62E-268
C2cd6,2.668021346,2.34E-11,5.51E-11
RGD1562029,2.09710372,5.35E-12,1.29E-11
Rpe,0.215523247,0.007130589,0.01049927
Cdk5r2,3.184616746,0.00274632,0.004205991
Gmppa,-0.371810304,5.26E-16,1.46E-15
Pid1,-2.433017809,5.20E-51,3.32E-50
RGD1563917,1.237498862,2.14E-20,6.73E-20
Gpr55,0.914607615,0.001418693,0.002223962
Efhd1,-4.263368527,1.65E-51,1.06E-50
Rbm44,1.48758896,9.79E-06,1.78E-05
Mab21l4,-3.229062661,0.000699975,0.001124399
Ppip5k2,0.965908068,1.59E-48,9.67E-48
Macir,2.613056195,1.20E-287,9.27E-286
RGD1560925,2.964203607,2.64E-38,1.29E-37
Tmem232,1.815303883,1.03E-08,2.18E-08
Tmem200c,-2.306670897,6.41E-29,2.51E-28
Myl12a,-1.333757323,1.19E-115,2.04E-114
Rpl5l1,0.712249474,1.06E-17,3.11E-17
Vwc2,1.387933735,0.001470683,0.002303144
Cesl1,-4.889008288,6.33E-65,5.24E-64
Ranbp3,0.695718113,2.30E-38,1.13E-37
Mydgf,-0.351132006,1.78E-22,5.92E-22
Plin5,-2.797522698,3.52E-32,1.50E-31
Yju2,0.43256831,1.65E-22,5.50E-22
Cbx4,-0.195627014,0.001946798,0.003017551
LOC501406,-0.755289628,1.27E-11,3.02E-11
Oaz2,-0.302535211,6.67E-05,0.000115198
LOC501456,2.546625477,1.42E-11,3.37E-11
LOC501467,-2.026776764,0.000673233,0.001082972
Sh2d1a,0.557993529,0.016679527,0.023722279
Zbtb33,0.400369259,4.12E-08,8.48E-08
Dipk2b,-2.653445427,3.50E-56,2.46E-55
Tut7,0.680468656,3.60E-30,1.45E-29
RGD1562289,0.633429541,0.038915834,0.053120752
RGD1564613,1.054366515,1.25E-09,2.74E-09
RGD1566093,0.328630002,1.75E-08,3.67E-08
LOC501529,2.608487154,1.82E-14,4.80E-14
Ammecr1,3.009425007,1.74E-219,8.44E-218
Huwe1,-0.754574297,7.31E-33,3.16E-32
Trappc2,0.404858783,3.38E-13,8.53E-13
Fancb,1.901596268,3.67E-65,3.05E-64
Rai2,-2.301298817,1.37E-18,4.12E-18
Map3k15,1.637429009,7.88E-22,2.58E-21
Rps6ka3,-0.896591822,1.90E-48,1.16E-47
Prkx,-1.165092061,7.89E-80,8.29E-79
RGD1560207,-0.964686138,1.08E-07,2.18E-07
Tmem47,-2.37922636,5.15E-59,3.82E-58
Tasl,2.423299308,1.94E-62,1.54E-61
RGD1566100,0.720073777,9.01E-06,1.64E-05
Gspt2,-2.137594346,4.88E-21,1.56E-20
Amer1,-0.448475444,0.000557494,0.000901744
RGD1565058,-2.447973372,1.13E-07,2.29E-07
RGD1563242,0.280234783,0.036944378,0.05058138
Armcx1,-1.904191385,5.17E-61,3.99E-60
Bex4,4.6962351,2.30E-103,3.38E-102
Bex1,1.476679886,0.000617278,0.000995397
Tceal3,-2.605547105,0.000173904,0.00029162
Ftl1l1,0.439262855,0.002326014,0.003579124
Pabir2,1.787805378,3.85E-126,7.47E-125
Vma21,-0.580786421,9.54E-16,2.63E-15
Fam3a,-1.014783887,9.63E-103,1.41E-101
Slc10a3,-0.700117388,2.99E-30,1.21E-29
Tmem114,1.504192149,0.000396479,0.000648213
RGD1559662,12.39302854,0,0
Lsm11,0.776694742,4.95E-27,1.85E-26
Myo15a,-2.572902712,6.02E-28,2.31E-27
Cenpv,-1.360279798,2.14E-24,7.46E-24
Mis12,0.470295919,1.91E-13,4.88E-13
Slfn3,2.745375822,1.31E-296,1.07E-294
Cd300a,1.798713186,8.84E-52,5.71E-51
Cd300lb,2.206828123,9.77E-20,3.02E-19
RGD1562156,1.649539773,1.60E-07,3.21E-07
RGD1562667,-0.988626207,2.24E-05,3.98E-05
RGD1563057,-0.685976642,0.016276146,0.023173083
Qrich2,-0.592730474,0.004871554,0.007290943
Cd200r1l,3.606581594,3.54E-58,2.59E-57
Cd209e,-2.371710239,6.04E-09,1.29E-08
RGD1559499,4.537628176,1.03E-37,5.00E-37
RGD1566006,3.512786164,3.53E-48,2.14E-47
Coro1c,-0.720366757,4.94E-52,3.21E-51
Rab7b,-2.206037788,3.15E-58,2.30E-57
Axdnd1,-1.837213843,2.70E-10,6.09E-10
Sh2d1b,2.192191638,8.80E-33,3.80E-32
Cd84,2.845216931,6.67E-66,5.61E-65
RGD1565660,-3.532324363,1.10E-07,2.23E-07
RGD1559459,-1.904592134,0.002782626,0.004258947
Smim20,0.172088491,0.033590765,0.046225192
Slc2a9,-0.77487385,6.23E-19,1.89E-18
Zmat5,-0.257155526,0.00024753,0.000410594
RGD1563295,1.900445497,1.34E-06,2.56E-06
Dpm3,-1.369686442,1.13E-07,2.27E-07
Lrch1,0.541055744,2.43E-17,7.05E-17
RGD1565534,-1.090861896,1.11E-05,2.01E-05
Cldn24,-3.06382374,8.80E-15,2.35E-14
Rwdd4,-0.127614954,0.00104878,0.001661425
RGD1564308,-0.977622917,5.16E-06,9.55E-06
Rnf122,-1.558385474,3.82E-41,1.99E-40
Dkk4,-0.466275755,6.70E-17,1.91E-16
Hist1h2ah,4.648980916,3.32E-99,4.60E-98
hist1h2ail2,5.460181079,7.25E-124,1.37E-122
Idi2,-1.662111275,6.19E-18,1.82E-17
Lvrn,-4.299198797,1.55E-37,7.46E-37
Lrrc29,0.670075838,1.82E-09,3.96E-09
Slc38a8,1.447338416,7.48E-32,3.15E-31
Lrrc14b,0.569304302,0.039133,0.053399939
Tmem181,-0.326627263,2.55E-08,5.28E-08
LOC502229,1.394319296,0.02070642,0.029153756
LOC502239,-1.437549202,0.000142512,0.000240383
Vom2r80,-2.315730938,2.20E-05,3.91E-05
RGD1562625,5.312108572,9.45E-101,1.34E-99
Zfp773-ps1,-1.121837827,4.22E-08,8.67E-08
Rnf225,0.896981859,0.002049258,0.003168457
Vom2r36,-1.687252137,0.005701142,0.00847508
Zfp566,-0.159623707,0.040418798,0.055025067
Aplp1,-2.178412296,1.86E-20,5.84E-20
Faap24,0.391332728,7.34E-07,1.42E-06
Stard5,-0.758514955,5.13E-21,1.64E-20
Hbe2,3.108724766,0.00047441,0.000771236
Bola2,0.772826555,9.53E-26,3.45E-25
LOC502368,2.991056684,1.49E-07,2.98E-07
Syce1,-2.335162558,1.33E-20,4.22E-20
Polr2l,0.559693278,5.97E-13,1.49E-12
Pfpl,-4.063158218,4.48E-32,1.90E-31
Npm3,0.626884169,1.71E-16,4.81E-16
Olfr94-ps1,-2.712780513,1.82E-14,4.80E-14
Tbc1d22b,0.115673336,0.008455728,0.012355737
Slc35f1,-3.360616995,1.02E-27,3.89E-27
Serf1,-0.92582066,3.67E-21,1.17E-20
Eif2a,0.208940389,8.78E-06,1.60E-05
RGD1559714,-3.895577119,5.59E-30,2.25E-29
Nudt17,-0.493712061,0.005578919,0.00829881
Lcn3,3.458213056,0.002937191,0.004486233
Mettl5,0.60463021,2.19E-31,9.10E-31
Mettl8,-0.203847748,0.019792116,0.027934257
Cerkl,2.586632151,3.04E-97,4.08E-96
Selenoh,0.148071421,0.020869286,0.029367691
Ypel4,6.334799447,0,0
Dstn,0.793588282,1.13E-14,3.00E-14
LOC502684,0.7609306,0.007993371,0.011713106
Tldc2,-0.377414892,0.02600331,0.03622878
Dok5,2.474822756,1.52E-10,3.47E-10
Kmt2c,-0.244270849,0.000793794,0.001269796
Lrrc17,-2.134948682,2.19E-49,1.36E-48
Elapor2,-2.743114532,1.92E-24,6.70E-24
Vwde,-2.247446939,0.007444488,0.010940329
Ankrd7,0.727941752,0.000186107,0.00031159
Cpa4,-2.347335204,1.92E-12,4.70E-12
RGD1561636,0.671587496,0.017620409,0.024996748
Agk,-0.468926097,1.28E-14,3.40E-14
Cpvl,-2.90793666,1.57E-42,8.43E-42
Scrn1,-1.969338516,2.35E-12,5.75E-12
Pyurf,-1.751358501,1.57E-60,1.20E-59
Gprin3,-1.755154347,3.57E-15,9.66E-15
LOC502791,6.29234382,7.30E-43,3.95E-42
RGD1561722,4.626203364,8.21E-15,2.19E-14
LOC502796,4.437613412,2.20E-07,4.37E-07
LOC502809,5.839003333,3.49E-28,1.35E-27
LOC502812,7.041190959,3.21E-54,2.17E-53
LOC502815,5.566023219,3.92E-26,1.43E-25
LOC502817,4.486064818,3.86E-09,8.29E-09
LOC502825,5.629732176,1.01E-32,4.34E-32
RGD1564696,5.059918965,1.47E-22,4.89E-22
RGD1563231,5.639183458,6.82E-41,3.53E-40
LOC502834,5.646574956,5.24E-23,1.77E-22
Gp9,7.325336005,5.44E-207,2.36E-205
Kbtbd12,1.487647817,0.000199977,0.000333979
LOC502860,-1.59031186,0.012069283,0.017385221
Jagn1,-0.34471547,9.02E-10,1.99E-09
Prrt3,-0.942117156,6.16E-06,1.14E-05
Foxj2,-0.681021493,3.19E-110,5.11E-109
RGD1559669,6.340025665,1.44E-68,1.26E-67
Clec9a,-1.713534621,4.02E-38,1.96E-37
Clec7a,3.013102317,1.10E-46,6.48E-46
LOC502907,1.810021904,4.98E-08,1.02E-07
LOC502908,1.390666336,0.001410852,0.002212374
LOC502914,1.692812496,0.008082622,0.011838547
Rerg,-3.513079746,1.47E-117,2.59E-116
Slc15a5,-2.040886869,1.02E-05,1.86E-05
Eya1,2.74947856,5.52E-12,1.33E-11
Arid3c,-1.927401641,0.019207427,0.027145297
Ccdc171,-1.405166434,1.38E-25,4.98E-25
Sesn2,-0.630695142,6.05E-20,1.88E-19
Nipal3,-0.197399763,0.02473514,0.034544889
Ldlrad2,-2.701724131,5.96E-32,2.52E-31
Pramef8,-2.280269428,1.70E-26,6.28E-26
Ctnnbip1,-1.145344718,2.11E-26,7.78E-26
Cdkl4,-0.826618971,7.41E-06,1.36E-05
Wdr35,-1.427617036,1.37E-30,5.61E-30
Map4k5,0.194272713,0.005904032,0.008766557
RGD1559545,1.929154026,0.002712953,0.004156826
Tmem229b,1.069343692,2.65E-28,1.03E-27
Acot5,-1.254530706,0.007755766,0.011377328
Vash1,-0.645810986,2.25E-14,5.92E-14
LOC503053,-6.860970664,1.37E-71,1.27E-70
LOC503089,6.680526436,2.10E-23,7.14E-23
LOC503095,2.154352471,0.030386594,0.041993599
LOC503101,4.566561959,6.48E-15,1.74E-14
RGD1565410,9.300516641,7.21E-286,5.50E-284
Apol9a,-1.612639982,5.17E-18,1.53E-17
Arfgap3,-0.471725011,5.72E-21,1.82E-20
RGD1564963,0.463467396,1.13E-06,2.17E-06
Glb1l2,-1.422772758,1.22E-06,2.32E-06
Rbpms2,0.390147908,7.70E-06,1.41E-05
RGD1559935,0.953329206,0.003786613,0.005728327
Coa5,-1.089431017,3.60E-44,2.01E-43
Nemp2,-0.57348235,3.92E-09,8.41E-09
Sowahc,-3.104544244,2.26E-179,7.46E-178
LOC503340,1.590783518,0.008270789,0.012098646
Mpc1l,-1.145323487,1.64E-06,3.11E-06
Asb12,3.665009943,9.11E-06,1.66E-05
Zfp92,-2.246668969,2.76E-53,1.83E-52
Slc13a4,0.590202089,0.040067628,0.054574618
Klri1,-0.700982195,0.000380699,0.000623449
Ly49s5,1.052095588,0.0008451,0.001349241
Sprn,-1.89718139,1.05E-15,2.88E-15
Kyat3,-2.011201404,1.28E-19,3.95E-19
Pcdhb17,-2.360474539,2.39E-47,1.42E-46
Pcdhb19,-3.156190878,6.22E-111,1.01E-109
Fcmr,-0.743142403,8.11E-05,0.000139201
Pcdhga1,-1.547778715,4.00E-09,8.58E-09
Pxdn,-4.031491319,4.72E-274,3.36E-272
Tas2r108,-1.725195648,0.000214105,0.00035683
Gpr34,0.559122901,0.000471158,0.000766202
Lair1,-1.067822593,0.004252141,0.006401473
Akirin1,0.419041095,4.21E-14,1.10E-13
Kifbp,-0.659604564,6.59E-23,2.22E-22
Defa10,8.117856361,8.36E-84,9.28E-83
Defa7,4.056874476,2.54E-09,5.51E-09
Defa11,12.40578106,3.96E-207,1.72E-205
Slc6a17,-2.21463077,2.38E-12,5.80E-12
Surf2,-0.657079524,3.82E-24,1.33E-23
Surf4,-1.013573268,2.47E-53,1.64E-52
Jam2,-3.126702238,5.79E-215,2.66E-213
Acap2,-0.271852424,8.97E-05,0.000153493
Ncoa4,2.707172029,1.27E-203,5.35E-202
Dnajc12,-0.869164989,1.85E-06,3.50E-06
Aarsd1,0.639651663,1.53E-78,1.58E-77
Plpp6,-1.53524759,7.45E-75,7.29E-74
Gpr153,-0.974291818,1.84E-08,3.85E-08
Retreg1,2.303986582,6.93E-47,4.09E-46
Acsf2,-0.299071795,0.001403719,0.002201889
Cdca7l,3.413140498,9.75E-54,6.55E-53
Fam104a,1.237316807,6.85E-101,9.72E-100
Cybc1,0.415049396,3.74E-08,7.71E-08
Rnf14,-1.243951717,1.47E-109,2.35E-108
Nrbp1,-0.078329658,0.012470024,0.017938013
Ctps2,-2.42487249,1.03E-197,4.08E-196
Nicn1,-1.907201403,1.50E-102,2.18E-101
Tmem69,0.236655008,5.20E-06,9.62E-06
Iffo2,-1.678659194,2.64E-47,1.57E-46
Ap5z1,-0.307415281,1.37E-09,3.01E-09
Atp5pd,0.300620361,1.55E-05,2.79E-05
Ube2d2,0.188442821,7.84E-07,1.51E-06
Popdc3,3.070084287,8.73E-12,2.09E-11
Lrrc4,0.631851214,0.012681472,0.018230655
Pcdhgc5,-3.234448684,5.55E-28,2.13E-27
Dtnbp1,0.205898426,0.001371939,0.002152837
Slc41a3,3.131501629,5.02E-116,8.67E-115
Defb14,1.577689132,0.04039477,0.054994886
Defb24,2.544506659,0.000901025,0.001435197
Defb36,2.40797486,5.50E-05,9.55E-05
Defb27,3.443737678,2.54E-10,5.74E-10
Defb25,-2.791916463,5.77E-09,1.23E-08
Tpcr12,-3.349609886,1.96E-13,4.99E-13
Rbm12,0.82398626,3.11E-49,1.92E-48
Cd99,-0.949313424,9.12E-23,3.06E-22
Rnf130,-0.41996789,1.12E-12,2.78E-12
Csf2ra,1.260952932,4.14E-34,1.84E-33
Cox6b2,-2.569344468,1.07E-78,1.10E-77
Cfap300,-2.100216192,7.56E-38,3.66E-37
Zdhhc16,0.491770899,4.98E-30,2.00E-29
Fubp1,0.371126505,2.02E-10,4.60E-10
Slc6a19,-1.892010784,0.000114094,0.000193774
Atp13a3,0.602008598,8.44E-14,2.18E-13
LOC678711,2.468124026,0.008555791,0.012495163
Fbxl18,-0.352603211,0.000133365,0.000225378
Phka2,0.673928913,4.93E-08,1.01E-07
Zc3h4,0.892223166,8.17E-80,8.58E-79
Tll1,-4.552160328,3.25E-35,1.48E-34
Hspd1-ps1,-0.499362379,2.76E-06,5.17E-06
LOC678756,-5.548047332,1.67E-42,8.99E-42
Ndufa10,-1.203873602,1.16E-70,1.06E-69
LOC678760,-0.245359702,0.000290271,0.000478913
Rhou,-1.845587318,3.08E-17,8.90E-17
Atg4a,-0.281301863,0.010277365,0.014896893
LOC678972,1.389572789,0.009225242,0.013433725
Rbpj,-0.340868008,1.52E-08,3.18E-08
Rtl8a,-1.416516445,2.57E-89,3.07E-88
Tsfm,-0.417559618,2.75E-21,8.85E-21
Arhgap19,4.563381271,0,0
Frat2,1.773798145,5.74E-77,5.78E-76
Bmp8b,-1.900026713,1.51E-09,3.31E-09
Rrp12,0.328819953,2.39E-05,4.24E-05
Slc25a53,0.66901832,0.000252124,0.000417955
Exosc1,0.601478943,3.82E-46,2.22E-45
LOC679149,-2.520507675,4.58E-79,4.77E-78
Garem1,0.936875637,7.83E-17,2.23E-16
Zbtb7c,-3.001502365,8.29E-25,2.93E-24
Nelfcd,0.528233512,4.46E-37,2.12E-36
Mapre2,-0.217670045,0.001717909,0.002676283
Marchf9,-0.472588083,0.001305174,0.002051225
Tubb1,9.367047486,0,0
Cenpp,3.606673195,1.25E-218,5.96E-217
Tarbp1,0.876236589,3.95E-44,2.21E-43
Irf2bp2,0.481925498,2.49E-11,5.86E-11
Sepsecs,-0.166323696,0.001182981,0.00186523
Tspan15,-1.995589038,1.45E-40,7.48E-40
LOC679491,0.773691411,2.16E-08,4.50E-08
Nemp1,1.487358311,2.92E-93,3.71E-92
LOC679519,0.711224448,7.99E-07,1.54E-06
Elovl1,0.448666074,9.27E-13,2.30E-12
RGD1560034,-3.169417355,6.96E-15,1.86E-14
LOC679539,0.970048427,1.18E-31,4.94E-31
Pjvk,0.90197141,0.004525602,0.00679863
Lypd6,-2.842158918,8.33E-17,2.37E-16
LOC679565,-0.480686746,4.10E-07,8.04E-07
Hmg1l1,1.051345298,4.88E-14,1.27E-13
Ldlrad4,-1.253085374,8.71E-30,3.49E-29
LOC679582,-1.728785579,0.00106719,0.001689413
Ccdc27,-2.916887334,1.69E-13,4.31E-13
LOC679586,2.260026926,0.000114307,0.000194103
LOC679589,1.236912672,7.72E-53,5.08E-52
Xaf1,0.36431827,8.73E-07,1.68E-06
LOC679604,1.321247269,2.19E-16,6.15E-16
LOC679605,6.122271998,2.69E-43,1.47E-42
LOC679616,1.065408102,0.006301434,0.009327144
Smtnl2,1.903390884,5.62E-06,1.04E-05
Cntln,-0.667009441,6.02E-22,1.97E-21
Cfap57,1.506284979,4.72E-09,1.01E-08
LOC679663,1.465905428,0.000202746,0.000338414
LRRTM1,2.407714403,8.70E-05,0.000149113
Lpgat1,-1.297739226,9.65E-35,4.36E-34
Med12,-0.785839892,5.45E-28,2.09E-27
Barx2,2.773200599,0.001567804,0.002450309
LOC679711,-2.26328482,0.000495324,0.000803865
Myef2,0.961667526,5.47E-35,2.48E-34
Brpf1,1.005589196,4.96E-90,5.98E-89
LOC679739,0.251862134,0.003037036,0.004631085
LOC679743,1.154323527,0.004875236,0.007295714
Tma7,0.760639784,2.25E-36,1.05E-35
LOC679748,-2.420564601,3.09E-09,6.66E-09
Rpl32-ps1,0.323445953,0.000140438,0.000237007
Clec5a,6.430179403,6.47E-155,1.70E-153
LOC679791,-2.071039686,2.56E-23,8.69E-23
Fer1l5,-2.093364529,1.37E-75,1.35E-74
Tmem131l,2.814809797,1.10E-202,4.56E-201
Plekhg1,-1.006137702,2.25E-24,7.86E-24
LOC679816,-4.559619476,3.96E-67,3.39E-66
Ces1a,1.207624012,0.000187447,0.000313745
Glipr2,0.885384567,1.02E-18,3.08E-18
LOC679822,1.920491268,9.53E-05,0.000162865
Rrlt,0.961415117,0.000280868,0.000464045
Adam12,-2.776343505,3.13E-80,3.31E-79
Dnd1,2.172470295,3.72E-22,1.23E-21
Tcf7l2,-1.830548032,2.96E-62,2.34E-61
Capns2,1.742326195,5.21E-12,1.26E-11
LOC679871,1.518243043,7.35E-56,5.15E-55
Chmp4bl1,0.391199502,3.47E-08,7.16E-08
Gpkow,0.10162647,0.002014597,0.003117799
LOC679894,0.800690627,3.12E-35,1.43E-34
Zmat2,0.864502045,1.04E-89,1.25E-88
LOC679899,-1.721066976,0.008170312,0.011959946
RGD1564247,0.291352371,0.010779807,0.015593086
Trpm7,-0.269333606,3.85E-05,6.74E-05
Pam16,-0.230308431,0.019450943,0.027471079
LOC679914,0.725266355,0.02968064,0.041056345
Vasn,-3.092404398,3.50E-94,4.50E-93
Brk1,0.092275724,0.031836841,0.043909609
Dram1,-0.940810275,1.05E-22,3.50E-22
Angptl1,-1.865263524,5.30E-07,1.03E-06
Alkbh7,-0.280571286,0.001793679,0.002789036
Gpr18,1.559756723,6.80E-20,2.11E-19
LOC679960,0.84243552,6.92E-16,1.91E-15
LOC679963,0.499621962,0.035227846,0.048345345
Cyp2ab1,-3.755099504,9.36E-44,5.16E-43
Pgm5,-1.213290067,3.42E-08,7.06E-08
H3c1,6.407346241,3.63E-68,3.15E-67
RGD1565617,2.816320773,0.000620083,0.000999811
Mad1l1,1.11269777,5.93E-41,3.07E-40
Esco1,0.697306075,7.53E-68,6.51E-67
LOC680017,-0.384426966,2.93E-09,6.34E-09
Iho1,-1.961857597,7.28E-10,1.61E-09
Trim38,1.458295582,0.012547219,0.018044671
Pcdhb8,-2.641866572,1.04E-17,3.05E-17
LOC680039,-0.823883997,2.98E-36,1.39E-35
Pcdhb9,-1.333249406,1.36E-08,2.86E-08
Lemd3,0.377527786,6.80E-09,1.45E-08
Dmrtc1b,-2.194690494,5.03E-11,1.17E-10
Asb14,-0.672472374,0.002652819,0.004066794
LOC680077,2.344055638,0.026181608,0.036458306
Ncaph,5.518719099,0,0
Mab21l2,3.861079451,1.31E-30,5.34E-30
Rprm,-6.529891154,1.51E-29,6.03E-29
Rbl1,3.932076111,0,0
Llcfc1,4.831809269,2.47E-21,7.96E-21
Hacd1,-0.347109955,0.001548574,0.002421022
Sap30,3.333401098,0,0
Timp4,-4.183229282,2.00E-61,1.55E-60
Tbc1d8,0.169091279,0.037988449,0.051936331
Gngt1,2.760222063,4.36E-05,7.63E-05
Tasor,0.296900923,2.69E-07,5.33E-07
Rpl34-ps1,1.033535526,9.38E-33,4.04E-32
LOC680171,0.900401069,0.008604475,0.012565022
Mbd2,1.053378651,2.00E-92,2.51E-91
Prr22,0.821682309,4.04E-10,9.06E-10
Cldn20,0.734559238,0.027903587,0.038728581
LOC680200,-0.259853321,0.001390783,0.002182176
Zfp322a,-0.312597426,9.91E-08,2.00E-07
Pcdhb20,-2.33129215,2.68E-34,1.20E-33
Dnajb3,-0.93590601,0.000383515,0.00062792
LOC680227,1.367782769,3.71E-06,6.92E-06
Sgcb,-1.714249191,9.11E-18,2.67E-17
Dmwd,-0.229153797,0.00994087,0.0144339
LOC680254,-0.364673487,1.06E-06,2.03E-06
Zfp748,0.307656065,2.56E-05,4.54E-05
Fam171a1,-2.352704616,3.55E-88,4.18E-87
Hyls1,1.623670106,1.00E-99,1.41E-98
Catsperd,-1.337839204,3.28E-19,1.00E-18
Foxl3,3.014950818,4.87E-05,8.49E-05
Gas2l3,2.841350768,1.23E-83,1.36E-82
Tceal5,3.718049816,2.29E-16,6.43E-16
Mthfd2,4.34811382,1.01E-156,2.71E-155
Snrpd2,1.424657218,8.41E-149,2.09E-147
H2bc12,8.074228239,1.82E-147,4.46E-146
LOC680316,-3.74530273,3.99E-08,8.22E-08
Tceal7,5.1866093,1.66E-05,2.99E-05
H2ac12,8.103446523,2.15E-109,3.42E-108
LOC680329,5.442545316,2.06E-40,1.05E-39
Clec12a,4.187417555,2.41E-200,9.79E-199
LOC680346,2.08293624,5.65E-07,1.10E-06
Tceal9,-1.307845397,3.98E-22,1.31E-21
LOC680385,0.404855399,7.08E-11,1.63E-10
Rpl36a-ps4,0.551282503,0.000221239,0.000368221
Hist1h2bc,4.508323926,2.21E-119,3.96E-118
C1ql3,-1.562078187,7.74E-14,2.00E-13
Mark4,-0.933541153,2.93E-24,1.02E-23
Prodh1,0.651498168,1.13E-05,2.05E-05
Aup1,0.403469742,1.60E-23,5.47E-23
Pex10,-1.535589432,7.18E-59,5.32E-58
LOC680432,1.32234952,0.000120091,0.000203655
Dqx1,0.324244394,0.001478186,0.002314159
LOC680438,-2.542021705,1.38E-10,3.16E-10
Nkpd1,0.784930092,0.018340114,0.025972088
Mbnl2,-0.705702243,3.43E-41,1.78E-40
Nrbp2,-1.692308825,1.02E-19,3.16E-19
Arrdc5,-2.398218116,5.71E-08,1.17E-07
LOC680456,-3.126135899,5.05E-31,2.08E-30
Trappc6a,-0.578528576,1.39E-24,4.88E-24
Bloc1s3,0.268841765,0.001794072,0.002789501
Haus3,1.235110874,7.06E-82,7.62E-81
LOC680491,0.331361965,0.00353882,0.005370221
Polr1g,0.687658776,7.56E-29,2.96E-28
Hist1h3b,8.444020255,4.30E-114,7.18E-113
Ckap2l,5.703743084,6.95E-250,4.22E-248
LOC680517,1.240330933,3.48E-05,6.12E-05
H1f5,7.042052862,7.80E-101,1.11E-99
Tmem236,2.439928214,2.48E-28,9.57E-28
Sapcd2,5.152907256,3.50E-294,2.83E-292
Sem1,0.975096666,9.16E-63,7.31E-62
Nsd2,2.183316428,1.98E-278,1.44E-276
Pknox2,-0.961113601,2.65E-05,4.69E-05
Tmem241,-1.352431967,2.64E-65,2.20E-64
Tet3,-0.161673067,0.01911047,0.027017307
LOC680579,1.914181218,0.000829825,0.001325712
Rbm41,0.176217922,0.011290421,0.016302202
Rc3h1,-0.236714773,5.93E-06,1.09E-05
LOC680590,5.230944398,3.41E-43,1.86E-42
Lrch2,-2.684292074,2.26E-25,8.11E-25
Dph3,0.316844344,2.48E-06,4.66E-06
LOC680595,0.910670603,0.001285055,0.002021001
Lcn12,-1.986639395,3.94E-31,1.63E-30
Ebi3,2.1337237,9.44E-51,5.98E-50
Bcl3,-0.479416132,9.93E-07,1.91E-06
LOC680612,-1.370663697,0.001060475,0.001679233
Hist1h2ak,8.448703821,2.09E-114,3.51E-113
Pou5f2,2.063587961,4.45E-06,8.26E-06
LOC680622,-3.199636498,9.64E-12,2.30E-11
Fndc10,-2.685606128,1.49E-47,8.90E-47
Fcrl1,4.669355106,5.92E-107,9.10E-106
Tpk1,-0.895536462,6.20E-45,3.51E-44
Glis3,1.040948866,4.25E-09,9.12E-09
LOC680676,0.985169782,0.001618096,0.002527308
Tcf24,-1.812066009,9.25E-08,1.87E-07
Fcrl5,1.313426803,5.67E-09,1.21E-08
LOC680700,2.753241616,7.62E-41,3.93E-40
Ripply1,-1.207046625,0.02693774,0.037454815
Nxpe5,1.473454532,5.03E-21,1.61E-20
Scx,0.9488705,0.002236326,0.003446704
Zfp703,-1.198457637,1.64E-34,7.36E-34
Tmem88b,-2.428554035,1.60E-13,4.09E-13
Rbms3,-2.818146662,1.05E-66,8.91E-66
Casp16,1.529294428,2.31E-06,4.36E-06
Snrpf,2.08499014,5.31E-181,1.80E-179
Mrpl20,0.233020282,5.58E-06,1.03E-05
Ebf4,-1.321621864,3.58E-08,7.38E-08
Ccdc74a,-2.152590892,4.83E-31,1.99E-30
LOC680755,1.821768877,0.017193224,0.024420007
Skida1,-2.318883413,3.33E-50,2.09E-49
LOC680772,-1.820792644,0.000802405,0.001283223
Rtl4,-3.665214577,9.03E-08,1.83E-07
Spcs3,0.790344933,6.13E-10,1.36E-09
Timm8a2,1.101435381,0.002319755,0.003569894
Lsmem1,2.852141477,8.92E-07,1.72E-06
LOC680814,0.811937973,0.023910188,0.033444871
Cul7,-2.196399688,1.33E-98,1.83E-97
Treml2,3.19193564,2.69E-125,5.18E-124
Tmem40,5.810447205,1.76E-35,8.08E-35
Eppk1,-3.466686425,2.66E-40,1.36E-39
LOC680861,1.720849603,2.01E-08,4.19E-08
Treml4,0.734009511,9.75E-07,1.87E-06
Tex13b,2.957137234,4.60E-16,1.28E-15
Rnf223,-2.071563307,7.68E-44,4.24E-43
Sf3b5,0.683353781,6.12E-39,3.04E-38
Efcab12,-4.034948075,1.04E-53,6.97E-53
Fam169b,1.385471096,1.55E-22,5.16E-22
Mbd4,-0.457306051,1.11E-07,2.25E-07
LOC680920,-1.891732074,5.71E-11,1.32E-10
Pvrig,2.148557774,3.96E-24,1.38E-23
Bmp8a,-1.276612669,0.000180721,0.000302846
LOC680933,1.412707269,1.06E-24,3.74E-24
Rbmxl1b,1.158691669,2.57E-06,4.83E-06
Sdf2l1,1.583171058,7.93E-78,8.13E-77
LOC680964,1.466924995,1.27E-05,2.30E-05
Ddhd2,-1.518750102,2.21E-137,4.84E-136
Ciao2b,-0.129478351,0.035659049,0.048903083
LOC680998,1.771735197,1.50E-53,1.00E-52
Paxbp1,0.286125901,8.01E-06,1.47E-05
Smg5,1.458325917,7.91E-135,1.70E-133
Paqr6,-1.86742471,2.68E-25,9.61E-25
LOC681022,1.459209317,8.14E-34,3.60E-33
Qsox2,-0.517907153,1.97E-16,5.54E-16
Ndufa4,-0.669076206,8.10E-09,1.72E-08
Snrpg,1.889730245,7.55E-146,1.82E-144
Prss41,-1.569768957,0.000425421,0.000693922
Pmf1,3.445932552,0,0
Erfe,7.31266013,0,0
Vps25,0.241808522,9.84E-10,2.17E-09
Slbp,3.836103495,0,0
Fthl17e,3.990937016,6.02E-12,1.45E-11
Fcamr,1.92685797,0.001875298,0.002911357
LOC681078,1.233911807,0.004256011,0.006406646
Pigf,1.061416543,5.09E-45,2.89E-44
Ccdc157,-0.985877436,2.97E-23,1.01E-22
Pou6f2,4.046346405,6.18E-20,1.92E-19
Nxpe3,3.56991918,0,0
Krt83,3.861603729,1.21E-10,2.78E-10
LOC681138,0.539334015,0.001685482,0.002626734
Cks1l,1.311895077,8.15E-26,2.95E-25
LOC681177,-1.744310295,2.87E-07,5.67E-07
Pcgf5,1.16483617,1.94E-133,4.07E-132
LOC681182,1.77912521,1.63E-06,3.10E-06
LOC681184,-1.040839503,1.39E-13,3.55E-13
Cenph,6.226560629,0,0
Mogat2,-0.478733699,0.028148479,0.039049109
Zfp862,-2.08243932,2.63E-47,1.57E-46
Cox14,0.794139594,3.36E-32,1.43E-31
LOC681224,0.782739527,5.36E-18,1.58E-17
Dbr1,1.001817667,1.03E-70,9.38E-70
LOC681241,-2.844433842,4.72E-28,1.81E-27
Fam72a,3.25407577,3.90E-97,5.23E-96
LOC681250,-1.599756758,0.001455801,0.002280441
Rps27a-ps28,0.972682671,0.000239169,0.000397236
LOC681261,1.390132154,0.000152347,0.00025646
LOC681274,2.182279407,3.45E-17,9.93E-17
LOC681282,0.341873022,3.30E-07,6.50E-07
Map7d1,-1.055653568,1.82E-24,6.38E-24
Shld1,0.785047252,1.42E-24,4.98E-24
Thbs3,-3.863301977,1.75E-54,1.19E-53
Tpbgl,-1.709073614,1.89E-30,7.70E-30
Ido2,-0.872462719,0.035766433,0.049038984
LOC681325,2.258651813,1.49E-48,9.07E-48
LOC681330,4.64283422,1.11E-13,2.86E-13
LOC681331,1.631460293,0.01082992,0.015664044
Acot4,-2.300901011,1.07E-10,2.44E-10
LOC681341,0.523294514,0.00025496,0.000422538
Letmd1,-1.248912716,1.38E-124,2.64E-123
LOC681355,0.76059265,7.09E-12,1.70E-11
E4f1,-0.155879034,0.007581118,0.011131063
Pisd,-1.245646438,6.87E-110,1.10E-108
LOC681369,2.13479693,0.005279477,0.007872381
Rp1,-3.528443324,1.20E-06,2.31E-06
Zcwpw2,-1.445926203,1.76E-26,6.49E-26
Cops9,-0.413140514,2.02E-08,4.21E-08
Rnf133,-1.751094827,0.00100482,0.001594689
LOC681396,0.835125581,1.39E-10,3.17E-10
Fam174b,-0.419180869,0.047461629,0.064085113
LOC681406,1.36295763,1.71E-20,5.38E-20
LOC681410,1.225582311,2.06E-117,3.61E-116
Erh,1.675112289,6.24E-156,1.66E-154
Ndufb10,-0.342237578,1.67E-06,3.17E-06
Rps27l,0.634615122,9.72E-24,3.34E-23
Rgmb,-2.193763386,3.30E-41,1.72E-40
Rnf13,-1.132433207,4.86E-54,3.28E-53
Lysmd4,-0.721046859,2.31E-22,7.67E-22
LOC681658,0.774663493,5.97E-18,1.76E-17
Ints6l,0.989642686,1.95E-36,9.13E-36
Liph,4.479300006,4.14E-63,3.33E-62
Tmem41a,-0.612168292,1.40E-11,3.32E-11
Jarid2,0.915165435,1.42E-21,4.61E-21
Erich5,3.519133107,7.60E-44,4.21E-43
Mlip,1.87304104,0.000153615,0.00025855
Utf1,-3.625786383,8.51E-08,1.72E-07
Gstz1,-2.810841233,2.65E-66,2.24E-65
Ism2,-0.91891214,2.88E-06,5.41E-06
Tmed8,-0.909336037,6.40E-48,3.86E-47
Mpnd,0.23563556,0.00166938,0.002602738
Ahsa1,0.407176476,2.23E-32,9.53E-32
MGC93861,-2.566529307,1.58E-28,6.11E-28
Ppp2r3b,1.383531558,2.96E-62,2.34E-61
LOC682054,2.25504333,8.68E-09,1.84E-08
Nom1,-0.144733572,0.000426651,0.000695889
Taf4,0.741750309,9.38E-43,5.06E-42
Reep2,2.257131659,2.87E-42,1.53E-41
LOC682206,-1.242627708,2.29E-72,2.14E-71
LOC682225,-1.464722017,2.84E-12,6.92E-12
LOC682313,5.331888428,2.99E-20,9.37E-20
Nkx3-2,-1.98891823,0.005652513,0.008405747
Fam167b,1.081213159,2.17E-11,5.12E-11
Eif3i,1.128896359,3.00E-147,7.34E-146
Tmem234,0.320595362,6.82E-05,0.000117762
Cdsn,-2.255230022,2.24E-20,7.02E-20
Dcdc2b,-0.674582657,0.020722674,0.029173864
Ccdc28b,0.769384401,1.94E-15,5.28E-15
Txlna,0.12627267,0.030853347,0.042604808
Kdm3b,0.201508928,2.60E-05,4.62E-05
Wasl,-0.869747922,6.79E-84,7.55E-83
LOC682538,5.865183233,5.82E-41,3.01E-40
LOC682553,7.559509207,1.11E-68,9.75E-68
LOC682707,5.723533821,5.66E-29,2.22E-28
LOC682708,2.791198849,2.90E-06,5.44E-06
LOC682773,8.668067507,3.30E-141,7.58E-140
Sumo4,0.799129586,5.67E-06,1.05E-05
Dcaf12,2.707900871,1.05E-178,3.48E-177
Tspo2,10.46310474,0,0
LOC682830,5.837368412,5.16E-24,1.79E-23
Muc5ac,-0.859136177,0.039341289,0.053656941
Rab42,-0.539908852,4.43E-05,7.74E-05
LOC682870,-0.480766768,7.23E-07,1.40E-06
Taf12,0.630322774,7.64E-47,4.51E-46
Rcc1,2.705247826,0,0
Zfp326,-0.830683841,5.40E-69,4.78E-68
Phactr4,0.873601129,7.22E-23,2.43E-22
Cacna1s,3.305983148,7.17E-07,1.39E-06
Wasf3,-1.26336429,0.00664751,0.009815329
Zfp551,1.885330795,1.77E-05,3.17E-05
Tmx3,-0.361290958,3.38E-06,6.31E-06
Nudt13,0.395983333,1.14E-06,2.19E-06
Med18,0.315131868,3.35E-07,6.59E-07
Aida,-0.197747613,0.001641714,0.002562439
Mia3,-1.020924573,6.45E-47,3.81E-46
Pja1,-1.01515307,2.27E-41,1.19E-40
LOC683192,0.408627807,0.000859812,0.001372286
Tnfaip3,-0.56129485,1.80E-15,4.90E-15
LOC683212,-1.668132957,0.00064715,0.001042431
Sin3b,-0.130287209,0.003090145,0.004708671
Ap3s2,-0.350345106,9.65E-12,2.31E-11
Rp1l1,-2.961662829,4.09E-10,9.16E-10
Ankrd33,-3.100110673,2.43E-23,8.27E-23
Prss55,-0.997968522,0.000123918,0.000209954
LOC683422,-0.743168165,0.003031904,0.004623736
LOC683456,0.729690015,0.000665916,0.001071668
Proser2,1.79512277,3.21E-44,1.79E-43
Lilrb3a,1.799197695,1.31E-36,6.19E-36
Gas1,-2.347367811,4.54E-55,3.13E-54
Zfp639,-0.320491865,5.05E-11,1.17E-10
Fam83c,-4.240566817,8.24E-33,3.56E-32
Uqcc1,-1.232924678,7.20E-70,6.47E-69
Ppp1r42,-2.754433356,1.41E-30,5.75E-30
Tead4,-0.7444753,0.000425171,0.000693591
Gnpda1,0.188740874,0.00084036,0.001342035
LOC683573,-0.549629939,4.68E-07,9.16E-07
Jmy,-0.737578338,1.96E-20,6.17E-20
Sri,1.716613211,3.52E-101,5.01E-100
LOC683674,0.635570145,1.29E-31,5.38E-31
Fam156b,-1.893349366,1.16E-21,3.77E-21
Snx9,-1.34862668,7.96E-67,6.78E-66
Gal3st1,0.907737525,0.022711796,0.03183784
Krt79,3.565647043,5.94E-45,3.37E-44
Cep43,0.935071834,1.33E-82,1.45E-81
Prr32,-4.73553574,2.21E-141,5.10E-140
Klrb1c,1.153828138,5.89E-10,1.31E-09
Fscn1,-0.922736493,1.72E-08,3.59E-08
Ccdc160,-3.874275161,4.06E-25,1.45E-24
Mtres1,-0.272401852,0.011407741,0.016465975
Bend3,-0.162157016,0.036462284,0.049946761
Cstf2,0.802010657,6.06E-29,2.38E-28
LOC683961,0.503454756,2.55E-05,4.52E-05
Nup43,1.304275889,1.20E-110,1.93E-109
Cryga,1.057514095,0.004926733,0.007369424
Rnpepl1,-0.433550247,1.40E-10,3.20E-10
PCOLCE2,-3.355099503,5.13E-19,1.55E-18
Snx3,2.000390054,1.56E-177,5.08E-176
E2f2,7.071908171,0,0
Sik3,-0.761627488,9.74E-48,5.84E-47
Asap3,-3.212955812,9.68E-122,1.80E-120
Lsm2,2.121639648,2.34E-241,1.34E-239
Traf5,-0.829486119,1.41E-31,5.89E-31
Trim68,-1.495887427,4.88E-66,4.11E-65
Rcor3,-0.762746195,1.96E-52,1.29E-51
Rbm15,2.003083835,1.22E-130,2.51E-129
Chchd7,0.234942807,9.88E-05,0.000168726
Rusc2,-1.268618696,8.48E-23,2.85E-22
LOC684270,-1.542039867,3.06E-70,2.77E-69
Mtif3,-0.284567528,1.63E-09,3.57E-09
Kdm7a,1.129529643,1.96E-53,1.30E-52
Glyctk,-1.101743892,4.16E-10,9.31E-10
Kcmf1,0.392573587,4.45E-07,8.71E-07
LOC684327,-4.904931733,6.99E-188,2.56E-186
Twf2,1.432599024,3.67E-76,3.67E-75
LOC684395,-3.161504806,2.11E-06,3.98E-06
Adssl1,3.237995472,3.35E-17,9.65E-17
Cenpo,3.067819444,3.76E-298,3.12E-296
Tlr8,0.383966546,0.000808515,0.001292645
Pin4,0.370910267,7.18E-12,1.72E-11
LOC684466,-3.888586556,4.33E-31,1.79E-30
LOC684471,-3.741916308,9.45E-17,2.69E-16
Btnl9,-2.877142289,3.02E-46,1.76E-45
LOC684509,0.285124254,0.028520981,0.039537262
Kcnc4,2.939390405,1.61E-08,3.38E-08
Crtc1,-1.376054502,2.14E-70,1.94E-69
Ctso,-1.522996556,8.82E-108,1.37E-106
Gba,-0.736125295,2.33E-20,7.32E-20
Echdc3,-2.326661981,4.88E-31,2.01E-30
Nlrp2,3.208956762,1.26E-06,2.42E-06
Gp6,5.473885758,2.78E-168,8.34E-167
Upf1,0.416663118,2.19E-22,7.26E-22
Gpr52,1.40958131,2.47E-14,6.48E-14
H1f2,1.345828889,1.47E-56,1.04E-55
LOC684709,1.970309661,0.032928945,0.045346084
LOC684715,1.87239983,0.000696507,0.001119011
Zfpl1,-0.523476534,2.73E-24,9.52E-24
H3c13,3.438795831,2.33E-76,2.33E-75
LOC684764,-3.141746656,2.76E-15,7.49E-15
Cdca5,5.332671122,0,0
LOC684773,3.623714728,2.83E-47,1.68E-46
Plekha2,1.501823633,6.10E-80,6.42E-79
LOC684792,-1.376438925,5.17E-09,1.10E-08
LOC684797,7.663537046,1.90E-91,2.34E-90
Smap1,0.47280205,1.57E-22,5.25E-22
Arhgef10l,-0.630381313,8.72E-09,1.85E-08
H4f3,1.747456204,1.03E-32,4.45E-32
Ttc32,1.211569726,3.27E-60,2.49E-59
LOC684842,-1.972324284,1.83E-05,3.27E-05
LOC684871,-2.278267351,6.28E-24,2.17E-23
Zfp449,-0.700467498,5.07E-21,1.62E-20
Dhx34,0.230517185,0.002781461,0.004257606
LOC684925,1.987106334,2.27E-39,1.14E-38
LOC684932,-2.004293512,0.001150201,0.001815383
Potef,0.617502146,3.40E-07,6.69E-07
LOC684970,1.256992591,4.30E-30,1.73E-29
LOC684976,1.865941834,4.57E-09,9.78E-09
Tsc22d4,1.336459399,8.83E-198,3.51E-196
Cd300lg,-5.8214335,3.18E-212,1.42E-210
LOC684988,0.770397541,5.38E-48,3.25E-47
Ppp1r35,1.460779904,1.65E-86,1.90E-85
Mplkip,0.732317944,9.68E-42,5.11E-41
Cnpy1,7.854734444,4.37E-144,1.03E-142
Itga9,-0.4019975,0.001851065,0.002874641
Ndufv3-ps1,-0.633872058,6.71E-06,1.23E-05
Gpx2-ps1,3.807159352,1.41E-09,3.08E-09
Abracl,1.106657199,1.64E-39,8.21E-39
Erich4,-0.743163843,0.027806405,0.03859732
Atr,0.317205585,1.60E-05,2.88E-05
Msrb1,1.02011233,6.67E-32,2.81E-31
LOC685060,2.963256099,8.75E-05,0.000149927
LOC685067,-1.983871823,2.80E-76,2.80E-75
Rarg,-1.276888845,6.72E-71,6.16E-70
Pgm2l1,0.345092236,1.81E-06,3.42E-06
LOC685078,-1.156586815,5.51E-14,1.43E-13
LOC685081,-1.521798428,6.87E-15,1.84E-14
Zfp318,-1.366969708,2.52E-100,3.54E-99
LOC685085,0.692952724,1.58E-29,6.27E-29
She,-0.927311008,1.94E-30,7.90E-30
Nkx6-3,-2.578394325,3.06E-11,7.18E-11
Gkn3,-4.500339818,1.34E-30,5.47E-30
LOC685130,7.84247041,9.09E-81,9.67E-80
Spint3,-3.405023401,2.20E-14,5.78E-14
LOC685138,0.671602432,0.000101734,0.000173479
Sec24c,-0.351314388,6.43E-45,3.64E-44
Atp8b2,-1.519922802,3.80E-52,2.48E-51
Wfdc6a,-3.50852003,9.68E-26,3.50E-25
LOC685157,3.61754002,1.97E-252,1.22E-250
Eppin,-3.610669793,4.03E-13,1.01E-12
Wfdc8,-2.818332807,0.001530236,0.002393112
Smarcc2,-0.732310963,3.28E-65,2.73E-64
Stx19,-1.308176098,7.89E-11,1.82E-10
Efcc1,-2.854196551,6.60E-64,5.37E-63
LOC685203,2.694505259,1.10E-24,3.86E-24
Wfdc10a,-4.140251631,0.042816403,0.05812594
Tal2,-3.970725226,2.48E-37,1.19E-36
Atp6v1a,0.489779642,3.51E-10,7.88E-10
Ackr4,-1.413449402,2.17E-26,7.99E-26
Iqsec2,-1.716113539,2.98E-52,1.94E-51
LOC685254,-1.532724176,5.99E-06,1.10E-05
Eny2,0.275120723,2.58E-10,5.84E-10
RGD1560262,1.776064594,2.63E-13,6.66E-13
Itga2b,5.454876272,0,0
LOC685273,0.645716879,3.75E-25,1.34E-24
LOC685275,4.595387575,4.43E-126,8.58E-125
Ildr2,-3.816821079,9.96E-21,3.16E-20
LOC685279,0.677229941,0.02104837,0.029604211
Hspb11,-1.317725822,5.29E-43,2.87E-42
LOC685302,1.711833569,6.93E-05,0.000119625
Ddo,-3.517280875,1.26E-42,6.80E-42
Rpp30,1.327065786,1.28E-116,2.22E-115
Baiap2l2,1.824349054,1.52E-46,8.90E-46
En1,-1.614420775,0.000172113,0.000288716
Ankrd13c,-0.098767903,0.017139811,0.024351159
Dppa4,-0.882845706,7.96E-05,0.000136734
Rnf180,-2.511356939,1.17E-12,2.88E-12
S100a14,-0.533550461,0.037751388,0.05162416
Arl14epl,1.736650068,2.45E-06,4.61E-06
Ppp1r26,-0.36325015,0.001867304,0.002899555
Gal3st2,-5.16434123,1.43E-44,8.03E-44
Fam53c,0.137515783,0.001927143,0.002988708
Odf2l,2.110445779,5.51E-117,9.62E-116
LOC685431,0.23542731,0.049263586,0.066409092
Evi2a,2.226366945,2.49E-68,2.17E-67
Pcp4l1,-1.850656877,4.51E-10,1.01E-09
Gng13,-1.591655954,0.000359484,0.000589587
LOC685453,0.68278913,0.003276135,0.004984119
Emid1,0.719697986,4.23E-08,8.69E-08
Polr3g,0.601572613,2.99E-09,6.45E-09
Zfp385a,-0.435850343,0.000125834,0.000213065
LOC685475,2.62329243,0.001180143,0.001861054
S100a7a,-1.87143137,0.004307064,0.00648053
Znrf3,-1.101728035,4.20E-12,1.02E-11
Prr23d1,-1.70308587,0.039638949,0.054030531
Clgn,4.580937041,2.45E-146,5.94E-145
LOC685511,0.947769369,0.033855638,0.046570196
Gng14,1.917266731,0.000266606,0.000441271
LOC685515,0.694510485,3.91E-12,9.48E-12
Frg2,4.516407811,3.06E-17,8.85E-17
Mcrip2,-1.171970327,5.87E-17,1.68E-16
Ppil6,-2.568311944,1.73E-44,9.72E-44
LOC685572,0.681692577,0.008878799,0.012947082
Zfp334,-1.573972706,8.20E-20,2.54E-19
Rrm1,3.441733928,0,0
Snrpel1,1.056078792,3.02E-11,7.08E-11
Pfdn2,-0.285142797,2.25E-07,4.46E-07
Zfp59,0.754401637,7.35E-05,0.000126501
Phldb2,-2.112128529,6.18E-49,3.80E-48
Col26a1,4.258564317,2.98E-33,1.30E-32
LOC685619,-0.192103768,0.000281551,0.000465096
Smim12,-1.562868501,4.46E-99,6.18E-98
Ropn1l,4.45549811,4.48E-59,3.33E-58
Kti12,0.397985356,1.53E-15,4.19E-15
Dnal1,-1.827416003,5.94E-44,3.30E-43
Nme4,0.676346228,3.31E-09,7.15E-09
LOC685680,4.006398033,8.58E-96,1.13E-94
Eid2,-0.937836678,1.51E-11,3.58E-11
Gcsam,2.364298581,5.73E-52,3.72E-51
Macrod2,-3.905640494,6.98E-36,3.23E-35
Supt3h,-0.71498819,2.66E-17,7.70E-17
LOC685700,2.604354774,0.001052319,0.001666764
Nav1,-2.744366779,1.81E-176,5.84E-175
Rpl29-ps1,1.832915053,0.002677938,0.004104452
LOC685718,1.737306885,4.20E-09,9.01E-09
Dand5,2.84631694,2.40E-52,1.57E-51
Cib3,1.184486085,0.021890718,0.030746491
Pcbd2,-0.701337664,6.56E-19,1.98E-18
Hoxa6,-3.594796959,4.67E-103,6.84E-102
Aldh8a1,-1.9984528,1.86E-10,4.22E-10
A4gnt,2.932544247,5.07E-07,9.89E-07
LOC685767,4.407671594,1.98E-16,5.57E-16
LOC685772,-0.474140296,1.81E-06,3.43E-06
LOC685776,1.492829359,2.30E-05,4.09E-05
Pdha1l1,-0.99112776,4.22E-16,1.18E-15
Ddr2,-1.612699395,2.07E-28,8.00E-28
Cnpy2,-0.331146324,9.53E-22,3.11E-21
Xpnpep3,-0.680678492,1.07E-28,4.18E-28
Rprml,-1.636956656,1.74E-05,3.12E-05
Znf740,-0.344228001,1.06E-11,2.53E-11
LOC685849,-2.007049711,1.04E-06,2.00E-06
Ubxn2a,1.131659129,4.03E-58,2.94E-57
Lrr1,7.069938764,7.70E-213,3.44E-211
Myl6,-0.337008161,2.25E-08,4.69E-08
Otogl,0.816669038,0.014112973,0.020209013
Jazf1,-0.978587469,2.71E-22,8.97E-22
Syndig1l,-3.292303562,1.33E-11,3.16E-11
Sdhaf4,-0.890636174,1.30E-34,5.88E-34
Srrm3,-1.95145082,1.25E-11,2.98E-11
Svep1,-5.530675534,8.43E-201,3.45E-199
Enthd1,-0.938335232,0.03082716,0.042572622
H2az2,2.345332892,0,0
Rsl1,0.521326674,1.10E-07,2.23E-07
Zc3h10,0.506061435,2.17E-23,7.37E-23
LOC685933,-0.548644765,5.66E-15,1.52E-14
Pfn3,3.75607233,3.01E-06,5.64E-06
Ccl26,1.236400673,0.021754051,0.030558967
Sirpb2l1,4.188185883,1.18E-68,1.03E-67
LOC685963,0.581800363,0.000422083,0.000688667
LOC685984,-1.043963898,9.81E-07,1.88E-06
LOC685989,-0.812878456,0.039149668,0.05342022
Tnfrsf22,-1.48041295,1.21E-08,2.54E-08
Casq1,3.300589734,5.98E-16,1.66E-15
LOC686026,2.606537836,0.00015077,0.000253907
LOC686030,1.647961969,0.022393688,0.031415728
LOC686066,-2.44852118,1.72E-16,4.85E-16
Robld3-ps1,1.135623475,1.68E-09,3.67E-09
LOC686074,1.197285587,2.33E-08,4.85E-08
Gapt,3.639238325,1.92E-81,2.05E-80
Ccdc13,-0.864421043,0.008038274,0.011775988
Tmem258b,0.900976032,0.006424118,0.009498282
Sorbs1,-3.735159229,1.88E-170,5.74E-169
LOC686099,-1.670475306,0.000121741,0.000206371
Frg1,0.518095977,1.60E-33,7.02E-33
Eif4e1b,3.764259765,9.82E-10,2.16E-09
Meis1,-1.61193927,5.92E-52,3.84E-51
Abhd11-as1,-1.54551412,2.06E-11,4.86E-11
Hmcn2,-6.323606457,4.59E-39,2.28E-38
Fam47e,-1.356770723,0.00012065,0.00020458
LOC686142,4.224893131,4.65E-13,1.17E-12
LOC686150,2.184657933,4.88E-11,1.13E-10
LOC686151,1.913680462,9.02E-12,2.16E-11
Ttc39c,0.670619522,3.91E-11,9.12E-11
Cabyr,0.426899166,0.004033176,0.006083901
Mtrf1,-0.573446852,1.44E-09,3.14E-09
Naa16,0.885487503,4.94E-53,3.26E-52
Psors1c2,2.185737944,0.000494669,0.000802847
Wdr82,0.453099621,2.17E-23,7.40E-23
Ppm1m,-1.32902785,5.81E-115,9.85E-114
Ephb4,-2.278479258,5.64E-141,1.29E-139
Trip6,-0.373669227,7.23E-06,1.33E-05
Ifnar2,-0.135596219,0.023136381,0.032413065
Pradc1,0.696264154,1.02E-17,2.98E-17
Calm-ps2,0.777529483,6.78E-06,1.25E-05
Atg4d,3.250324473,0,0
Lyrm7,-1.98442506,2.18E-76,2.18E-75
Islr,-2.163306279,2.18E-32,9.33E-32
Iqsec1,-1.477741597,2.92E-70,2.65E-69
Tbl2,-0.222246292,0.000607992,0.00098085
Sinhcaf,1.086998053,7.97E-32,3.36E-31
LOC686707,1.966498454,2.20E-10,4.98E-10
Vhll,-1.412473473,0.019733168,0.027855046
Npnt,-1.548392908,3.25E-48,1.97E-47
Ipo8,-0.500266991,1.30E-41,6.86E-41
Caprin2,-0.981713691,2.42E-43,1.32E-42
Ppp1r13l,-0.827398694,2.78E-14,7.28E-14
Exoc3l2,0.408195137,0.022023837,0.030923266
Larp7,0.338915464,7.94E-12,1.90E-11
Gstt4,3.264233575,0.001903486,0.002953104
LOC686940,0.916106647,0.008772665,0.012799888
RGD1624210,-1.84029948,1.02E-06,1.96E-06
Srrt,1.039901948,1.12E-62,8.89E-62
Hdac9,0.95930147,2.47E-21,7.96E-21
Pcca,-2.445847671,2.23E-185,7.96E-184
Sec22c,0.844297431,3.00E-30,1.21E-29
Ss18l2,0.405421043,2.05E-07,4.07E-07
Muc3,3.613437953,1.46E-09,3.19E-09
Col25a1,1.762250434,7.90E-11,1.82E-10
Tprg1l,0.617957749,4.38E-25,1.56E-24
Arhgef16,-5.015876464,1.43E-69,1.28E-68
Dedd2,2.780924212,0,0
Zfp526,-0.344564312,4.71E-11,1.09E-10
Ric3,-2.578158584,6.55E-56,4.59E-55
Kri1,0.396286718,3.08E-11,7.21E-11
Gid4,-1.080652625,1.47E-24,5.15E-24
Vps37d,1.284245233,8.73E-12,2.09E-11
Fpgs,-0.512913641,2.21E-09,4.79E-09
Timm50,-0.478500503,1.11E-14,2.95E-14
Brap,-0.175314617,0.000163351,0.000274438
Tvp23b,-0.351786911,5.08E-11,1.18E-10
Dtx1,-1.141067133,0.001145866,0.00180912
LOC687490,2.013182655,4.31E-11,1.00E-10
LOC687508,-1.136189676,2.29E-20,7.18E-20
LOC687527,-1.01948979,0.000217366,0.000362041
LOC687532,-2.205159519,1.49E-13,3.81E-13
Foxf1,-3.357665199,3.74E-14,9.77E-14
Mthfsd,-0.515288268,1.22E-11,2.92E-11
Foxl1,1.830331084,0.004126256,0.006218919
Denr,0.176993036,6.26E-05,0.000108271
U2af1,0.898553471,1.36E-119,2.46E-118
Ube3b,0.318153098,1.83E-05,3.28E-05
LOC687679,1.353325273,1.16E-17,3.38E-17
Stambpl1,2.584323195,1.03E-83,1.14E-82
LOC687707,-1.727223899,3.22E-19,9.84E-19
Snrpd3,0.921913485,9.22E-92,1.14E-90
Gucd1,0.879423377,1.18E-47,7.09E-47
Naif1,0.429590837,2.58E-08,5.36E-08
Fam102a,0.799993564,8.78E-13,2.18E-12
LOC687780,0.996367647,4.60E-29,1.81E-28
Tmem233,1.892151937,0.003502092,0.005315031
Slc16a9,-1.774172729,2.08E-32,8.87E-32
Traf1,-0.689750312,4.64E-12,1.12E-11
Haspin,2.731726995,1.19E-188,4.41E-187
Mmab,-1.148871608,2.70E-18,8.04E-18
Myo1h,-2.278762148,2.29E-33,1.00E-32
Saal1,1.383643796,0.000678991,0.001091997
LOC688014,1.028171186,0.005045747,0.007536776
Zfp106,-0.395421704,0.000559068,0.000904141
Suz12,1.570981145,1.22E-188,4.54E-187
Lyc2,2.942070242,7.09E-26,2.58E-25
LOC688064,1.257102132,7.70E-12,1.85E-11
Mbtd1,0.408103625,6.55E-17,1.87E-16
Rsad1,-0.791654279,6.27E-35,2.85E-34
B4galnt2,0.330767977,0.012841884,0.018453191
Prr15l,-4.773513982,7.85E-34,3.47E-33
Tcap,5.55816242,4.05E-21,1.29E-20
Pgap3,-0.250842371,0.000296801,0.000489332
Myl4,-1.770854001,5.94E-17,1.70E-16
LOC688229,1.915569435,0.043276138,0.058712339
Rnf157,1.058042194,5.05E-15,1.36E-14
Tmc8,3.086444926,1.29E-189,4.80E-188
Tmc6,1.836243951,8.16E-140,1.85E-138
LOC688282,9.025930118,2.71E-181,9.23E-180
Afmid,1.995928487,7.49E-46,4.32E-45
Tmem235,5.139764419,1.13E-121,2.09E-120
LOC688286,-2.361510607,4.96E-56,3.49E-55
Eif4a3,0.518552704,5.29E-72,4.93E-71
Card14,-2.206946241,8.95E-16,2.46E-15
Sgsh,-0.360467514,2.81E-05,4.97E-05
Pde6g,3.87246982,5.18E-55,3.56E-54
Ccdc137,0.921015178,1.44E-38,7.08E-38
Tspan10,2.738450838,0.000238624,0.000396375
Arl16,0.214586437,0.000138557,0.000233912
Cenpx,0.862771174,6.19E-59,4.59E-58
Lrrc45,-0.125773333,0.013513515,0.019374064
Ptchd3,-1.082153179,2.26E-05,4.03E-05
Mab21l1,2.253696864,7.98E-27,2.97E-26
Edil3,3.390520603,3.19E-44,1.78E-43
Cdk2ap2,-0.790627316,5.02E-34,2.23E-33
Mettl27,0.70336319,1.55E-13,3.96E-13
Lce1m,-1.972191837,0.028469847,0.039470076
Rpl31l1,2.356472173,0.00185133,0.002874901
Arhgap10,-1.053852942,5.63E-38,2.74E-37
LOC688430,0.401394975,2.38E-05,4.23E-05
LOC688432,0.616523179,3.07E-07,6.05E-07
Dydc1,3.977906314,2.90E-12,7.06E-12
Rps2-ps7,1.302059209,0.004806339,0.00719698
LOC688442,1.00929346,0.011331526,0.016359957
LOC688443,-2.859670112,1.42E-07,2.84E-07
Spaca6,-3.440236001,5.48E-125,1.05E-123
LOC688459,4.20311917,1.39E-23,4.77E-23
Usp21,0.651087813,1.70E-55,1.18E-54
Commd2,-0.120608291,0.002962504,0.004523029
Efcab9,1.317742524,0.005723971,0.008506881
Smim7,-0.982975912,6.19E-113,1.02E-111
Ripor3,0.598070712,1.88E-05,3.35E-05
Mmut,-1.652332475,8.13E-68,7.03E-67
Pabpc5,-3.399588892,6.18E-15,1.66E-14
Glyatl3,4.600719795,4.68E-18,1.38E-17
Mast3,1.126242509,2.33E-43,1.28E-42
LOC688553,3.582540029,1.65E-28,6.38E-28
Atg10,-0.205217132,0.019954543,0.028148732
Elmod2,-0.67321427,2.57E-12,6.27E-12
Tcf23,-5.532611911,3.34E-65,2.78E-64
Higd2al1,-0.592175502,0.000180657,0.000302757
Cetn4,-1.028132533,7.84E-12,1.88E-11
LOC688613,3.006102356,0.027007086,0.037544177
LOC688614,-0.577593239,0.008474557,0.012382639
Gxylt2,-2.375660654,5.39E-73,5.10E-72
Tslp,-2.438332677,1.28E-37,6.17E-37
Il31ra,-4.619559689,2.64E-77,2.67E-76
Kat6b,-1.281107664,1.37E-157,3.71E-156
Wdr36,0.155596608,0.005040899,0.007530295
Wbp2nl,3.424691848,1.04E-15,2.85E-15
Pomt2,-1.991318348,7.09E-75,6.94E-74
LOC688682,2.238026957,4.01E-07,7.87E-07
LOC688684,0.744832225,3.74E-22,1.23E-21
Pheta2,3.17411882,1.45E-266,9.98E-265
Ckmt2,4.551311945,1.31E-06,2.51E-06
Prdm12,3.751396185,3.53E-14,9.23E-14
LOC688708,-2.111011486,1.33E-11,3.15E-11
Slirp,0.217843075,0.003204449,0.004877067
Lrfn4,0.617059794,3.67E-11,8.56E-11
Gpr84,7.317655717,3.79E-88,4.45E-87
MGC116202,-0.529436417,0.000940448,0.001495256
Gpr171,0.665813663,0.000636162,0.001025066
Hdhd3,-0.808307594,1.25E-07,2.51E-07
Tulp3,-2.016106864,2.60E-45,1.48E-44
Tmem200b,-2.628821492,2.16E-40,1.10E-39
LOC688765,-1.032934757,3.03E-17,8.76E-17
Grpel2,1.960618954,7.79E-163,2.21E-161
Rpl27-l1,0.754782688,1.73E-14,4.57E-14
Trim8,-0.555058334,3.54E-22,1.17E-21
Mcidas,3.539724712,9.84E-06,1.79E-05
Dda1,0.158638708,0.00094346,0.001499964
Tbx10,-1.405569195,1.70E-18,5.10E-18
LOC688839,-3.212762568,2.09E-09,4.55E-09
Fam155b,-0.929954695,0.042442444,0.057647365
Nap1l5,-1.160401206,1.44E-05,2.60E-05
Zbtb32,1.970968045,2.53E-37,1.21E-36
Ip6k3,1.781463685,0.0016551,0.00258197
LOC688867,1.10909991,9.87E-09,2.09E-08
LOC688879,2.479002059,4.36E-11,1.02E-10
Gpr152,0.965672477,0.016238165,0.023122347
Slfn1,1.164414308,2.21E-13,5.62E-13
Nme5,-2.662804424,1.33E-31,5.58E-31
Mtx3,-1.415487255,7.20E-127,1.41E-125
Mrps16,-0.617192746,7.15E-32,3.01E-31
Cmya5,1.443569189,0.005093178,0.007605703
LOC688925,1.666504702,3.72E-05,6.53E-05
LOC688932,0.224852138,0.039322968,0.053641845
LOC688936,1.83512077,0.028358555,0.039328684
Ccdc149,-2.200848485,6.82E-39,3.38E-38
Cd209c,-1.983441269,0.001729459,0.00269385
LOC688961,2.889773355,2.62E-34,1.17E-33
Borcs8,0.58644441,1.06E-37,5.14E-37
Ecd,-0.218583694,2.02E-07,4.03E-07
Gypa,12.78996808,0,0
LOC688977,-1.517475276,0.011368911,0.016412329
Kctd7,2.208659276,4.27E-165,1.24E-163
Kcnk16,-1.832413846,0.003980523,0.006009686
Hoxd9,-4.160234505,1.83E-59,1.37E-58
LOC689002,-2.232932147,0.020681881,0.029124751
Fbn2,1.468166423,0.000412212,0.000673156
Tm6sf2,-1.492769843,2.44E-19,7.48E-19
Tbpl1,0.889155081,5.74E-89,6.81E-88
Cyb5rl,-1.683111153,1.59E-44,8.93E-44
LOC689039,-1.234143902,1.70E-20,5.36E-20
Cenatac,-0.422025548,1.83E-07,3.64E-07
Fam187b,-1.342346976,0.001417081,0.002221671
Rad51ap1,3.488219836,0,0
Hbb-bs,7.233937447,0,0
LOC689065,-3.214570071,3.37E-17,9.73E-17
Parvg,3.17733787,1.84E-90,2.22E-89
LOC689073,-3.737253673,2.06E-39,1.03E-38
Camsap3,2.583219666,3.92E-28,1.51E-27
Arl15,-0.432494035,7.56E-10,1.67E-09
Ldlrad1,-0.29513137,0.004008494,0.006049137
Khdc1,-1.414329927,0.00771548,0.011321599
LOC689100,1.457699316,9.64E-05,0.000164739
Ncbp2,-0.630187809,4.50E-29,1.77E-28
Septin14,-1.698437659,0.00089428,0.001425068
LOC689131,0.588351213,0.011424749,0.016488915
Sec61g,3.102014394,5.75E-302,4.92E-300
Snx29,-0.229995375,0.004017375,0.006060994
Gabarapl1,-1.944434286,6.57E-62,5.16E-61
Zbtb34,0.675760026,1.31E-12,3.22E-12
Tmem64,0.544209454,0.007060486,0.010400708
LOC689189,1.268775612,6.05E-05,0.000104847
Kin,0.82951206,6.82E-35,3.10E-34
Prob1,-1.697625034,1.94E-08,4.04E-08
Spdef,-1.451913505,0.00223311,0.003441926
LOC689217,-1.469679418,0.017582143,0.024947248
Ube2r2,0.451375636,1.59E-12,3.90E-12
LOC689229,-0.425650021,0.003205442,0.004878327
LOC689230,10.22413593,6.29E-175,2.00E-173
Nxnl2,-4.5944889,1.15E-16,3.25E-16
LOC689238,-3.141532782,1.88E-07,3.76E-07
Ecscr,-2.362119118,5.84E-40,2.96E-39
Rspry1,0.441983927,9.13E-13,2.26E-12
Nbeal1,-1.686601141,6.96E-127,1.37E-125
Tpd52l1,2.392805049,1.42E-77,1.44E-76
Adgrd1,-5.196077413,3.65E-199,1.46E-197
LOC689258,-3.498200987,2.53E-09,5.47E-09
LOC689268,1.234694826,0.007447458,0.010944049
Myoz3,3.216059066,1.05E-07,2.12E-07
Rpl38,1.217145171,1.16E-88,1.37E-87
Mis18bp1,3.576197248,0,0
LOC689303,-1.395233131,8.94E-09,1.89E-08
Mapk11,-2.044209943,4.32E-26,1.58E-25
LOC689316,-1.352759579,1.08E-25,3.90E-25
Shisal2a,-2.240982438,0.002799322,0.004282801
Chmp1b,0.27757355,6.37E-15,1.71E-14
Tktl1,1.560696877,0.000481695,0.000782519
Rab20,0.886395513,2.62E-21,8.44E-21
LOC689394,1.694414539,0.000508913,0.000824834
Znrd2,0.523956611,9.74E-17,2.77E-16
Cenpw,6.572249702,0,0
Amtn,1.882350585,2.32E-07,4.60E-07
LOC689408,2.111916085,8.11E-19,2.45E-18
Slc25a42,-0.6051397,2.11E-08,4.40E-08
Sntb2,-1.200517403,4.99E-129,1.00E-127
Mrps21,0.559885761,1.27E-34,5.74E-34
Tbc1d22a,-0.813626727,3.51E-80,3.70E-79
LOC689448,1.129730106,4.36E-06,8.10E-06
LOC689481,1.617814877,0.006508707,0.009618543
Frg1l1,1.251159168,1.05E-08,2.23E-08
LOC689488,1.098089164,5.07E-05,8.83E-05
Stum,-1.37755585,8.44E-10,1.86E-09
Mcts2,-0.643915445,6.96E-09,1.48E-08
LOC689512,1.961342299,0.000346395,0.000568624
LOC689519,-1.555281647,0.00656091,0.009692782
Lin9,2.361656817,2.14E-161,6.01E-160
Bnip5,-3.911527237,1.92E-63,1.55E-62
Spink13,-2.392731181,4.47E-05,7.80E-05
Stmp1,2.201365172,1.02E-85,1.16E-84
Eif5b-ps1,0.896799454,2.20E-08,4.59E-08
Oaz3,-3.170933897,1.93E-10,4.38E-10
LOC689590,1.393680205,4.87E-05,8.48E-05
Dnajb2,1.98169192,3.91E-163,1.11E-161
Mtmr11,-2.407435423,5.04E-55,3.47E-54
Apcdd1,-3.570959757,0,0
Slc25a45,-1.317126919,4.42E-51,2.82E-50
Pdcd2l,0.241477028,0.000583782,0.000942925
Tdrd12,-1.52026714,1.22E-05,2.21E-05
Aunip,5.937373972,0,0
LOC689660,-2.389434533,5.52E-07,1.08E-06
Atg2a,0.151136623,0.017168916,0.024390166
Gapdh-ps2,1.027970687,3.15E-08,6.51E-08
Prdm13,-1.995124971,0.006144461,0.009107101
Heg1,-3.433506735,1.75E-204,7.46E-203
Rflna,2.243140465,1.04E-57,7.55E-57
Tmed11,-1.162390452,0.000281912,0.000465666
LOC689728,1.039549523,9.36E-27,3.48E-26
Hmgb1-ps3,1.094381981,0.001329866,0.002088699
Ttll11,-0.55147196,0.01633586,0.023254744
Ces3a,-2.926832915,1.62E-19,4.98E-19
Ccdc167,0.37127657,1.36E-10,3.11E-10
LOC689757,0.960724713,0.006179696,0.009157489
B3glct,-0.720634361,2.73E-58,2.00E-57
LOC689766,1.116438982,0.013484627,0.019336397
LOC689770,1.720078466,1.18E-08,2.49E-08
Tctn2,-1.623748868,1.55E-47,9.26E-47
Prdm5,-2.757464612,1.38E-43,7.60E-43
LOC689803,0.45707902,8.20E-05,0.000140708
Kmt5a,0.425221293,2.27E-12,5.55E-12
Rad21l1,1.184302765,0.0051432,0.0076773
Anxa9,-1.049610768,2.47E-05,4.39E-05
Maml2,-1.349463279,6.62E-99,9.13E-98
Psmf1,2.116863373,1.37E-200,5.60E-199
Tas2r140,3.356981161,8.53E-28,3.26E-27
Skint10,-2.979605818,2.69E-09,5.83E-09
Setdb1,0.246245694,6.70E-06,1.23E-05
Klrg2,-1.26727503,4.24E-32,1.80E-31
Srsf1,1.04306343,1.05E-103,1.55E-102
Crygs,0.873198761,0.000683177,0.001098429
LOC689899,1.188741846,1.34E-17,3.92E-17
LOC689906,0.611469785,0.035026356,0.048091136
Ankrd61,1.319078925,1.93E-17,5.59E-17
Ccdc62,-0.785058838,3.12E-16,8.72E-16
Trabd2b,-2.315949877,9.38E-60,7.05E-59
Gpr21,-1.069336932,0.010058428,0.014595994
Sox30,-3.379217053,9.41E-57,6.69E-56
Smim5,3.956158047,4.21E-275,3.03E-273
LOC689928,-1.533178061,5.53E-07,1.08E-06
Mgarp,2.702072867,3.07E-23,1.04E-22
Il23r,-5.359675188,2.82E-25,1.01E-24
Syce3,-0.919964566,0.034163295,0.046971554
Hcar1,-5.477352627,3.90E-167,1.16E-165
Ndufc1,-0.361035957,0.000224491,0.000373466
LOC689946,-1.908705242,8.35E-05,0.000143268
Zfp185,-3.447850498,4.42E-72,4.12E-71
Setd7,-1.525511954,8.20E-22,2.68E-21
LOC689959,-1.70725245,8.19E-48,4.93E-47
LOC689961,1.756243113,2.17E-09,4.71E-09
Tmem52b,-3.256453257,5.36E-08,1.09E-07
LOC689965,1.908536483,7.70E-05,0.000132381
LOC689966,1.131008406,0.007679939,0.011272242
Piwil4,1.053617511,0.00265792,0.004074403
LOC689986,-2.863532885,2.34E-15,6.36E-15
Unc80,-1.58468677,0.000149243,0.000251435
Ppp1r3d,1.016062721,1.40E-22,4.66E-22
Tomm20l,0.277832981,0.001088447,0.001721591
Fam91a1,-0.605517195,2.68E-31,1.11E-30
LOC690000,-2.233710545,1.15E-195,4.50E-194
LOC690001,0.602625446,0.022607298,0.031695858
Zcchc3,1.82070924,8.41E-83,9.22E-82
LOC690006,4.713021688,2.89E-24,1.01E-23
LOC690020,7.506177459,2.03E-217,9.54E-216
LOC690022,0.746901052,6.29E-24,2.17E-23
Hils1,-3.326873235,6.46E-18,1.90E-17
Wdr4,0.913306672,1.01E-40,5.20E-40
LOC690035,0.604767648,1.63E-21,5.27E-21
Bag2,-0.84825727,0.001088352,0.001721542
Xlr3a,-1.525789219,0.006020468,0.008929585
Rnf168,1.172750196,9.75E-87,1.13E-85
LOC690044,6.838796691,9.57E-40,4.82E-39
Klra17,2.211156171,1.40E-41,7.35E-41
Uqcrb-ps1,-0.248996429,0.003691408,0.005590877
Tpmt,0.695158464,3.47E-12,8.42E-12
LOC690056,1.301608764,1.62E-11,3.83E-11
Tatdn1,-0.152200442,0.006899528,0.010173734
Nbas,-0.923782698,6.69E-30,2.69E-29
Cd300e,0.398620735,0.014708121,0.02103476
LOC690082,-2.664587512,1.17E-43,6.43E-43
Bcl7a,1.914852175,4.26E-102,6.13E-101
LOC690096,-1.590646617,3.60E-05,6.32E-05
LOC690097,0.30562987,0.033095855,0.04556957
LOC690098,-1.06744052,0.000413393,0.000674936
H2ac21,3.633136703,3.28E-17,9.47E-17
Dnhd1,-0.644975259,1.45E-10,3.31E-10
Rgsl1,3.430505428,4.67E-26,1.70E-25
LOC690117,0.929431483,6.61E-28,2.53E-27
LOC690120,-0.81941456,1.03E-05,1.88E-05
Rhof,0.733158162,3.09E-23,1.05E-22
Hist2h2aa2,-2.756558471,9.43E-48,5.67E-47
Zfp939,-2.42789787,2.25E-20,7.05E-20
Tmem120b,-2.692563102,6.70E-134,1.42E-132
Rbm24,1.629749551,0.009216654,0.013421879
LOC690142,-2.622167352,6.84E-10,1.52E-09
LOC690155,-0.189718616,0.004697808,0.007042665
LOC690156,5.426074048,1.02E-31,4.27E-31
Fpr2,5.681069361,6.43E-163,1.83E-161
Hfm1,-0.616914984,0.046898388,0.063353512
Oxct1,-2.537243795,1.98E-155,5.21E-154
Harbi1,-0.175986447,0.008898988,0.012975242
LOC690165,5.579315179,6.55E-35,2.97E-34
LOC690169,2.787065993,2.98E-09,6.44E-09
LOC690171,1.630094061,7.31E-37,3.46E-36
LOC690182,-0.457205406,0.013460779,0.019305007
LOC690183,0.53381631,1.05E-05,1.91E-05
LOC690186,6.635778744,3.63E-43,1.98E-42
Fam168b,-0.320983707,4.57E-15,1.23E-14
LOC690192,3.314674136,1.72E-08,3.60E-08
Prima1,-3.63605922,3.76E-40,1.92E-39
Nek2l1,6.206667496,1.95E-203,8.20E-202
Dip2a,-1.879408734,5.50E-120,9.97E-119
Slc16a5,-3.069314222,3.26E-19,9.96E-19
Pdf,-0.543850181,1.38E-27,5.24E-27
LOC690215,6.177145459,2.68E-36,1.25E-35
Pcnx4,-1.405337988,5.63E-25,2.00E-24
Wdr74,0.44409279,1.73E-23,5.91E-23
Pot1b,0.668147732,2.82E-16,7.89E-16
Sumo2,0.917515343,2.26E-117,3.96E-116
LOC690246,3.655884841,4.94E-12,1.19E-11
Cnih3,4.268803749,3.27E-197,1.29E-195
Prelid3a,-1.695165484,7.59E-23,2.55E-22
Polr3gl,-0.2223985,0.013178706,0.018919728
LOC690255,6.280995125,3.81E-46,2.22E-45
LOC690259,4.144884727,1.97E-05,3.52E-05
Yaf2,0.133701196,0.026326339,0.036646045
Tmem179b,0.494601316,3.47E-17,9.99E-17
LOC690268,-0.673370725,0.028174156,0.039082113
LOC690275,6.519975789,6.05E-50,3.79E-49
LOC690283,1.002771777,0.001353344,0.002124673
Tmem223,-0.203349007,2.70E-05,4.78E-05
Hlf,-0.800403704,1.51E-05,2.72E-05
Dnah14,2.15491606,1.44E-70,1.31E-69
Pwp2,0.218886404,0.000118406,0.00020089
LOC690299,-4.614461336,1.25E-34,5.63E-34
LOC690302,6.078220568,5.57E-37,2.65E-36
Magohb,1.367230633,7.64E-63,6.11E-62
LOC690311,3.53992226,1.49E-08,3.13E-08
Derl3,0.91142357,6.88E-12,1.65E-11
LOC690318,-1.877593672,6.75E-17,1.93E-16
LOC690319,2.861310821,0.005746023,0.008538367
LOC690321,3.684579011,5.19E-13,1.30E-12
Myo15b,0.972496984,0.001651545,0.002576695
Lrrn4cl,-1.920687123,6.19E-13,1.54E-12
Sertm1,-1.417495284,0.029764508,0.041166582
Uqcc3,-0.169645643,0.010111662,0.014671085
Srp9,0.393035967,7.84E-11,1.81E-10
RGD1597339,0.745672754,6.39E-26,2.33E-25
Prdm11,-0.369803459,0.001695836,0.002642731
Vangl1,-3.252919399,5.02E-170,1.53E-168
Btbd6,-0.973677167,2.96E-37,1.42E-36
Tmem253,-1.202692836,1.01E-11,2.42E-11
Trim47,-1.485269298,1.84E-37,8.85E-37
Pla2g2f,-1.616104733,2.60E-07,5.14E-07
Rab36,-1.314476422,5.07E-06,9.39E-06
LOC690410,-1.267597165,0.017030111,0.024201115
LOC690414,2.528706811,0.034585952,0.047510717
Rbbp8nl,-2.78607356,2.49E-16,6.97E-16
Tedc1,1.649808265,2.85E-95,3.73E-94
Jsrp1,5.279803933,5.12E-31,2.11E-30
Nr1h5,-2.639637126,8.83E-05,0.000151219
Catip,-1.30075369,9.66E-16,2.66E-15
Atp5mf,0.416178234,6.32E-10,1.40E-09
Tmem116,-2.303359798,3.10E-26,1.14E-25
LOC690444,1.316095286,1.35E-15,3.71E-15
Taf1b,0.52258324,1.70E-15,4.63E-15
LOC690454,-2.524137314,1.35E-07,2.71E-07
LOC690461,5.15302727,3.72E-24,1.29E-23
LOC690462,-2.096217543,1.58E-08,3.31E-08
LOC690468,0.732251498,3.21E-09,6.92E-09
Accsl,-1.485913544,4.65E-05,8.12E-05
LOC690471,6.228566124,2.13E-39,1.07E-38
LOC690475,1.195530003,0.009872054,0.014340334
Bpifb5,-2.298985033,0.000719326,0.001154481
LOC690483,1.290166103,0.007621426,0.01118747
LOC690487,5.121702885,4.78E-16,1.33E-15
Cys1,-2.1418283,5.85E-23,1.97E-22
Cd33,1.845543151,2.63E-31,1.09E-30
LOC690499,4.720711968,2.35E-20,7.38E-20
LOC690509,5.891859167,1.88E-42,1.01E-41
Smurf1,-0.679160386,8.13E-26,2.95E-25
LOC690527,6.519586964,2.15E-46,1.26E-45
Pou2af1,5.830461412,8.87E-95,1.15E-93
Scai,0.203529964,0.022412952,0.031439772
LOC690539,6.08743613,6.94E-44,3.84E-43
Cby3,-1.196445629,4.00E-12,9.70E-12
Adam30,1.276302664,1.82E-06,3.44E-06
Zfp758,-1.38553319,3.29E-73,3.12E-72
Vom2r12,-1.629185663,0.030859704,0.042611597
LOC690580,2.980366421,0.000466991,0.000759718
Alyref,1.59723216,1.56E-204,6.64E-203
Ankrd40,-0.990685172,2.05E-32,8.75E-32
Mxra7,-2.9401846,6.02E-72,5.60E-71
Mansc1,-2.670678964,4.79E-116,8.27E-115
Tmem86b,3.82371582,1.28E-120,2.34E-119
Gcn1,-0.883646032,5.03E-60,3.81E-59
Fbxo3,1.193655959,4.14E-91,5.06E-90
Wars2,-1.00549333,1.72E-42,9.23E-42
Tmem71,3.115345572,1.46E-95,1.92E-94
Hint1,0.781272068,5.84E-51,3.72E-50
Zfp40,-1.419534844,7.62E-29,2.98E-28
LOC690686,3.226562533,3.46E-07,6.81E-07
Vom2r16,2.194205604,5.79E-05,0.000100413
Ddx19b,0.11234819,0.010123384,0.014685931
Ints13,0.556737636,1.36E-33,6.00E-33
Mlkl,-1.734081739,8.42E-94,1.08E-92
Mtarc1,-3.114135966,2.88E-50,1.81E-49
Lingo3,2.782277367,5.13E-15,1.38E-14
LOC690757,0.378465677,0.017744308,0.025167687
Vom2r22,-2.023327932,0.006832159,0.010077912
Znrf1,0.679218419,2.74E-23,9.32E-23
Rufy2,-1.626141155,2.32E-66,1.96E-65
LOC690781,6.785863075,5.50E-59,4.08E-58
LOC690786,6.811989401,9.87E-54,6.62E-53
LOC690794,7.003717312,2.33E-38,1.14E-37
H2aj,1.259657508,2.51E-63,2.03E-62
Adat1,0.346820319,1.04E-05,1.88E-05
Klf16,1.728907037,1.20E-149,3.00E-148
Gngt2,1.260848539,5.00E-32,2.12E-31
LOC690836,-2.981092525,6.88E-29,2.69E-28
Rps4y2,-1.029825468,3.97E-11,9.26E-11
Uqcr11,-0.82989702,2.05E-16,5.75E-16
LOC690862,2.555814759,2.77E-27,1.04E-26
LOC690870,1.213002839,0.030265799,0.041836435
Ndufaf8,0.539185489,1.21E-06,2.31E-06
Fam131c,1.681188747,1.46E-05,2.63E-05
Oosp2,3.406451078,1.43E-11,3.40E-11
Oosp1,0.514941471,0.046077644,0.062287458
Ifna1,-1.43295187,1.32E-06,2.51E-06
Zfp426,0.841190913,3.53E-35,1.61E-34
Vsir,1.348258845,4.25E-26,1.55E-25
LOC690900,-0.928717488,0.030226558,0.041784145
Lilrc2,5.348944571,1.45E-128,2.88E-127
Muc15,-2.736253238,0.004472654,0.006722501
Tmem215,-4.31873548,1.76E-08,3.68E-08
Nrg4,-3.012876159,3.39E-135,7.29E-134
LOC690923,-2.54571056,9.06E-17,2.58E-16
Ms4a6c,1.377199245,2.20E-12,5.37E-12
LOC690933,2.630452051,0.032516329,0.044807074
Dera,-0.188273281,6.41E-05,0.000110818
Rdh8,-3.013847493,1.02E-09,2.25E-09
Cog2,-1.035224936,8.82E-58,6.39E-57
Ccdc85c,-0.762208164,4.63E-07,9.07E-07
Cnn2,2.377064981,1.32E-129,2.68E-128
Gys1,-0.949457648,1.35E-09,2.96E-09
LOC690990,2.390088975,7.37E-06,1.35E-05
LOC691000,-3.406711938,7.16E-33,3.10E-32
Ndufa3,-0.344835154,6.79E-05,0.000117249
Dhdh,-0.79425592,2.70E-19,8.26E-19
Hsd17b14,-0.654059567,0.004529883,0.006804715
Fam219a,-1.610316874,2.92E-49,1.80E-48
Aspscr1,0.610582723,2.48E-43,1.36E-42
Cdc42se2,0.79629736,4.68E-68,4.07E-67
Mamstr,-0.71315168,0.027777582,0.03856455
Sbf2,-1.227903239,2.65E-44,1.48E-43
Lmtk3,1.371659383,0.019640303,0.027726604
Tm4sf20,-0.66464113,0.025104623,0.035036096
Pkd1l2,0.889595504,2.78E-07,5.49E-07
Mrpl10,-0.533936593,8.11E-29,3.17E-28
LOC691083,-1.665622857,7.09E-13,1.77E-12
Ncr3lg1,-5.822916682,4.85E-94,6.22E-93
Tpgs1,-0.562742564,1.50E-08,3.15E-08
Tex19.2,3.857787691,1.34E-11,3.18E-11
LOC691101,-1.232943569,0.008863018,0.012926619
Fancg,0.644653951,5.96E-13,1.49E-12
LOC691113,0.34373362,3.56E-11,8.31E-11
Atp8b5p,-0.678669221,5.98E-05,0.000103692
LOC691135,-0.751746802,5.21E-13,1.30E-12
Spx,-4.303845141,3.38E-36,1.58E-35
LOC691141,4.113038677,2.08E-295,1.69E-293
LOC691143,0.91986199,4.41E-70,3.98E-69
Immp1l,-0.385786136,0.000425233,0.000693652
Capza1,1.281192764,1.19E-80,1.27E-79
Epop,1.550150935,2.79E-18,8.31E-18
Ccdc6,-0.34771932,3.55E-09,7.65E-09
Sh2d6,1.499421226,1.08E-16,3.07E-16
LOC691170,-0.322561628,1.82E-08,3.81E-08
Ulk3,-2.787569204,7.87E-144,1.85E-142
Uevld,-0.661265848,4.90E-08,1.00E-07
LOC691173,4.43412072,4.75E-166,1.39E-164
LOC691186,-1.400431572,1.47E-08,3.09E-08
Elof1,0.456870473,8.42E-17,2.40E-16
Mrgprb3,-0.918301309,0.015155505,0.021645286
LOC691202,0.529489689,0.004572975,0.006864916
Slc12a6,1.037916575,1.46E-28,5.68E-28
Faxdc2,-2.533101548,4.08E-199,1.63E-197
LOC691228,-4.163727669,5.28E-32,2.23E-31
Gemin5,0.130420985,0.023797765,0.033298637
LOC691251,-0.514936795,0.025004888,0.034905139
LOC691254,-0.921521034,3.15E-12,7.66E-12
LOC691255,-3.268339105,4.09E-10,9.15E-10
Lypd8,1.700603771,0.000345968,0.000567954
LOC691277,3.450782033,4.09E-08,8.42E-08
LOC691280,-0.786486223,1.22E-40,6.26E-40
LOC691286,4.764957231,1.20E-17,3.51E-17
RGD1565323,3.6170838,0.000521927,0.000845416
Tmem202,-0.331417821,0.035640064,0.048879313
LOC691309,-0.424390694,1.03E-07,2.07E-07
Cyp4f37,-4.408974903,2.45E-172,7.60E-171
Ppp2r5c,0.303883642,8.80E-25,3.10E-24
LOC691319,-3.817258946,5.21E-26,1.90E-25
LOC691326,-3.356165705,4.96E-13,1.24E-12
Septin6,1.939719107,2.68E-50,1.69E-49
Stk38l,-0.583158161,3.97E-22,1.31E-21
LOC691354,1.602611998,0.000132704,0.0002243
Ice2,-0.189496433,1.83E-05,3.27E-05
Psrc1,2.938697596,1.63E-43,8.93E-43
LOC691392,-2.126292653,7.29E-20,2.26E-19
Chst14,-1.551552196,2.90E-112,4.77E-111
Smg1,-0.322716485,7.60E-06,1.39E-05
Foxb2,2.261391631,0.033298027,0.04583514
Sbk3,-1.002568583,0.005744206,0.008536095
LOC691414,-1.154750788,0.020430529,0.028785863
Aknad1,2.376150971,4.90E-16,1.36E-15
LOC691418,1.702240434,1.23E-42,6.60E-42
LOC691422,0.777099575,3.03E-33,1.32E-32
LOC691424,-2.055748285,0.01091482,0.015781439
Tmem201,-0.296183533,0.000710361,0.00114071
Shisa7,-1.374080459,5.33E-06,9.86E-06
Slc25a33,-1.306483339,2.65E-14,6.94E-14
Tmem190,-1.454298684,2.21E-13,5.61E-13
Ppp1r3e,-1.528246313,2.54E-32,1.08E-31
Slc25a54,1.846928478,0.024267836,0.033917875
RGD1561277,-0.741213414,3.24E-23,1.10E-22
Cpne6,3.888914995,1.51E-16,4.25E-16
Eri2,0.560438475,1.63E-12,4.01E-12
LOC691485,-5.160212865,2.41E-200,9.80E-199
H2bu1,5.496315617,9.71E-32,4.08E-31
Zwilch,2.755674801,3.69E-271,2.59E-269
H3f4,-2.041413684,2.17E-05,3.87E-05
Zfp469,-3.372599536,7.51E-21,2.39E-20
Snapc5,-0.612953155,9.43E-19,2.84E-18
Zfpm1,2.572057959,2.64E-223,1.32E-221
Ttc19,-0.415177607,9.36E-05,0.000160072
LOC691511,-3.325036655,1.16E-11,2.76E-11
Megf11,-0.823094504,0.000391264,0.000640042
LOC691519,-0.755802834,0.000125574,0.000212636
Rps28,1.050771836,2.23E-60,1.70E-59
LOC691532,1.177593001,2.37E-30,9.62E-30
Lilra5,1.172655706,1.70E-14,4.49E-14
Nop10,0.272478732,1.18E-08,2.49E-08
Katnbl1,0.487726634,2.28E-15,6.19E-15
LOC691546,1.906880297,0.001512443,0.002366162
LOC691551,-1.347586984,1.35E-09,2.96E-09
Zbtb42,-0.272083615,1.77E-05,3.18E-05
Ubap1l,2.679014969,3.95E-187,1.44E-185
Chd5,1.711747596,0.004552033,0.006834518
Zfp770,0.239680242,2.79E-05,4.94E-05
Pacs2,-0.458967858,1.91E-12,4.69E-12
Myh2,4.506267274,1.59E-07,3.18E-07
Crip1,-0.402395518,0.000355333,0.00058307
LOC691658,-0.228516577,0.00364758,0.00552676
LOC691665,-6.009799053,6.72E-42,3.56E-41
LOC691670,-1.444681149,0.043380643,0.058832536
LOC691675,0.323600129,0.03242264,0.044685103
Tmem121,-1.724387551,2.46E-12,6.01E-12
LOC691713,2.110435946,0.000208565,0.000347871
LOC691716,0.966341767,2.24E-22,7.44E-22
LOC691722,-1.421565954,4.35E-08,8.93E-08
Spata5l1,-0.152174652,0.004262895,0.006416357
Tmem107,-0.457214739,0.001746788,0.002719125
LOC691766,0.704995908,0.000912509,0.001452708
Lpar6,-1.493163147,1.64E-43,9.00E-43
Lrrc75a,0.504168521,8.47E-12,2.03E-11
LOC691778,6.027149059,4.52E-30,1.82E-29
Il17d,-2.347677985,4.81E-43,2.61E-42
LOC691801,6.360104238,7.61E-56,5.33E-55
LOC691806,1.270757865,3.95E-12,9.58E-12
LOC691807,-0.71838675,2.81E-24,9.79E-24
LOC691808,4.448416256,1.83E-20,5.75E-20
Pla2g4c,5.104336878,1.46E-17,4.24E-17
Mrpl57,0.715830418,5.85E-37,2.77E-36
LOC691815,7.217309546,7.57E-33,3.27E-32
LOC691828,6.693797807,8.75E-57,6.22E-56
Kctd4,-0.836433321,0.01108582,0.016020071
Maz,1.939474545,2.37E-300,2.02E-298
Ccpg1os,-0.876945148,6.51E-18,1.91E-17
LOC691851,4.612736059,1.67E-12,4.10E-12
Cox10,-0.619372224,1.55E-09,3.38E-09
Pygo1,-1.474460643,1.41E-13,3.61E-13
LOC691875,5.919536116,5.04E-28,1.94E-27
LOC691878,6.090823933,1.53E-30,6.26E-30
LOC691884,9.215979233,1.05E-138,2.34E-137
Atp8a2,2.763675412,3.11E-34,1.39E-33
LOC691890,7.642561636,1.30E-39,6.54E-39
LOC691892,6.760969581,3.95E-71,3.63E-70
LOC691893,6.477024741,5.59E-37,2.65E-36
Fbrs,0.341399704,6.03E-08,1.23E-07
LOC691902,6.096453666,6.57E-39,3.26E-38
Ssx1,-1.12606199,2.54E-05,4.51E-05
Pla2g4f,-1.226164898,7.87E-14,2.04E-13
Ccdc189,0.41586144,0.00567024,0.008430838
Stard9,-2.602908941,8.62E-117,1.50E-115
LOC691921,0.35293027,2.86E-05,5.06E-05
Nt5dc3,0.400795103,5.27E-06,9.75E-06
LOC691925,5.438859703,1.20E-24,4.21E-24
LOC691927,5.573836015,1.92E-29,7.63E-29
Fam241a,-0.465008083,6.51E-08,1.32E-07
Fam124a,-1.801806541,4.02E-22,1.32E-21
LOC691939,6.04766066,2.77E-36,1.29E-35
LOC691946,4.976000298,2.58E-16,7.21E-16
Eif3j,0.13050577,0.019480011,0.027510819
Sqor,0.683968572,1.70E-09,3.71E-09
Rps17l,4.631890393,8.84E-18,2.59E-17
Slc35g3,-0.917411059,1.00E-05,1.83E-05
Esco2,6.409064821,0,0
Spem1,1.114537891,0.013089248,0.018794948
Tmem95,-0.772961486,0.007700396,0.011301146
Gpc6,-1.93044862,1.35E-55,9.40E-55
LOC691986,-2.188629132,0.001250198,0.001967857
Rpl36a-ps2,0.885319271,7.04E-25,2.49E-24
Gp1ba,5.707455368,1.56E-192,5.96E-191
Scimp,1.296382972,3.55E-15,9.61E-15
LOC691995,-1.55991292,1.62E-10,3.68E-10
Nlrp1b,3.475910051,8.93E-10,1.97E-09
Siah3,-2.453516616,3.19E-07,6.29E-07
LOC692030,1.492284469,8.62E-07,1.66E-06
Mzt1,2.035808149,8.05E-226,4.07E-224
Pdxp,3.006643542,1.37E-202,5.70E-201
Flad1,-0.17039558,0.00069367,0.001114635
Rasl2-9,2.330419749,0.014917263,0.021319436
Gpr17,-3.882023928,1.55E-26,5.74E-26
Ca14,1.372489863,0.012578535,0.018087071
Gnl3l,-0.270713367,0.001639162,0.002558861
Ccdc92,2.179200537,2.16E-83,2.38E-82
Trex1,-0.554613101,1.38E-14,3.65E-14
Cxcr6,-1.922312482,2.75E-10,6.21E-10
Zfp867,-0.875802357,1.21E-13,3.12E-13
LOC100125362,3.778728286,0.001898173,0.002945478
Fbxl13,-1.333002829,1.77E-08,3.70E-08
LOC100125364,-1.005701251,6.37E-74,6.13E-73
LOC100125366,-1.119564785,0.003561164,0.005402465
Ceacam6,4.875807372,3.50E-22,1.15E-21
Ces1f,-4.415514283,5.49E-25,1.95E-24
Pnrc2,0.87842613,1.14E-105,1.73E-104
Nudcd3,-0.363734405,5.93E-14,1.54E-13
Mroh1,-1.276094039,3.30E-92,4.12E-91
LOC100125598,2.99095846,6.96E-37,3.30E-36
Rab1b,-0.699607003,2.27E-17,6.58E-17
LOC100134871,8.60374835,7.85E-297,6.45E-295
Jmjd7,-0.923018332,1.80E-09,3.91E-09
Adh5,-0.410977439,4.03E-11,9.41E-11
Usp43,-2.735990498,4.79E-23,1.62E-22
Nkapd1,0.061350361,0.044080202,0.059737458
Zfp786,-0.865416678,6.53E-07,1.27E-06
Tedc2,3.132302519,1.12E-251,6.93E-250
Zfp9,-1.754577324,1.09E-51,7.01E-51
Slc35a2,-0.640040938,1.47E-30,5.99E-30
Paep,2.866314981,0.001736862,0.002704283
Phykpl,0.228006919,7.55E-07,1.46E-06
LOC100174910,-0.254193691,0.000126144,0.000213553
Ost4,0.282150127,3.08E-06,5.76E-06
Fam229b,-1.139367736,1.30E-06,2.49E-06
Ctxn3,1.385499299,0.008067337,0.011817394
Ormdl1,0.238923205,0.016412753,0.023359708
Cox7c,0.271494382,0.003640364,0.005516675
Nrn1l,-0.441063516,0.034223945,0.047046197
Sec61gl,2.891154928,8.26E-16,2.28E-15
Rnf123,1.845290894,8.24E-92,1.02E-90
Atxn7l3b,-0.117536234,0.006737396,0.009943583
Inafm1,0.903192621,1.93E-07,3.84E-07
Tmem59,-0.887294152,1.05E-115,1.80E-114
Gon7,0.466980293,7.86E-25,2.78E-24
Zfp949,-0.380544752,6.46E-07,1.25E-06
Riiad1,-1.157198598,0.001064024,0.001684582
Spns2,-1.48236001,3.46E-53,2.29E-52
LOC100294508,-1.033883911,8.71E-48,5.24E-47
Abo,0.852267967,5.86E-18,1.73E-17
LOC100302372,-1.164815042,8.93E-39,4.41E-38
Ctxn2,3.061041924,1.05E-05,1.90E-05
Zfp958,-1.170476083,2.59E-30,1.05E-29
Cox16,-0.195006625,0.000524987,0.00085028
LOC100302465,-1.897261553,2.51E-08,5.22E-08
Fcgbp,1.160644333,8.85E-08,1.79E-07
Cb707485,-2.211239116,3.39E-08,7.01E-08
Parpbp,5.880461594,0,0
Tas2r103,3.092409694,1.55E-13,3.97E-13
Mir331,-2.261535207,1.03E-06,1.98E-06
Mirlet7b,-1.906915799,4.17E-11,9.71E-11
Mir10a,-3.193081564,2.02E-13,5.14E-13
Mir25,0.967353051,8.92E-05,0.000152744
Mir27a,-1.849015228,0.000404559,0.000661132
Mir30c2,-2.633057378,5.10E-09,1.09E-08
Mir103a2,-1.563044216,0.000349836,0.000574177
Mir186,-1.46853537,9.81E-18,2.87E-17
Mir219a1,-3.145573728,6.23E-28,2.39E-27
Mir421,-1.86649576,6.74E-13,1.68E-12
Mir450a1,-2.321376311,5.99E-08,1.22E-07
Mir451a,6.000532173,1.23E-30,5.05E-30
Mir215,-1.595205603,0.001818858,0.002826554
Mir374b,-0.897604984,0.025972587,0.036189384
Mir664-2,-1.826140975,3.46E-05,6.09E-05
Mir760,3.073845254,2.95E-20,9.24E-20
Mir615,-2.980400369,4.89E-14,1.27E-13
Mir628,4.464438698,2.39E-40,1.23E-39
Mir339,-1.562309283,2.65E-08,5.49E-08
Mir93,-1.282535296,0.024713904,0.03451686
Mir196b,-1.497920635,0.002540637,0.003900681
Mir324,-1.209801399,1.07E-05,1.94E-05
Mir144,5.847967984,1.65E-30,6.75E-30
Mir336,-1.737850547,3.85E-06,7.17E-06
Mirlet7c2,-3.209184274,1.10E-25,3.98E-25
Mir23a,-1.662353489,3.75E-05,6.57E-05
Mir100,-1.439924137,0.020999435,0.029538193
Mir106b,-1.611003256,0.00568986,0.008458734
Mir199a2,-3.065568532,8.77E-13,2.18E-12
Mir365b,-3.52185508,2.69E-22,8.90E-22
Mir24-2,-1.86671236,3.14E-31,1.30E-30
Mir26a,-2.638814179,7.09E-10,1.57E-09
Nemf,0.459901543,6.17E-12,1.49E-11
Prr30,-3.342386032,1.82E-22,6.05E-22
Zfp831,-1.322128428,5.34E-06,9.87E-06
LOC100359421,2.44125524,2.20E-137,4.83E-136
Zfp683,-1.212851064,7.74E-14,2.00E-13
LOC100359474,-1.909432774,3.57E-11,8.35E-11
Zfp628,0.5778221,1.22E-26,4.54E-26
Ms4a18,-1.637768511,0.000408349,0.000667068
LOC100359505,0.727494898,6.99E-13,1.74E-12
Vti1b,-0.6090545,1.74E-16,4.90E-16
Immp2l,-0.534430895,7.91E-06,1.45E-05
LOC100359539,6.620754137,0,0
Fam177a1,-1.423484391,2.87E-69,2.55E-68
Mroh6,-0.729714822,3.60E-06,6.71E-06
LOC100359563,1.552764587,0.000358774,0.000588455
LOC100359574,0.755940143,1.19E-24,4.18E-24
LOC100359583,1.415450813,2.71E-129,5.48E-128
Palm3,-1.849235807,3.96E-05,6.94E-05
Tbc1d32,-2.792386841,1.54E-98,2.11E-97
LOC100359600,2.439565216,1.11E-130,2.27E-129
LOC100359607,2.111635965,0.00164316,0.002564425
LOC100359613,1.286440353,7.72E-25,2.73E-24
LOC100359616,1.262915588,1.94E-11,4.59E-11
LOC100359633,-1.394805838,2.25E-10,5.09E-10
LOC100359634,-1.278445026,0.000344491,0.000565655
Chmp4b,0.499127823,3.29E-19,1.00E-18
Ankdd1b,2.982519129,5.85E-93,7.41E-92
LOC100359668,0.61421966,3.08E-08,6.36E-08
Armcx4,-2.358813032,3.20E-64,2.62E-63
Lpcat2,1.801628932,4.09E-36,1.90E-35
LOC100359684,5.654506056,6.19E-25,2.19E-24
H2bc9,4.679887463,7.54E-84,8.37E-83
LOC100359701,1.054297284,1.48E-16,4.18E-16
Phf6,0.811127127,3.14E-50,1.97E-49
Tipinl1,2.250222224,8.48E-15,2.26E-14
LOC100359752,-1.4535488,7.34E-10,1.62E-09
Dnaaf3,-1.239010052,0.000111951,0.000190299
LOC100359754,-0.496881605,0.038547017,0.052653752
Bpifa6,10.0359922,1.85E-204,7.87E-203
LOC100359776,-1.615042657,0.006891897,0.010162988
LOC100359793,4.433517329,5.78E-12,1.39E-11
LOC100359810,-1.114957633,3.80E-12,9.21E-12
Setd1b,0.295624458,1.59E-06,3.02E-06
Smpd5,-1.162926341,1.97E-19,6.06E-19
Fam104b,-0.30650763,5.53E-06,1.02E-05
Kirrel2,-2.89601677,8.91E-19,2.69E-18
Smim15,0.98027379,1.32E-78,1.37E-77
Hrct1,-3.416380188,1.19E-56,8.41E-56
LOC100359876,0.763233672,2.66E-46,1.55E-45
LOC100359907,0.965883603,0.005028907,0.007513519
LOC100359916,0.872893944,1.68E-52,1.10E-51
LOC100359922,0.914788977,3.32E-43,1.81E-42
Map1lc3b2,0.898478134,3.82E-11,8.92E-11
LOC100359930,1.603269245,4.13E-09,8.86E-09
LOC100359937,1.667653964,6.46E-82,6.98E-81
Zfp267,-0.686133952,1.55E-30,6.33E-30
LOC100359951,1.221305493,6.24E-33,2.71E-32
Zfp560,-0.563723979,1.37E-14,3.63E-14
Cd164l2,3.298347277,1.62E-79,1.69E-78
LOC100359978,6.198068315,4.89E-24,1.70E-23
Mpc2,-0.414533062,6.32E-09,1.35E-08
LOC100359993,5.887410094,3.18E-43,1.73E-42
LOC100360012,-3.11544782,2.96E-33,1.29E-32
Car10,2.021125208,0.005908017,0.008772034
Mrps6,-0.243266069,0.001777496,0.002765035
LOC100360034,-0.767068596,0.000228829,0.00038049
Zfp366,-1.932768363,9.01E-28,3.44E-27
Vstm1,6.145730967,2.80E-141,6.45E-140
LOC100360057,0.981973299,1.57E-42,8.43E-42
Evi5,0.687769162,2.57E-42,1.37E-41
Znhit1,0.307148615,1.83E-06,3.47E-06
LOC100360087,0.55120114,1.21E-05,2.20E-05
Taf3,0.756250509,1.00E-21,3.27E-21
LOC100360117,0.853991733,1.37E-25,4.95E-25
Smim10l1,-0.697061014,6.46E-20,2.01E-19
LOC100360123,3.432478424,4.68E-10,1.05E-09
LOC100360145,2.771985125,1.29E-265,8.77E-264
LOC100360166,2.982876475,2.77E-13,7.02E-13
Pgd,0.415238388,7.49E-06,1.37E-05
Palld,-2.053509032,2.14E-46,1.25E-45
LOC100360222,3.969695718,5.58E-07,1.09E-06
LOC100360238,-3.067670606,1.88E-34,8.42E-34
LOC100360244,0.831127926,0.029332414,0.040597434
LOC100360260,1.280975602,1.04E-27,3.96E-27
Zglp1,0.504598733,0.003636114,0.005510665
Sec16a,-0.869034145,6.57E-60,4.96E-59
Fam83g,-1.031791133,8.89E-05,0.00015221
LOC100360316,2.465507039,3.25E-140,7.39E-139
Fhod3,-0.732375811,0.030332913,0.04192529
Msh6,0.843017987,6.46E-45,3.66E-44
LOC100360348,1.607859173,2.14E-10,4.84E-10
LOC100360368,2.691302336,0,0
LOC100360378,-2.254780189,2.22E-06,4.19E-06
LOC100360380,-0.996361534,3.60E-14,9.41E-14
Dnajc1,0.770471704,1.09E-33,4.81E-33
LOC100360413,0.288802667,4.72E-06,8.76E-06
Rusc1,-1.158803105,8.14E-78,8.34E-77
E2f4,2.433966021,6.28E-297,5.18E-295
Nsun3,0.581639887,1.42E-14,3.75E-14
LOC100360439,1.1365987,0.024402281,0.034094507
LOC100360449,0.770398417,2.91E-26,1.07E-25
LOC100360451,-3.514875241,2.01E-23,6.85E-23
LOC100360453,1.31827666,3.66E-53,2.42E-52
Fmn2,-2.074051968,7.50E-19,2.27E-18
Arxes2,-2.3079955,1.58E-22,5.25E-22
Galnt15,-3.498209271,4.96E-41,2.57E-40
Sh2d3a,-2.058295138,3.81E-37,1.82E-36
LOC100360491,0.856057769,1.09E-21,3.55E-21
Rnh1,-0.398437038,6.45E-16,1.78E-15
LOC100360508,0.81264555,4.15E-29,1.63E-28
Hsh2d,2.192492288,2.30E-44,1.29E-43
LOC100360522,0.963002603,1.45E-35,6.66E-35
LOC100360527,-1.629525313,4.66E-15,1.25E-14
Tlcd3a,-0.447583919,1.25E-05,2.27E-05
Fzd7,-2.608324968,2.05E-26,7.55E-26
Rps12l2,1.076849099,4.01E-14,1.05E-13
LOC100360573,1.92297013,1.95E-101,2.79E-100
Nt5c,1.838609175,3.23E-67,2.77E-66
LOC100360584,0.410545264,0.004140901,0.006240355
Fanci,2.460387342,1.03E-147,2.53E-146
LOC100360610,6.41558922,2.61E-42,1.40E-41
Iqgap2,0.659115411,5.24E-09,1.12E-08
LOC100360628,4.9200626,3.70E-31,1.53E-30
Zfp780b-ps1,-0.498932375,6.58E-15,1.76E-14
Rps12l3,1.345391374,4.76E-07,9.30E-07
LOC100360645,1.366882444,9.10E-27,3.38E-26
Rps18l1,1.382738198,5.73E-98,7.78E-97
Snrpe,1.291103384,2.14E-46,1.25E-45
Pbld2,-1.229147005,0.000120023,0.000203552
Rps27a-ps2,0.969267684,2.13E-14,5.62E-14
Sirpd,3.761302294,5.19E-126,1.01E-124
LOC100360735,0.500513949,0.002524531,0.003876757
LOC100360750,0.505867803,3.62E-06,6.75E-06
Ccdc122,-2.09012556,6.09E-40,3.09E-39
Hist1h2ai,6.951370259,4.63E-113,7.66E-112
Ctcfl,-1.536123271,1.18E-18,3.54E-18
LOC100360761,3.906465148,1.57E-07,3.14E-07
LOC100360774,3.790888198,9.02E-13,2.24E-12
LOC100360775,-6.839325559,5.62E-48,3.39E-47
Mroh8,2.718646105,2.62E-98,3.59E-97
LOC100360790,-1.427872734,0.002102446,0.003248486
LOC100360791,0.95748224,1.57E-45,9.00E-45
Ddx60,-0.478271568,5.28E-05,9.19E-05
LOC100360828,0.650463247,1.12E-07,2.25E-07
LOC100360841,0.866093819,5.94E-06,1.10E-05
LOC100360843,0.632391453,5.37E-06,9.94E-06
LOC100360846,0.791439853,1.80E-11,4.26E-11
LOC100360848,6.823588961,2.31E-39,1.15E-38
LOC100360856,-1.488227526,0.002302161,0.003544109
Ypel1,-0.637531319,4.77E-08,9.78E-08
H3f3c,2.411345971,1.24E-226,6.31E-225
Mcpt1l1,-0.748633166,0.005930536,0.00880326
Fosb,-2.560544745,1.28E-16,3.62E-16
Fbxw7,0.877873321,4.06E-21,1.30E-20
Igll1,10.68592844,4.47E-157,1.20E-155
LOC100360933,-2.178784066,0.000756159,0.001211821
Anapc16,0.700565746,7.03E-18,2.07E-17
LOC100360950,7.438851605,2.66E-102,3.85E-101
Ppial4d,0.365863797,4.66E-08,9.56E-08
Relb,-0.373215391,7.71E-08,1.57E-07
Adig,-4.250870809,1.25E-191,4.72E-190
LOC100361018,4.048785204,9.88E-67,8.39E-66
LOC100361025,0.708191498,7.70E-23,2.59E-22
LOC100361028,1.095053015,2.67E-05,4.73E-05
LOC100361052,4.272609758,6.57E-15,1.76E-14
Hbq1b,9.282404434,0,0
LOC100361056,0.697150913,0.035266167,0.048393446
LOC100361060,1.256112603,6.51E-27,2.43E-26
LOC100361061,0.89943088,2.12E-30,8.61E-30
LOC100361079,2.82128522,0.013317931,0.019110358
LOC100361083,-1.880398282,5.78E-39,2.87E-38
LOC100361087,1.420620153,5.06E-23,1.71E-22
Malrd1,1.534061059,0.003916906,0.005919983
LOC100361104,-2.83478815,2.02E-56,1.43E-55
Zfp869,0.243563321,0.000381994,0.0006255
RGD2320734,-2.294030054,1.98E-09,4.30E-09
LOC100361130,0.415978204,0.009020522,0.013146614
Shisa9,0.864939977,0.003618942,0.005486179
Dgkq,-1.206260538,1.04E-52,6.84E-52
Mkrn2os,-1.414862329,0.010216067,0.014815301
LOC100361148,0.80458845,0.002023104,0.003130365
LOC100361180,1.290953015,1.43E-14,3.78E-14
Etfrf1,-0.999795353,3.53E-46,2.05E-45
LOC100361226,2.749002899,9.07E-06,1.65E-05
LOC100361229,6.952058056,3.18E-40,1.62E-39
Btbd19,-1.652610777,1.43E-165,4.18E-164
Rasgef1b,-0.529574235,2.09E-07,4.16E-07
LOC100361240,0.902541382,2.76E-12,6.73E-12
LOC100361259,1.57941116,4.44E-38,2.16E-37
Snrpa1,1.169344005,1.71E-117,3.01E-116
Ankub1,-1.457960481,0.00033897,0.000556899
Fam205a,-4.619169861,9.16E-40,4.62E-39
LOC100361293,4.000966098,2.45E-14,6.44E-14
LOC100361315,1.707771566,0.009965571,0.014467635
LOC100361317,-1.520476608,0.003108875,0.004736235
LOC100361319,0.703789437,1.53E-06,2.91E-06
Astn2,-4.420521045,2.09E-37,1.00E-36
LOC100361324,5.570205596,1.15E-40,5.95E-40
Smco2,-1.482439462,0.003280183,0.004990021
Kank2,-1.066687172,5.98E-34,2.65E-33
LOC100361381,1.824416159,2.61E-31,1.08E-30
Ecm2,-3.365324624,2.62E-101,3.73E-100
Fam171a2,-1.251700974,1.51E-56,1.07E-55
LOC100361410,5.296018252,4.51E-28,1.73E-27
Tbcd,-0.278835409,1.16E-08,2.44E-08
LOC100361430,3.301788242,7.76E-14,2.01E-13
LOC100361436,0.201445782,0.002768756,0.004239036
Angptl8,-4.832652314,6.04E-85,6.80E-84
LOC100361457,0.425346463,0.000200399,0.000334624
Insyn2b,1.696440347,5.08E-05,8.85E-05
LOC100361461,3.175701498,4.90E-06,9.08E-06
Pate2,-3.843633077,4.68E-25,1.66E-24
LOC100361479,1.209237608,0.000403635,0.000659695
LOC100361487,2.611586082,5.20E-06,9.63E-06
Zfp717,-0.607918285,1.87E-22,6.20E-22
Armc3,0.948258269,3.22E-06,6.02E-06
Gcc1,0.565889586,4.93E-35,2.24E-34
Psmg3,1.074488595,7.62E-40,3.85E-39
Rad9a,0.745570014,1.24E-26,4.61E-26
LOC100361543,-0.820807635,7.18E-25,2.54E-24
LOC100361545,1.879685327,6.21E-13,1.55E-12
LOC100361553,-0.513208744,0.043361273,0.058814355
H3f3a,2.522702042,0,0
Hilpda,-1.876844004,1.33E-77,1.35E-76
Polr2k,0.526813321,2.64E-11,6.20E-11
Ttc24,1.59391338,0.000527285,0.000853908
Ano2,-2.503065751,8.06E-14,2.08E-13
LOC100361621,-2.289353667,6.41E-09,1.36E-08
Tmem35b,0.264226756,0.007990408,0.011709344
Cd300ld,1.576656285,5.68E-12,1.37E-11
LOC100361640,-0.935213134,6.15E-10,1.37E-09
Galnt6,0.966045794,1.32E-18,3.97E-18
LOC100361655,-1.271514458,0.047798125,0.064518855
Usp37,1.768048052,2.95E-184,1.04E-182
Zfp617,0.387439115,6.80E-11,1.57E-10
Zc2hc1b,-4.015144119,4.87E-48,2.94E-47
Simc1,-1.057687542,3.55E-42,1.89E-41
LOC100361693,-2.776418218,2.32E-08,4.82E-08
LOC100361705,4.187565585,5.14E-14,1.34E-13
LOC100361706,5.385869774,4.81E-52,3.13E-51
Setdb2,1.095467247,1.32E-52,8.64E-52
Rps15al4,1.224333195,1.20E-38,5.90E-38
Ociad2,-0.839936419,1.49E-10,3.39E-10
LOC100361743,-3.55727635,9.34E-24,3.21E-23
LOC100361756,0.740243614,1.36E-05,2.46E-05
Hoxb2,-3.19558091,2.39E-41,1.25E-40
LOC100361814,10.93592579,4.94E-161,1.38E-159
Nfatc1,-0.599870066,1.25E-12,3.08E-12
Tram2,-0.169624541,0.035691039,0.048942416
LOC100361854,1.195919183,4.36E-20,1.36E-19
LOC100361866,8.552908595,1.82E-96,2.41E-95
LOC100361875,2.700511083,0.000738997,0.001185023
Ear1,10.55544173,1.01E-139,2.28E-138
LOC100361913,-3.631262065,8.93E-86,1.02E-84
Ikzf4,-2.327343112,7.63E-39,3.78E-38
Tmem198,-1.688565224,1.89E-25,6.79E-25
Tmem221,-0.783965989,0.017986459,0.025496474
LOC100361933,1.71141369,1.85E-90,2.24E-89
LOC100361934,-0.327747315,0.014804191,0.021164993
Rnaseh2c,0.554088202,1.73E-18,5.19E-18
LOC100361957,-0.980801977,0.02650028,0.036877759
Rpl31l4,0.631209036,2.12E-15,5.78E-15
LOC100361992,5.550995352,6.41E-22,2.10E-21
LOC100361993,2.514677279,4.51E-184,1.59E-182
Grcc10,-1.091209245,5.51E-57,3.93E-56
Zfp27,-0.688366473,5.06E-09,1.08E-08
LOC100362023,1.315998218,5.40E-06,9.98E-06
LOC100362027,0.278390811,0.00028533,0.000471023
LOC100362035,-3.22620286,3.24E-13,8.18E-13
LOC100362040,-0.831760142,0.042178219,0.057301637
Ttc16,-0.939135008,7.48E-12,1.79E-11
Vom1r-ps112,-1.532353309,0.033414637,0.045987096
LOC100362069,0.460767296,0.000409015,0.000668082
Zfp866,-0.420458745,4.98E-08,1.02E-07
Zfp663,-2.790490841,5.73E-10,1.27E-09
Lsm14b,-0.144735134,0.026716002,0.037162225
LOC100362104,2.89554163,9.71E-05,0.000165905
Catsperz,-0.611735995,0.016834466,0.023932285
Ddb2,-0.32852477,1.46E-07,2.92E-07
Rex2,0.186009248,0.016700562,0.023750424
Ift140,-1.207958444,3.58E-91,4.39E-90
Rps15al2,0.749053181,1.19E-07,2.40E-07
LOC100362149,1.36145553,2.25E-31,9.38E-31
Cyhr1,-2.539625345,1.86E-65,1.55E-64
Fam170b,-1.95142785,0.000258356,0.000427951
Zfp964,-1.027973986,2.09E-33,9.15E-33
LOC100362176,1.650011141,1.51E-10,3.45E-10
Fndc9,2.821714703,9.88E-13,2.45E-12
LOC100362216,2.556157175,7.38E-17,2.10E-16
Plekhg6,-0.720665418,1.71E-15,4.65E-15
Adgrv1,-2.206727162,1.12E-23,3.85E-23
Trappc3l,-1.45679093,2.74E-20,8.59E-20
Tmem52,4.212243371,5.55E-07,1.08E-06
LOC100362296,-3.347595198,2.17E-15,5.92E-15
LOC100362298,1.423982334,5.87E-24,2.03E-23
Arhgap33,2.53208676,6.15E-101,8.74E-100
Smim19,-1.098883918,2.42E-50,1.53E-49
Dhx29,-0.236580515,0.000525341,0.000850807
Ndufa4l2,-2.507671199,1.02E-22,3.41E-22
LOC100362339,0.556807806,8.39E-11,1.93E-10
LOC100362342,1.048254116,5.46E-40,2.77E-39
LOC100362345,0.474982264,0.000653325,0.001051977
Mta3,-0.651811118,9.45E-28,3.61E-27
Fnip1,0.294532182,1.44E-05,2.60E-05
LOC100362351,2.502652615,0.036504876,0.049999213
LOC100362366,0.722487754,3.70E-16,1.03E-15
LOC100362384,0.638521533,9.16E-08,1.86E-07
LOC100362397,1.523778668,3.40E-09,7.32E-09
LOC100362400,-2.908392381,4.23E-129,8.51E-128
Ttc30a,0.674300942,9.81E-10,2.16E-09
Anos1,-3.286465526,6.58E-10,1.46E-09
Mrtfb,-1.627940434,1.16E-37,5.62E-37
Tmem240,-0.86910972,4.56E-07,8.92E-07
LOC100362479,0.921974723,8.00E-24,2.75E-23
LOC100362486,-3.815079558,1.55E-12,3.82E-12
Haus5,0.549585979,4.44E-14,1.16E-13
LOC100362515,5.705243933,5.25E-36,2.44E-35
LOC100362534,3.75456576,1.27E-18,3.81E-18
Ap1g2,-0.638483643,1.21E-18,3.64E-18
Elp3,-0.364117647,6.95E-19,2.10E-18
Otulin,0.539073592,9.04E-35,4.09E-34
Pkd1l3,-0.341952001,0.031868708,0.043951511
Mpv17l,-0.570848433,3.09E-05,5.46E-05
Spag11bl,-2.940187296,2.49E-07,4.94E-07
LOC100362583,0.803982493,1.93E-13,4.91E-13
LOC100362611,-0.419026085,0.039013589,0.05325173
Kmt2d,-0.902216062,4.64E-29,1.83E-28
Rps4x,0.627602259,3.38E-25,1.21E-24
Zfp945,-1.865556297,3.61E-39,1.80E-38
Slc2a7,-3.136568508,2.28E-05,4.05E-05
Epc1,0.814072355,1.08E-68,9.52E-68
LOC100362684,1.514349107,1.08E-85,1.23E-84
LOC100362693,-2.092919217,2.50E-16,6.99E-16
LOC100362703,-3.815418696,5.12E-18,1.51E-17
LOC100362709,-0.137429555,0.040457813,0.055075646
Tiam2,-0.377876305,0.027191106,0.037791115
Cdkl5,-1.11805405,3.08E-20,9.63E-20
Irgm2,-0.627462023,1.99E-11,4.69E-11
LOC100362738,1.10413418,3.14E-14,8.22E-14
LOC100362751,1.090118868,8.26E-21,2.62E-20
Ddx55,0.145605487,0.000923815,0.001470074
LOC100362772,1.907710675,7.18E-13,1.79E-12
LOC100362783,1.219608494,4.66E-17,1.34E-16
Ankdd1a,-1.125219894,1.38E-08,2.89E-08
Txndc5,-0.573076618,1.28E-16,3.63E-16
LOC100362814,1.008292789,0.025964177,0.03617937
LOC100362830,0.772921155,2.51E-19,7.70E-19
Poc1b,1.551824472,6.18E-119,1.10E-117
LOC100362843,-1.592570047,4.08E-10,9.13E-10
LOC100362895,0.326851949,0.000933152,0.001484293
Cfap92,2.445616995,7.39E-11,1.71E-10
Tex52,1.686891758,9.26E-06,1.69E-05
Tmprss12,-1.169710235,6.05E-13,1.51E-12
LOC100362927,3.677082968,1.35E-22,4.49E-22
Snx21,-1.487660706,7.99E-54,5.37E-53
LOC100362958,2.961992206,1.18E-06,2.27E-06
LOC100362980,1.442740401,7.17E-31,2.95E-30
LOC100362987,1.084925153,8.63E-15,2.30E-14
LOC100362999,-0.529692512,2.07E-07,4.12E-07
Rps21-ps1,1.225388031,4.54E-32,1.92E-31
LOC100363061,2.057928728,0.004971366,0.00743318
LOC100363064,-5.621188995,6.83E-61,5.26E-60
Zfp11,-0.380575443,4.11E-09,8.83E-09
LOC100363073,1.062292366,5.18E-05,9.01E-05
Acot11,-0.47249274,0.00013474,0.00022761
C2cd4d,-3.119060362,3.20E-31,1.33E-30
LOC100363112,1.136059438,0.000517955,0.00083912
LOC100363129,0.823090264,0.004820077,0.00721682
LOC100363133,0.209138133,0.016159483,0.023014739
Stab1,-1.977328391,4.13E-51,2.64E-50
LOC100363155,-1.524959982,4.49E-20,1.40E-19
LOC100363171,4.848409738,9.06E-127,1.78E-125
LOC100363177,0.482026948,2.13E-05,3.80E-05
Tmigd3,0.755348559,0.013194703,0.018940856
LOC100363190,0.739478677,0.045486794,0.061542181
Zfp791,-3.097353234,3.56E-36,1.66E-35
LOC100363225,-2.537277157,1.13E-05,2.05E-05
LOC100363228,2.846769582,3.54E-94,4.56E-93
Lrcol1,3.884771701,2.32E-16,6.49E-16
Nt5c2,1.202912386,7.42E-152,1.89E-150
LOC100363268,-0.851898154,2.06E-14,5.42E-14
Adgra2,-1.167573922,6.11E-42,3.24E-41
Arhgap6,-0.276267099,0.001138726,0.001798328
LOC100363281,-1.943028001,0.000199849,0.000333785
LOC100363282,5.328362103,4.95E-31,2.04E-30
LOC100363289,0.908622487,8.44E-07,1.63E-06
LOC100363294,4.018307278,6.46E-34,2.86E-33
LOC100363296,1.285228307,1.27E-50,8.02E-50
LOC100363321,-1.134969701,4.93E-12,1.19E-11
Card11,0.927745192,1.38E-10,3.15E-10
LOC100363335,0.690342443,1.06E-14,2.81E-14
Lrriq4,-1.657516246,6.79E-08,1.38E-07
Nxpe2,-1.362805071,1.28E-08,2.70E-08
Zfp687,0.250280264,3.30E-05,5.82E-05
Poteh,-2.311715998,1.50E-35,6.87E-35
LOC100363372,-0.398907306,5.74E-06,1.06E-05
Cmc2,1.465704515,7.05E-58,5.12E-57
Prdx1l1,-0.621856482,3.42E-18,1.02E-17
LOC100363423,1.339015273,1.81E-06,3.43E-06
Mdfic2,-1.844209536,0.000494489,0.000802599
Rps10l1,1.210537809,8.15E-73,7.67E-72
LOC100363452,0.753232405,4.04E-26,1.48E-25
Zfp69,0.925388868,1.13E-09,2.50E-09
LOC100363469,1.098346976,1.48E-33,6.51E-33
Ddit4l,2.48273861,2.19E-06,4.14E-06
LOC100363500,1.841467891,9.68E-09,2.05E-08
LOC100363520,-0.909813601,1.61E-11,3.82E-11
LOC100363521,0.515791626,4.21E-30,1.70E-29
LOC100363522,3.52324205,1.86E-07,3.71E-07
LOC100363537,0.541091358,0.001537385,0.002403783
Mrpl33,0.473973678,7.41E-13,1.84E-12
LOC100363557,0.652069031,0.008126163,0.011899441
LOC100363642,0.663176651,2.13E-22,7.06E-22
LOC100363723,1.002678862,6.00E-05,0.000104016
LOC100363765,4.839168737,3.10E-10,6.98E-10
LOC100363803,2.739869224,2.92E-07,5.76E-07
LOC100363856,6.595397265,5.49E-47,3.25E-46
LOC100363914,7.074553726,7.60E-74,7.30E-73
LOC100364016,5.377587703,0,0
Hkdc1,-2.13765787,0.000107311,0.000182643
LOC100364062,1.44420668,2.49E-18,7.42E-18
LOC100364116,1.672877831,2.60E-23,8.82E-23
Zfp300,-1.951102729,1.62E-34,7.30E-34
Rnf11l1,1.615807523,1.68E-145,4.03E-144
Nktr,-0.264934495,2.67E-06,5.01E-06
LOC100364191,0.442650911,6.29E-07,1.22E-06
Btbd8,-0.885556358,4.79E-18,1.42E-17
Nwd1,-1.163799298,6.21E-10,1.38E-09
LOC100364427,1.616050407,1.16E-39,5.83E-39
LOC100364435,-2.79360199,3.95E-79,4.11E-78
LOC100364457,0.657114454,7.82E-11,1.80E-10
LOC100364509,0.730822888,0.045989581,0.062174097
LOC100364548,1.060906275,3.94E-12,9.56E-12
Rprd2,0.10827235,0.028195906,0.03911045
LOC100364769,2.652956097,1.64E-07,3.28E-07
LOC100364835,6.657610038,1.16E-133,2.44E-132
Rab37,4.625016622,4.75E-283,3.57E-281
Pdss1,1.302902701,3.06E-91,3.76E-90
LOC100365043,6.250462615,3.58E-53,2.37E-52
LOC100365062,0.40721484,1.32E-08,2.78E-08
LOC100365188,1.919945601,3.73E-11,8.71E-11
LOC100365227,1.253415992,3.34E-10,7.51E-10
Spty2d1,0.875617728,1.13E-35,5.21E-35
LOC100365289,0.302790275,7.13E-13,1.78E-12
LOC100365363,-0.779813508,4.61E-17,1.32E-16
Ctdsp2,0.138574588,0.020510043,0.028893767
LOC100365450,-4.074131974,2.41E-27,9.08E-27
LOC100365492,-3.578276798,3.15E-20,9.85E-20
LOC100365500,4.675797805,1.50E-12,3.68E-12
Sf3b6,1.434999816,2.71E-135,5.83E-134
Dennd5b,-1.069722843,5.96E-44,3.31E-43
Oca2,-4.432407577,2.59E-13,6.58E-13
Zfp605,-0.878964798,3.66E-14,9.57E-14
LOC100365810,0.668148511,8.97E-14,2.31E-13
LOC100365839,0.905736163,2.63E-45,1.50E-44
Eif4ebp3,0.676631915,2.79E-18,8.30E-18
Fam166b,-2.053550284,6.86E-11,1.59E-10
Cep85l,-0.311927718,0.001118659,0.001768147
Ube2e1,-0.190992177,4.51E-06,8.37E-06
Prdm16,-2.072856189,9.85E-32,4.13E-31
LOC100366030,-4.081351456,1.06E-96,1.42E-95
LOC100366054,-1.283711078,0.016548433,0.023544888
Smim24,-0.853077562,3.05E-10,6.88E-10
Pfdn4,0.690486018,1.27E-26,4.71E-26
Mir126a,-4.405200915,7.41E-51,4.71E-50
Mir3568,-1.334270634,0.009646232,0.014020543
Mir1949,1.891986073,0.001146419,0.001809898
Mir3582,3.544977363,0.010652854,0.015415478
Mir1249,-1.964892445,3.58E-15,9.68E-15
Mir3557,-3.505721417,8.70E-23,2.92E-22
Mir3561,0.764243741,0.00540822,0.00805461
Mir2985,-3.199265616,7.23E-19,2.19E-18
Mir3593,-1.280963893,8.08E-09,1.71E-08
Cenps,2.90183151,1.51E-156,4.04E-155
Snhg4,2.009791379,7.27E-34,3.22E-33
Rn28s,1.497045887,1.60E-25,5.77E-25
LOC100909396,3.143934841,0.011910242,0.017168669
Zfp397,-0.459911795,9.01E-06,1.64E-05
LOC100909433,1.199719229,0.020702959,0.029150271
Ube2w,-0.499420249,2.03E-22,6.73E-22
LOC100909490,5.30205271,3.55E-67,3.04E-66
LOC100909497,-5.768446273,2.38E-10,5.39E-10
Iqck,-4.04991488,8.75E-82,9.44E-81
LOC100909539,-1.75406669,3.50E-32,1.49E-31
LOC100909540,-3.548400125,2.13E-13,5.40E-13
LOC100909569,-0.529899595,1.42E-10,3.24E-10
Pigbos1,0.214120547,0.002041683,0.003157239
LOC100909637,1.148869724,0.002255982,0.00347602
Zfp239,-1.419737409,9.48E-21,3.01E-20
LOC100909660,-2.903731586,1.62E-06,3.09E-06
LOC100909661,-4.238114562,2.05E-10,4.64E-10
LOC100909671,-2.167945439,2.75E-22,9.09E-22
LOC100909675,1.923694098,2.31E-115,3.94E-114
LOC100909682,0.360352399,0.000149027,0.000251128
LOC100909688,-0.515296215,1.08E-09,2.37E-09
LOC100909691,4.26669232,2.40E-16,6.71E-16
LOC100909694,-1.475016912,5.32E-07,1.04E-06
LOC100909699,-3.29406502,1.69E-16,4.77E-16
LOC100909729,-0.699343396,1.71E-09,3.72E-09
LOC100909776,-1.736536538,1.70E-14,4.50E-14
LOC100909777,-1.857983371,0.000754283,0.00120899
LOC100909782,-5.035293695,3.62E-32,1.54E-31
Smim18,4.687205884,7.19E-33,3.11E-32
LOC100909800,-1.620165878,0.004142986,0.00624318
LOC100909803,2.154645542,1.46E-81,1.57E-80
Kbtbd7,1.747492659,1.22E-62,9.68E-62
LOC100909828,0.732890504,0.024773907,0.034595764
LOC100909866,-3.185360923,1.66E-11,3.93E-11
LOC100909892,0.366676123,0.001847532,0.0028694
LOC100909904,1.48398846,0.000183208,0.000306893
LOC100909907,-2.309215929,2.18E-26,8.05E-26
LOC100909910,-2.839087302,4.86E-07,9.49E-07
LOC100909911,-1.372600547,0.000755989,0.001211613
LOC100909912,-0.379726837,1.93E-05,3.45E-05
LOC100909928,-0.645444902,1.11E-08,2.34E-08
LOC100909941,-2.282400356,2.80E-10,6.31E-10
LOC100909946,0.968286081,6.06E-07,1.18E-06
LOC100909949,0.220773085,0.042846625,0.058164298
LOC100909954,3.313200608,9.74E-29,3.80E-28
LOC100909964,3.949417164,1.59E-131,3.29E-130
LOC100909998,-0.41659221,0.000944414,0.001501238
LOC100910017,0.632811742,8.09E-15,2.16E-14
LOC100910046,-1.115019491,1.53E-16,4.32E-16
Gfy,7.367405514,4.29E-81,4.57E-80
LOC100910069,0.321388143,8.38E-06,1.53E-05
LOC100910081,-1.379443777,8.16E-12,1.95E-11
LOC100910088,-3.202246589,3.48E-18,1.03E-17
LOC100910099,1.147200865,1.43E-23,4.90E-23
Catsperb,-1.286899918,3.65E-06,6.81E-06
LOC100910143,-1.024999174,1.24E-55,8.68E-55
Ces2,-4.603944486,3.12E-36,1.46E-35
LOC100910189,3.757224903,6.13E-06,1.13E-05
LOC100910198,3.33682616,1.31E-13,3.36E-13
LOC100910200,1.988308609,2.00E-36,9.39E-36
LOC100910201,-1.013867717,1.57E-11,3.73E-11
Crnkl1,0.314251313,4.19E-09,8.98E-09
LOC100910203,1.675602608,3.14E-15,8.52E-15
Prss50,6.218757448,1.68E-51,1.08E-50
Zfp82,-0.731536149,8.06E-06,1.48E-05
LOC100910237,1.535240632,1.31E-30,5.35E-30
LOC100910250,3.515813144,1.37E-15,3.75E-15
LOC100910258,-0.751108903,1.53E-05,2.75E-05
LOC100910259,4.996202171,5.71E-17,1.63E-16
Sdr42e2,-1.482311943,1.45E-06,2.76E-06
Larp4,-0.379606617,5.23E-18,1.54E-17
LOC100910319,0.873033608,0.047612571,0.064277188
Bbip1,1.765030685,5.88E-142,1.36E-140
LOC100910343,-2.965879384,1.64E-10,3.73E-10
LOC100910366,0.984800251,5.84E-10,1.30E-09
LOC100910391,2.912034997,2.56E-82,2.80E-81
Smim31,1.390127362,0.049234852,0.066376406
LOC100910424,-0.984665581,5.41E-16,1.50E-15
Chadl,-2.185113564,1.15E-19,3.55E-19
Ccdc180,3.658627235,2.12E-98,2.90E-97
LOC100910497,2.216512518,2.97E-59,2.21E-58
Zfp41,1.08218428,2.81E-51,1.80E-50
LOC100910524,-0.69201502,0.001399072,0.002194831
LOC100910535,0.806938623,0.047081154,0.06358879
Elfn2,-0.812049341,0.003083273,0.004698442
LOC100910554,4.580604573,5.35E-38,2.60E-37
LOC100910558,-2.775577391,1.07E-64,8.84E-64
LOC100910577,-0.987766706,8.09E-34,3.58E-33
LOC100910604,-2.150674478,2.44E-07,4.84E-07
LOC100910615,4.649591683,5.90E-40,2.99E-39
LOC100910621,-1.507009797,6.38E-07,1.24E-06
LOC100910623,-0.852024909,5.53E-11,1.28E-10
LOC100910628,-0.757583843,4.65E-08,9.54E-08
LOC100910634,-7.376650096,5.51E-105,8.29E-104
LOC100910636,3.98879841,1.85E-105,2.80E-104
LOC100910652,0.441504653,0.019997582,0.028205409
LOC100910660,1.40392681,4.09E-103,5.99E-102
LOC100910662,1.271297671,1.13E-07,2.28E-07
LOC100910669,3.14851277,1.59E-99,2.21E-98
LOC100910674,-0.47576734,5.72E-11,1.33E-10
LOC100910678,0.999643527,6.70E-15,1.80E-14
Islr2,-1.722673299,5.30E-12,1.28E-11
LOC100910731,-2.739920951,4.14E-09,8.88E-09
Mtg1,-0.191773877,0.008856594,0.012917886
Dnttip2,0.246493514,9.72E-10,2.14E-09
LOC100910768,1.140764907,1.28E-21,4.14E-21
LOC100910788,-1.296777779,2.76E-94,3.56E-93
Pvt1,0.231853248,0.045193026,0.061164303
LOC100910801,3.121581369,6.38E-203,2.66E-201
LOC100910802,-1.224291948,3.26E-10,7.33E-10
Trim15,-0.437954218,2.72E-05,4.82E-05
Tmem249,-0.304929576,0.022556832,0.031629601
LOC100910821,-0.987190876,7.09E-11,1.64E-10
Derl2,-0.440985914,6.42E-15,1.72E-14
Oip5-as1,0.520488754,2.64E-53,1.75E-52
Luzp2,4.768652598,8.24E-11,1.90E-10
LOC100910848,-2.410544706,5.12E-29,2.01E-28
Cfap69,-2.605056411,6.38E-49,3.92E-48
Naa80,0.413123537,3.99E-12,9.67E-12
LOC100910905,-1.263096269,0.026208556,0.036492395
LOC100910923,2.297647309,8.13E-18,2.39E-17
Evi2b,3.588086862,3.13E-121,5.77E-120
LOC100910949,3.172528167,5.27E-06,9.76E-06
LOC100910973,-0.269139628,0.003301293,0.005021618
LOC100910976,-0.738456282,0.00043589,0.000710411
LOC100910996,-1.117286962,6.30E-07,1.22E-06
LOC100911002,-3.929867507,2.58E-29,1.02E-28
LOC100911004,-1.799116929,2.00E-07,3.98E-07
LOC100911018,0.84148875,7.07E-37,3.35E-36
LOC100911030,0.355952985,0.037395424,0.051163401
LOC100911032,3.256940821,5.98E-05,0.000103545
Tmem45a,-1.67230216,3.64E-10,8.17E-10
LOC100911068,-2.645237784,1.16E-83,1.28E-82
Mtfr2,3.5607652,4.08E-263,2.71E-261
LOC100911093,0.532423245,0.015570748,0.022209393
LOC100911102,-3.326125838,1.22E-19,3.76E-19
Mylk4,4.558894639,6.34E-09,1.35E-08
LOC100911182,-1.361315493,2.43E-30,9.85E-30
LOC100911193,-3.61634072,1.29E-18,3.88E-18
LOC100911196,-0.13317527,0.00372221,0.005635222
LOC100911221,-1.484793401,1.23E-31,5.14E-31
Med7,0.968831839,3.85E-37,1.84E-36
LOC100911237,-1.447620179,3.83E-07,7.52E-07
LOC100911239,-2.447437412,5.03E-07,9.82E-07
LOC100911252,0.319684199,0.00024507,0.000406694
LOC100911253,2.375387117,5.21E-43,2.82E-42
LOC100911264,-3.24917951,0.000101387,0.000172928
LOC100911266,-0.395706946,1.93E-06,3.65E-06
LOC100911298,1.644015299,7.59E-05,0.00013047
LOC100911305,0.306820857,9.15E-09,1.94E-08
LOC100911312,-2.419974696,2.00E-11,4.72E-11
LOC100911327,-0.983330264,5.31E-06,9.83E-06
LOC100911353,2.237927379,0.045631092,0.061726119
LOC100911360,2.175927331,0.002673061,0.0040974
LOC100911361,1.265544675,1.76E-49,1.09E-48
LOC100911388,-1.744062688,0.000334541,0.000549775
LOC100911413,-2.392519111,6.52E-67,5.56E-66
LOC100911432,-1.513181628,1.54E-11,3.65E-11
LOC100911441,4.198630163,2.67E-18,7.96E-18
Txnl4a,0.170003492,0.004852124,0.007262965
LOC100911489,-3.479277671,1.55E-44,8.72E-44
LOC100911542,0.832864277,0.034807386,0.047803803
LOC100911553,1.074154867,2.12E-33,9.28E-33
LOC100911574,-3.029665068,2.44E-07,4.84E-07
LOC100911593,-2.49281482,9.04E-06,1.65E-05
LOC100911627,-0.316678426,1.12E-06,2.15E-06
LOC100911664,0.645882121,9.66E-65,7.97E-64
LOC100911671,-0.345132841,0.002975753,0.004541849
LOC100911719,6.358064595,7.44E-108,1.16E-106
LOC100911723,-4.025289584,1.97E-32,8.45E-32
LOC100911728,2.384333912,0.027440992,0.038118716
Mrln,3.54660136,1.42E-09,3.10E-09
Tshz2,-3.190615578,1.16E-58,8.58E-58
LOC100911790,10.84586782,1.54E-206,6.68E-205
Erich6b,-1.209588675,4.70E-05,8.20E-05
LOC100911796,-0.960459217,1.57E-05,2.83E-05
LOC100911806,-0.498018624,0.004271909,0.006428942
Zfp182,0.444149207,5.19E-11,1.21E-10
Rtl5,-0.971039565,8.89E-14,2.29E-13
LOC100911842,2.945771564,2.18E-20,6.85E-20
LOC100911847,0.941269309,9.10E-53,5.98E-52
LOC100911848,-2.069407015,0.001706874,0.002659372
LOC100911861,-1.872848764,0.033901701,0.046629221
LOC100911864,-1.3078619,2.53E-09,5.47E-09
LOC100911919,5.050300538,2.20E-204,9.33E-203
LOC100911946,-2.367316775,3.83E-14,1.00E-13
Odaph,-1.732312781,1.64E-21,5.31E-21
LOC100911956,0.826644499,2.47E-21,7.94E-21
LOC100911962,2.756209764,8.48E-31,3.48E-30
Mipol1,-0.324593724,0.000435844,0.000710375
LOC100911990,0.397120335,0.000137223,0.000231699
LOC100911992,3.627141049,0.009609376,0.013970406
LOC100912002,0.385895,0.001986348,0.003075206
LOC100912009,-0.343291672,0.000866863,0.001382867
Clec3b,-5.398245974,1.24E-236,6.86E-235
LOC100912031,-0.899937876,4.01E-23,1.36E-22
Rps27a,1.195033144,1.10E-32,4.72E-32
LOC100912037,0.550513635,7.52E-11,1.73E-10
LOC100912041,1.425010961,3.13E-86,3.60E-85
LOC100912066,-1.9268678,2.16E-43,1.18E-42
LOC100912071,-2.665232406,1.71E-51,1.10E-50
Dancr,0.645608263,4.54E-05,7.92E-05
Zfp113,-0.153497941,0.045782564,0.061914033
LOC100912103,-0.874457207,0.000132405,0.000223806
Nupr1,-1.071145559,3.30E-08,6.82E-08
LOC100912124,-1.925044522,1.14E-09,2.50E-09
Tro,-1.103810115,0.000944096,0.001500893
LOC100912143,4.611164609,1.96E-31,8.15E-31
LOC100912167,-1.193270003,3.22E-27,1.21E-26
LOC100912172,-5.830860761,5.35E-39,2.66E-38
LOC100912188,-0.610178224,6.39E-08,1.30E-07
LOC100912202,-0.914479526,3.96E-09,8.51E-09
LOC100912209,-1.131556319,1.12E-18,3.38E-18
LOC100912214,-1.406597348,0.000769147,0.001231568
Prcd,-1.424925203,6.34E-90,7.63E-89
Itprip,1.49553098,1.73E-29,6.87E-29
LOC100912248,4.845686218,7.66E-06,1.40E-05
Leng9,-0.290309018,1.24E-05,2.25E-05
LOC100912294,0.221816523,0.013335559,0.019134697
LOC100912310,8.271890224,2.91E-10,6.57E-10
LOC100912319,1.935999439,0.000947217,0.001505613
LOC100912332,4.54119232,2.63E-78,2.71E-77
LOC100912336,-1.839095938,3.98E-26,1.46E-25
LOC100912338,1.385035064,1.10E-22,3.67E-22
LOC100912347,-0.877324757,1.60E-06,3.04E-06
Ndufb1,0.648261735,9.57E-12,2.29E-11
LOC100912365,-2.11396528,7.21E-23,2.43E-22
LOC100912373,0.772065341,0.000131294,0.00022198
LOC100912402,1.966861955,1.26E-85,1.43E-84
LOC100912405,3.606378248,0.000679106,0.001092122
LOC100912413,-1.671882828,2.09E-08,4.37E-08
LOC100912416,-0.485318233,7.65E-11,1.76E-10
Nynrin,-2.645855623,5.74E-154,1.49E-152
Lilrb1,2.556011093,4.33E-37,2.06E-36
LOC100912472,0.834170054,0.03115601,0.043006691
LOC100912473,1.311660366,3.65E-07,7.17E-07
LOC100912483,-1.329493045,7.02E-22,2.30E-21
Nmrk2,4.5806864,0.000756307,0.001211992
Hoxa4,-2.25555226,5.45E-29,2.14E-28
Rtl9,-1.755659228,8.82E-08,1.79E-07
Styx,0.128499282,0.008818565,0.012865589
LOC100912557,0.44629824,0.001158314,0.001827798
LOC100912568,-6.088456682,1.02E-75,1.01E-74
LOC100912575,-1.89571854,4.32E-05,7.56E-05
LOC100912582,-0.780348824,2.60E-10,5.87E-10
LOC100912606,-1.591506394,2.84E-37,1.36E-36
LOC100912617,-1.726516975,0.023111703,0.032381559
LOC100912622,-0.141136136,0.039750666,0.054170331
LOC100912629,1.402678509,0.040466519,0.055084962
LOC100912659,0.240396189,0.001367773,0.002146642
LOC100912683,-2.873431292,1.41E-05,2.55E-05
LOC100912748,-2.007748218,2.17E-07,4.31E-07
LOC100912801,-0.976078789,1.52E-28,5.90E-28
LOC100912823,-0.726731187,2.30E-19,7.06E-19
LOC100912849,1.663866736,0.000116106,0.000197078
Tigd2,0.42427359,9.43E-16,2.60E-15
Hoxd8,-3.753842611,9.92E-96,1.30E-94
LOC100912942,-0.927119966,8.48E-06,1.55E-05
LOC100912943,4.141969798,1.26E-15,3.44E-15
LOC100912971,-3.279188498,1.23E-14,3.26E-14
LOC100912974,6.052124332,0,0
LOC100912991,0.361337576,0.000745355,0.001195153
LOC100913013,-1.192347721,0.044170133,0.059842883
Cd79a,5.762932551,1.01E-152,2.60E-151
Trim34,0.143862837,0.025810603,0.035975542
Ak6,0.675540596,6.50E-29,2.55E-28
Mir6326,-4.115252658,3.55E-35,1.62E-34
LOC102546300,1.726709844,5.46E-07,1.06E-06
LOC102546308,-2.766625148,1.53E-14,4.06E-14
LOC102546310,-1.734713776,0.00222007,0.003422813
LOC102546327,-2.794090985,2.72E-18,8.10E-18
LOC102546344,-1.118932141,0.000830021,0.001325954
LOC102546345,-1.581275681,0.036277117,0.049711531
LOC102546353,-1.105780477,0.04063141,0.055299242
LOC102546356,-2.628975668,1.82E-36,8.54E-36
LOC102546359,-0.659271073,4.04E-05,7.08E-05
LOC102546363,-1.582953941,1.54E-09,3.37E-09
LOC102546371,-1.779388463,9.11E-40,4.59E-39
LOC102546379,1.53495667,1.11E-06,2.13E-06
LOC102546403,0.826256667,3.04E-09,6.57E-09
LOC102546410,-1.639334569,4.01E-22,1.32E-21
LOC102546414,1.882328226,1.22E-09,2.68E-09
LOC102546431,-0.72896417,2.28E-11,5.38E-11
LOC102546433,-1.149647531,1.25E-51,8.03E-51
LOC102546438,0.779345658,0.002196913,0.003388783
LOC102546453,-1.949360698,1.02E-63,8.25E-63
LOC102546462,-3.675704217,3.56E-35,1.62E-34
LOC102546473,4.158299161,2.54E-39,1.27E-38
LOC102546484,1.251790658,0.006379368,0.009435889
LOC102546488,0.930141886,0.018535535,0.026235839
LOC102546491,1.160000451,2.94E-13,7.45E-13
LOC102546497,-1.757811864,2.77E-07,5.49E-07
LOC102546512,6.478760224,1.36E-200,5.54E-199
LOC102546520,-2.482344775,7.44E-05,0.000128033
LOC102546527,-3.009050257,3.34E-08,6.90E-08
LOC102546532,-6.111492274,3.00E-80,3.17E-79
LOC102546534,1.807766781,1.35E-06,2.57E-06
LOC102546539,-3.120290428,1.47E-13,3.76E-13
LOC102546541,0.765640454,0.021969168,0.030850898
LOC102546547,-1.341057763,1.72E-07,3.44E-07
LOC102546551,-1.458571371,0.000515311,0.000834928
LOC102546554,-2.164771323,0.000111987,0.000190349
LOC102546557,2.570719889,8.35E-07,1.61E-06
LOC102546563,7.838966708,4.61E-89,5.48E-88
LOC102546572,0.22400967,0.00010261,0.000174872
LOC102546579,-0.701510943,0.014639862,0.020938152
LOC102546589,-4.42813627,8.40E-30,3.37E-29
LOC102546590,-3.422400626,5.23E-23,1.77E-22
LOC102546591,-1.666633243,0.037038276,0.050695861
LOC102546594,1.693726088,9.16E-10,2.02E-09
LOC102546597,0.976239675,0.001170639,0.001846361
LOC102546598,1.789368713,2.45E-47,1.46E-46
LOC102546610,5.060067554,8.43E-38,4.08E-37
LOC102546616,3.231864975,2.02E-12,4.95E-12
LOC102546620,-1.547063528,1.77E-07,3.54E-07
LOC102546642,7.779243231,8.09E-95,1.05E-93
LOC102546647,-2.169551185,1.57E-27,5.95E-27
LOC102546648,-1.012640721,6.84E-19,2.07E-18
LOC102546657,-8.401253349,1.10E-124,2.10E-123
LOC102546663,3.107791779,5.61E-07,1.09E-06
LOC102546674,2.044463199,1.26E-21,4.11E-21
LOC102546680,9.895040377,7.20E-159,1.97E-157
LOC102546693,-2.138206453,1.21E-09,2.65E-09
LOC102546698,1.102348712,0.011345911,0.016379925
LOC102546723,1.685136727,3.12E-23,1.06E-22
Tex51,-1.468165275,0.030704064,0.042416799
LOC102546725,2.755562216,0.000609851,0.000983796
LOC102546727,-2.454356088,6.93E-06,1.27E-05
LOC102546740,-3.029702514,9.36E-50,5.84E-49
Lrap,-1.242701087,2.72E-16,7.60E-16
Cmc4,1.974953442,2.47E-32,1.05E-31
LOC102546770,1.468825796,0.00196239,0.003040661
LOC102546778,-0.690371093,2.77E-07,5.48E-07
LOC102546805,1.036600794,0.049358902,0.066528487
LOC102546806,2.075892433,0.000342418,0.000562376
Smim35,1.352225247,8.97E-14,2.31E-13
LOC102546816,-2.97834298,5.34E-08,1.09E-07
LOC102546819,2.035533074,1.27E-50,8.05E-50
LOC102546822,7.222281892,4.37E-53,2.88E-52
LOC102546824,-3.672090433,4.51E-27,1.69E-26
LOC102546831,2.66301452,0.000195792,0.000327231
LOC102546833,4.353128376,6.77E-22,2.22E-21
LOC102546835,-3.155613678,8.89E-24,3.06E-23
LOC102546843,-2.122919198,5.50E-05,9.55E-05
LOC102546847,-2.132082993,8.60E-05,0.000147418
LOC102546856,-1.07771077,1.74E-11,4.12E-11
LOC102546864,2.345548839,3.44E-43,1.87E-42
Prrt1b,-1.906570263,1.65E-27,6.27E-27
LOC102546903,6.839768871,7.97E-115,1.35E-113
LOC102546946,0.48333678,0.001532794,0.002396986
LOC102546950,-1.113943483,0.000500097,0.000811213
LOC102546966,-3.221693826,1.51E-18,4.52E-18
LOC102546977,-2.165085127,1.34E-06,2.55E-06
LOC102546992,4.456012915,4.80E-37,2.28E-36
LOC102547003,-1.887111375,9.95E-15,2.65E-14
LOC102547008,-1.782352002,4.99E-28,1.92E-27
LOC102547011,2.441049265,2.60E-05,4.61E-05
LOC102547028,5.934264434,1.82E-37,8.78E-37
LOC102547034,-4.275051688,8.76E-71,8.02E-70
LOC102547037,6.127379617,1.91E-128,3.81E-127
LOC102547042,-1.151921561,5.72E-49,3.52E-48
LOC102547046,-0.705408437,0.014948212,0.021361603
LOC102547047,5.476058076,0,0
Ulbp1,-0.428095964,0.010291309,0.014915642
LOC102547058,-0.97545958,0.001734763,0.002701544
LOC102547064,1.440149408,5.43E-07,1.06E-06
LOC102547078,0.749226971,4.19E-08,8.62E-08
LOC102547086,-1.205604607,7.40E-45,4.18E-44
LOC102547088,1.407379195,3.23E-22,1.07E-21
LOC102547090,-1.859866071,1.47E-05,2.65E-05
LOC102547097,2.75614907,0.000122628,0.000207818
LOC102547102,-1.616020273,0.000309196,0.000509341
LOC102547107,-3.133608126,6.33E-19,1.92E-18
LOC102547109,-1.997306636,1.50E-41,7.86E-41
LOC102547111,-0.825009304,0.041881526,0.056911628
LOC102547113,-0.630658521,0.022495785,0.031551476
LOC102547127,2.087452574,0.001529077,0.002391426
LOC102547136,-1.326453467,0.004543887,0.006823327
LOC102547139,9.336072514,1.15E-154,3.00E-153
LOC102547155,1.812737052,0.021081797,0.029649817
LOC102547159,1.480496324,7.85E-08,1.59E-07
LOC102547160,-3.897489003,4.01E-33,1.74E-32
LOC102547162,-1.77341533,3.17E-15,8.58E-15
LOC102547167,-0.571616893,0.000475228,0.000772481
LOC102547168,4.317413929,2.56E-32,1.09E-31
LOC102547177,-2.179118923,1.79E-08,3.73E-08
LOC102547184,0.90124354,2.63E-11,6.18E-11
LOC102547212,2.782674985,5.99E-07,1.17E-06
Mosmo,-0.864762076,5.78E-76,5.75E-75
LOC102547234,0.693478053,0.015973923,0.022761417
LOC102547235,-0.9339537,2.97E-41,1.55E-40
LOC102547242,-0.703537206,2.21E-10,5.01E-10
LOC102547254,-1.197786567,1.02E-08,2.15E-08
LOC102547255,-1.733047134,0.008276597,0.012106544
LOC102547261,-3.263220087,0.001902472,0.002951686
LOC102547265,-1.618599097,5.58E-12,1.35E-11
LOC102547266,1.593514015,2.05E-09,4.47E-09
LOC102547276,-3.872191146,2.61E-42,1.39E-41
LOC102547278,-1.551683784,3.24E-14,8.49E-14
LOC102547286,-2.8788519,9.75E-67,8.28E-66
LOC102547287,0.187780949,0.016828147,0.023924451
LOC102547290,-0.272156503,0.019276373,0.027240134
LOC102547300,0.800395417,0.003076627,0.004688798
LOC102547308,3.802944218,4.56E-30,1.84E-29
LOC102547313,-2.981411892,6.42E-16,1.78E-15
LOC102547319,-0.489818728,0.000716173,0.001149669
LOC102547322,-1.404371922,0.000786907,0.00125912
LOC102547324,-0.930734307,2.81E-05,4.97E-05
LOC102547345,3.698473434,1.09E-41,5.75E-41
LOC102547350,-0.63739759,0.011122075,0.016067754
LOC102547357,2.791309452,3.95E-24,1.37E-23
LOC102547371,-4.670016502,8.07E-25,2.85E-24
LOC102547383,0.457355139,0.002365987,0.003639336
LOC102547396,2.586591513,1.53E-71,1.41E-70
LOC102547398,2.308984261,1.27E-22,4.25E-22
LOC102547409,-6.319246803,1.19E-80,1.26E-79
LOC102547413,-0.996894167,6.94E-50,4.34E-49
LOC102547415,-2.470588089,4.89E-05,8.52E-05
LOC102547438,-1.066185712,0.015593423,0.022238519
LOC102547440,0.97250804,0.000563717,0.000911312
LOC102547443,-1.100635658,1.63E-27,6.19E-27
LOC102547459,3.332550612,3.81E-99,5.27E-98
LOC102547473,-0.880372308,7.70E-06,1.41E-05
LOC102547474,4.693834448,4.89E-22,1.61E-21
LOC102547475,6.415053129,5.30E-53,3.49E-52
LOC102547478,-4.337335139,6.51E-73,6.15E-72
LOC102547493,-0.707150102,0.016352103,0.023275626
LOC102547495,-2.266412693,1.81E-12,4.44E-12
LOC102547503,0.49003268,2.76E-06,5.18E-06
LOC102547511,-1.497104237,2.62E-06,4.92E-06
LOC102547538,7.01859189,2.22E-69,1.98E-68
LOC102547544,-0.819808236,3.45E-12,8.39E-12
LOC102547579,3.169583494,9.51E-07,1.83E-06
LOC102547581,3.10307053,1.99E-32,8.52E-32
LOC102547588,-1.325622105,5.29E-08,1.08E-07
LOC102547621,-1.831808235,0.000499476,0.000810294
LOC102547623,-3.43257341,2.11E-20,6.64E-20
LOC102547634,-2.189308516,7.74E-14,2.00E-13
LOC102547645,1.968290326,0.003986653,0.006018327
LOC102547662,-5.318953674,7.08E-52,4.58E-51
LOC102547665,1.237934067,2.16E-17,6.26E-17
LOC102547667,-2.986605475,1.32E-18,3.97E-18
LOC102547670,-1.558047702,1.46E-10,3.34E-10
LOC102547688,-1.070248439,0.000450526,0.000733617
LOC102547698,-1.713724992,9.66E-20,2.99E-19
LOC102547700,1.229682499,8.58E-50,5.36E-49
LOC102547703,-3.344580662,1.99E-64,1.63E-63
LOC102547707,2.147133667,2.77E-05,4.91E-05
LOC102547711,-2.491180653,8.15E-09,1.73E-08
LOC102547720,-0.930310459,8.62E-06,1.57E-05
LOC102547727,2.052361013,0.000760651,0.001218492
LOC102547728,-1.369706125,1.62E-62,1.29E-61
LOC102547734,4.253168511,2.26E-45,1.29E-44
LOC102547750,1.071719569,5.97E-05,0.000103521
LOC102547753,-2.689608688,2.35E-46,1.37E-45
LOC102547807,1.489712387,2.56E-07,5.07E-07
LOC102547811,-1.992045066,0.003700019,0.005603059
LOC102547829,-3.670229239,8.00E-74,7.67E-73
LOC102547830,-2.953992208,4.42E-47,2.62E-46
LOC102547832,2.827343467,0.000880126,0.001403419
LOC102547840,4.668310859,5.98E-44,3.32E-43
LOC102547853,3.083539323,1.22E-05,2.21E-05
LOC102547858,0.74244703,0.021956198,0.030834148
LOC102547863,1.005997507,0.00210419,0.003250841
LOC102547866,2.276857494,0.023473405,0.032868099
LOC102547890,4.047302582,1.17E-22,3.90E-22
LOC102547892,-2.508732204,1.24E-07,2.50E-07
LOC102547897,0.822210369,8.99E-31,3.69E-30
LOC102547905,1.141772389,9.24E-07,1.78E-06
LOC102547911,-3.055893508,5.61E-10,1.25E-09
LOC102547920,1.574907392,2.85E-14,7.47E-14
LOC102547925,-1.339142824,5.19E-45,2.95E-44
Zfp623,-0.572398531,1.82E-13,4.65E-13
LOC102547942,0.869847605,0.006941475,0.010233038
LOC102547943,3.870666036,2.97E-12,7.22E-12
LOC102547955,-0.287911138,3.94E-05,6.91E-05
LOC102547969,-2.502683759,7.01E-12,1.68E-11
LOC102547978,-1.44012197,0.009349832,0.013609123
LOC102547982,4.730610082,6.59E-23,2.22E-22
LOC102547989,7.485738898,2.86E-88,3.37E-87
LOC102547991,-2.065547973,0.001021029,0.001619284
LOC102548010,-2.421614363,5.35E-37,2.54E-36
Ccdc168,1.646670831,9.51E-08,1.92E-07
LOC102548014,-2.757179772,2.86E-11,6.71E-11
Rps4x-ps1,-2.529166326,1.30E-09,2.86E-09
LOC102548045,2.874239727,5.05E-30,2.03E-29
LOC102548046,1.709036491,1.97E-10,4.46E-10
LOC102548047,-0.62161086,1.68E-07,3.36E-07
LOC102548056,-1.954654258,2.96E-09,6.39E-09
LOC102548061,1.878039357,0.002413692,0.003710979
LOC102548069,-0.793691877,1.02E-26,3.80E-26
LOC102548079,-2.417730001,4.36E-11,1.02E-10
LOC102548095,3.801016177,8.04E-44,4.44E-43
LOC102548116,-4.938999571,4.29E-22,1.41E-21
LOC102548124,1.86543385,0.000101824,0.000173613
Armh2,2.252515782,8.20E-05,0.000140723
LOC102548129,-4.192571643,6.34E-49,3.90E-48
LOC102548137,1.80759275,6.17E-08,1.26E-07
LOC102548141,-3.417156091,8.06E-12,1.93E-11
LOC102548155,-2.66036926,1.33E-44,7.49E-44
LOC102548159,-2.280542245,0.003216167,0.004894146
LOC102548161,-3.633842603,2.12E-22,7.05E-22
LOC102548175,2.835112599,0.049084899,0.066186311
Hotairm1,-2.888126698,2.71E-57,1.94E-56
LOC102548180,9.597275296,4.24E-192,1.61E-190
LOC102548186,0.83429575,0.022586011,0.031667515
LOC102548187,1.685546523,5.37E-10,1.20E-09
LOC102548189,-1.038080938,0.004391931,0.006604864
LOC102548198,5.629436405,3.04E-30,1.23E-29
LOC102548205,-0.884049671,0.000337376,0.000554342
LOC102548211,-2.950473964,9.66E-74,9.26E-73
LOC102548220,-3.110144536,2.01E-27,7.61E-27
LOC102548223,2.869115969,3.60E-32,1.53E-31
LOC102548225,-3.541206449,1.72E-102,2.49E-101
Bivm,-1.441374479,1.14E-172,3.56E-171
LOC102548231,-0.728530653,1.05E-12,2.61E-12
LOC102548236,-1.156394863,0.037026051,0.050681473
LOC102548245,1.385201409,1.65E-05,2.95E-05
LOC102548247,-1.791991776,0.002364893,0.003638032
LOC102548249,0.294304199,0.004595303,0.006896685
LOC102548251,2.455831859,5.17E-10,1.15E-09
LOC102548277,-1.024569696,1.78E-05,3.19E-05
LOC102548282,0.317037226,0.045965286,0.062144092
LOC102548285,6.805395015,1.27E-93,1.62E-92
LOC102548286,-1.522030258,2.23E-33,9.75E-33
LOC102548304,-1.647215049,2.08E-10,4.71E-10
LOC102548322,-2.188249077,5.16E-08,1.06E-07
LOC102548326,-1.333308716,1.16E-06,2.23E-06
LOC102548329,-1.927834771,0.044644967,0.060458515
LOC102548331,4.839362841,7.28E-32,3.06E-31
LOC102548336,-3.174756187,3.15E-16,8.80E-16
LOC102548349,-0.763654986,0.004890891,0.007317661
LOC102548350,-1.427986165,0.002606961,0.003998565
LOC102548352,-2.273225068,3.87E-37,1.84E-36
LOC102548358,2.60144441,0.000279437,0.000461784
LOC102548361,-1.529689648,1.25E-15,3.43E-15
LOC102548367,-2.261534048,7.60E-28,2.90E-27
LOC102548368,-2.511382484,1.38E-07,2.77E-07
LOC102548369,1.192138071,0.000412723,0.000673953
LOC102548370,1.359145277,0.00012608,0.000213458
LOC102548374,2.796133411,1.24E-05,2.25E-05
LOC102548378,-3.318389094,9.33E-26,3.38E-25
LOC102548384,-2.346863297,5.02E-10,1.12E-09
LOC102548389,-0.93953326,3.17E-67,2.72E-66
LOC102548408,0.969782464,8.30E-08,1.68E-07
LOC102548409,-2.433297359,5.01E-18,1.48E-17
LOC102548417,2.536142761,0.019033532,0.026911107
LOC102548435,1.21011966,4.44E-08,9.12E-08
LOC102548450,-5.679365557,1.32E-166,3.90E-165
LOC102548452,-1.111143265,0.028912002,0.040058667
LOC102548458,-2.934365838,5.07E-11,1.18E-10
LOC102548459,-0.881748889,3.36E-24,1.17E-23
LOC102548461,-1.280447195,5.23E-17,1.50E-16
LOC102548467,3.522541579,0.012472439,0.017940615
LOC102548472,-1.881069369,3.51E-19,1.07E-18
LOC102548484,-0.74289617,1.61E-05,2.89E-05
LOC102548486,-2.236547227,3.15E-13,7.97E-13
LOC102548498,3.441655529,2.07E-06,3.90E-06
LOC102548503,-0.929695051,1.63E-25,5.85E-25
LOC102548505,2.058369232,0.000712824,0.001144481
LOC102548506,1.025516142,0.000289125,0.000477128
LOC102548510,0.693396104,0.038400752,0.052478189
LOC102548530,2.248570289,8.62E-11,1.98E-10
LOC102548542,0.710098407,0.000447917,0.000729489
LOC102548546,-0.768186516,0.001469927,0.002302082
Vcpkmt,1.236768076,3.52E-122,6.57E-121
LOC102548573,7.470420695,2.23E-87,2.60E-86
LOC102548575,-2.886827407,1.29E-41,6.78E-41
LOC102548576,-3.186978987,6.72E-25,2.38E-24
LOC102548579,6.074605481,8.45E-42,4.47E-41
LOC102548586,-2.140944815,9.82E-55,6.71E-54
LOC102548588,1.235429117,0.000178246,0.000298766
LOC102548590,-3.779337675,3.44E-45,1.96E-44
LOC102548593,1.602535677,1.35E-17,3.95E-17
LOC102548597,-1.820509256,1.95E-19,5.97E-19
LOC102548600,-1.376222236,8.44E-35,3.82E-34
LOC102548601,5.741587481,6.72E-123,1.26E-121
LOC102548624,5.223724888,4.35E-27,1.63E-26
LOC102548637,-3.614455619,1.05E-22,3.52E-22
LOC102548639,-2.449677149,3.34E-30,1.35E-29
LOC102548648,1.650554818,0.015952107,0.022734711
LOC102548655,2.141663019,4.30E-16,1.20E-15
LOC102548661,2.102363328,2.15E-48,1.31E-47
LOC102548668,-1.10326174,6.93E-06,1.27E-05
LOC102548682,3.852454087,2.04E-173,6.39E-172
LOC102548683,-1.305029012,3.51E-06,6.54E-06
LOC102548692,-1.33762048,6.29E-21,2.00E-20
Zfp28,-0.612279981,1.85E-14,4.88E-14
LOC102548695,-2.408991088,4.58E-52,2.98E-51
LOC102548697,3.513484734,2.48E-08,5.15E-08
LOC102548719,2.842811616,1.79E-05,3.21E-05
LOC102548728,-2.957702234,6.87E-13,1.71E-12
LOC102548729,-0.585535421,0.008974755,0.013083781
LOC102548737,3.124527014,0.0016158,0.002523989
LOC102548743,1.711908536,0.004458247,0.006701868
LOC102548754,2.565895582,0.000514854,0.000834326
LOC102548758,-1.052532396,0.007563587,0.011106977
LOC102548759,-1.453203394,1.29E-26,4.78E-26
LOC102548772,-1.312985683,3.40E-13,8.56E-13
LOC102548773,-1.054128979,0.001822267,0.002831553
Parp10,-0.311348661,5.33E-09,1.14E-08
LOC102548789,-1.688527593,0.001410363,0.002211842
LOC102548791,-3.281307481,3.15E-34,1.41E-33
LOC102548792,-2.103589695,2.75E-06,5.15E-06
LOC102548800,-1.68528201,7.64E-30,3.06E-29
LOC102548818,-2.600660012,8.69E-19,2.62E-18
LOC102548829,0.788232134,0.005288711,0.007885356
LOC102548848,7.364228738,8.23E-308,7.31E-306
LOC102548889,-1.988921037,0.005348119,0.007967908
LOC102548891,5.453230089,3.06E-29,1.21E-28
LOC102548892,-3.387302806,5.35E-17,1.53E-16
LOC102548900,3.030279795,1.29E-36,6.08E-36
LOC102548902,0.996286416,6.79E-06,1.25E-05
LOC102548908,-7.478776505,6.91E-142,1.60E-140
LOC102548910,7.147162403,3.52E-06,6.57E-06
LOC102548914,1.212278572,0.018893566,0.026720875
LOC102548917,0.407985017,2.01E-11,4.75E-11
LOC102548918,-2.280526069,5.52E-06,1.02E-05
LOC102548933,-1.991092229,0.000171373,0.000287556
LOC102548944,-3.073833764,1.63E-49,1.01E-48
LOC102548945,-0.699693952,0.000239318,0.000397462
LOC102548949,-1.146673673,2.22E-08,4.62E-08
LOC102548950,-0.628613691,0.004062502,0.006126265
LOC102548964,2.433057431,9.24E-11,2.12E-10
LOC102548988,1.369186396,0.000111498,0.000189562
LOC102548992,2.96372146,0.000127015,0.000214966
LOC102549007,-4.924402018,4.56E-41,2.37E-40
LOC102549052,1.436754839,1.20E-56,8.53E-56
LOC102549059,-4.321093775,1.87E-55,1.30E-54
LOC102549061,5.138122087,9.86E-93,1.24E-91
LOC102549070,1.619951819,0.000254736,0.0004222
LOC102549076,-0.725513066,8.41E-05,0.000144222
LOC102549085,3.096264438,1.32E-19,4.06E-19
LOC102549086,2.760215882,0.001408206,0.002208809
LOC102549089,3.894256076,1.58E-177,5.15E-176
LOC102549100,2.05477674,5.62E-22,1.84E-21
LOC102549102,-2.475633465,3.55E-20,1.11E-19
LOC102549109,-0.899626439,0.001128304,0.001782439
LOC102549117,-1.599887623,1.50E-75,1.48E-74
LOC102549122,8.349226525,6.27E-146,1.51E-144
LOC102549125,-1.585486384,0.003262534,0.004964448
LOC102549141,8.166072977,1.15E-128,2.30E-127
LOC102549144,-2.81752862,1.63E-08,3.41E-08
LOC102549147,-1.11986913,3.75E-06,6.99E-06
LOC102549158,0.569439131,6.63E-07,1.29E-06
LOC102549173,5.059519694,3.42E-177,1.11E-175
LOC102549176,-0.979218522,0.004738617,0.007100245
LOC102549184,-1.165699021,1.17E-08,2.46E-08
LOC102549213,6.74826555,1.60E-101,2.29E-100
LOC102549214,3.097100056,1.21E-20,3.82E-20
LOC102549230,-3.207280016,2.11E-35,9.67E-35
LOC102549233,-1.517286755,2.21E-14,5.82E-14
LOC102549239,-0.842933774,8.80E-13,2.18E-12
LOC102549242,-3.535866126,6.13E-67,5.23E-66
LOC102549260,5.532107484,1.61E-56,1.14E-55
LOC102549265,9.938737278,1.17E-213,5.27E-212
LOC102549269,1.748337305,0.00121266,0.001910702
LOC102549280,2.918496685,3.91E-07,7.68E-07
LOC102549281,2.01815459,1.95E-74,1.89E-73
LOC102549291,-3.674001412,2.28E-30,9.25E-30
LOC102549294,-3.501656325,2.30E-84,2.56E-83
LOC102549299,5.502733211,7.84E-79,8.14E-78
LOC102549303,-1.126863699,2.58E-21,8.30E-21
LOC102549313,9.044271338,5.32E-240,3.00E-238
LOC102549317,-0.797910061,7.79E-05,0.00013396
LOC102549326,1.513319961,0.0079137,0.011602106
LOC102549328,0.437827533,7.74E-06,1.42E-05
LOC102549342,1.959890303,3.03E-36,1.42E-35
LOC102549347,-0.364565566,0.006679355,0.009860324
LOC102549362,-0.584993464,0.004648341,0.0069731
LOC102549382,-2.257582597,3.86E-07,7.58E-07
LOC102549385,6.857345742,7.45E-72,6.91E-71
LOC102549391,-1.887022505,0.005390898,0.008030025
LOC102549402,-1.591456863,0.007336881,0.010789595
LOC102549403,-1.784741791,4.34E-07,8.50E-07
LOC102549406,3.832231219,9.16E-98,1.24E-96
LOC102549408,2.65556321,4.61E-07,9.01E-07
LOC102549410,0.454593941,4.17E-05,7.30E-05
LOC102549417,3.582136779,3.69E-76,3.69E-75
LOC102549418,2.141372986,1.71E-08,3.58E-08
LOC102549419,-1.62000575,0.000434868,0.000708823
LOC102549456,1.135947565,2.67E-11,6.27E-11
LOC102549457,1.57036159,9.05E-06,1.65E-05
LOC102549458,-1.589940953,0.001088359,0.001721542
LOC102549471,2.406061054,2.25E-176,7.23E-175
LOC102549473,-1.532467909,6.13E-15,1.64E-14
LOC102549483,-2.234627516,5.50E-05,9.56E-05
LOC102549484,3.387536114,1.38E-14,3.65E-14
LOC102549494,-5.476904642,2.13E-80,2.25E-79
LOC102549525,1.586604087,1.36E-07,2.73E-07
LOC102549526,-3.59927423,6.98E-74,6.71E-73
LOC102549532,1.122902965,7.13E-10,1.58E-09
LOC102549543,2.667865634,3.36E-05,5.91E-05
LOC102549547,-0.573645149,0.039187093,0.05346882
LOC102549561,-3.202911498,3.46E-17,9.98E-17
LOC102549578,-3.4989563,1.04E-26,3.84E-26
LOC102549581,-1.450310771,0.007193184,0.010588275
LOC102549583,1.506521142,0.018066261,0.025605915
LOC102549608,-0.961480154,0.00083437,0.001332541
LOC102549611,-1.229970572,7.88E-14,2.04E-13
LOC102549616,2.212144476,2.91E-23,9.88E-23
LOC102549638,3.344000929,5.33E-21,1.70E-20
LOC102549654,-1.467322102,5.24E-08,1.07E-07
LOC102549660,-5.264638228,1.37E-34,6.15E-34
LOC102549668,1.330487572,0.000210457,0.000350967
LOC102549675,-1.15344532,2.54E-68,2.22E-67
LOC102549694,3.904421417,6.82E-164,1.96E-162
Samd11,-0.590247014,0.000600295,0.000968962
LOC102549715,-1.496437772,0.009676844,0.014064345
LOC102549721,-2.214933737,0.009510881,0.013833328
LOC102549726,1.156262568,3.51E-54,2.37E-53
LOC102549737,-1.247926119,0.000861476,0.001374718
LOC102549740,-0.554949492,0.019409216,0.027418692
LOC102549742,3.825921751,6.60E-20,2.05E-19
LOC102549743,-1.410943157,2.40E-09,5.20E-09
LOC102549751,-2.05020369,0.005290957,0.007888307
LOC102549755,9.306631655,0,0
LOC102549784,1.78193674,7.90E-06,1.45E-05
LOC102549787,-1.232472508,1.67E-05,3.00E-05
LOC102549789,-0.801286142,1.49E-06,2.84E-06
Nat8f4,-1.616943311,2.32E-25,8.32E-25
LOC102549805,-2.770962808,1.62E-14,4.29E-14
LOC102549816,-1.883926294,3.45E-08,7.13E-08
LOC102549817,-0.199645519,0.003179662,0.004840835
LOC102549824,-1.088888606,0.001959739,0.003036872
LOC102549835,-3.643204687,3.96E-22,1.31E-21
LOC102549842,0.400925831,1.55E-08,3.25E-08
LOC102549852,0.756283761,0.034549452,0.047464985
LOC102549857,-1.545977527,1.21E-07,2.43E-07
LOC102549861,-1.240299191,3.41E-05,6.00E-05
LOC102549865,-1.83890495,9.51E-24,3.26E-23
LOC102549869,2.3197253,4.21E-53,2.79E-52
LOC102549878,4.400281601,1.88E-15,5.12E-15
LOC102549886,-2.079916314,0.00021134,0.000352341
LOC102549890,-0.743487406,1.39E-05,2.51E-05
LOC102549893,2.17213874,1.42E-22,4.73E-22
LOC102549898,-1.815746248,2.29E-05,4.07E-05
LOC102549910,-1.43522881,2.05E-09,4.46E-09
LOC102549915,-1.149406036,1.55E-15,4.24E-15
LOC102549917,-1.567840897,1.44E-10,3.29E-10
LOC102549927,7.763077054,1.15E-103,1.70E-102
LOC102549948,-4.812269601,5.82E-44,3.23E-43
LOC102549964,4.949120091,2.30E-48,1.40E-47
LOC102549965,5.063387058,3.62E-23,1.23E-22
LOC102549967,0.663830664,0.019009978,0.02687909
LOC102549983,1.297177288,0.020281096,0.028584847
LOC102549994,-1.150049337,0.002034982,0.003147535
LOC102549998,1.413950794,0.007605751,0.011165569
LOC102550008,1.785486323,4.37E-07,8.56E-07
LOC102550010,0.899556638,0.008395124,0.012270818
LOC102550011,-2.451887869,1.79E-63,1.45E-62
LOC102550045,1.482377353,0.003711444,0.005619209
LOC102550046,-1.756513627,8.06E-20,2.50E-19
LOC102550048,-2.541103442,0.002962326,0.00452299
LOC102550051,1.523487574,2.38E-05,4.24E-05
LOC102550082,-3.40103037,4.55E-23,1.54E-22
LOC102550090,2.973801345,7.34E-82,7.92E-81
LOC102550095,-4.032102445,8.44E-25,2.98E-24
LOC102550098,1.40632445,2.07E-05,3.69E-05
LOC102550105,3.491555478,3.18E-105,4.80E-104
LOC102550111,-1.903291553,2.55E-08,5.29E-08
LOC102550112,-3.066488671,2.62E-12,6.37E-12
LOC102550119,1.522307144,0.025718087,0.035853347
LOC102550123,-1.757920315,3.08E-05,5.43E-05
LOC102550127,-1.111506159,1.68E-18,5.03E-18
LOC102550135,2.654940715,1.92E-08,4.01E-08
LOC102550137,3.919808363,5.77E-120,1.05E-118
LOC102550141,-1.825967315,2.58E-06,4.85E-06
LOC102550168,-0.601871104,1.18E-05,2.14E-05
LOC102550180,-0.370978964,0.000650564,0.00104776
LOC102550182,-1.617645175,3.53E-12,8.57E-12
Samd1,2.034220007,4.78E-255,3.03E-253
LOC102550192,-2.76862518,1.46E-13,3.75E-13
LOC102550203,1.060673722,0.000381312,0.000624417
LOC102550206,-2.178895962,2.82E-05,4.99E-05
LOC102550214,-1.392407084,0.004202348,0.006330376
LOC102550217,-1.59064216,0.003016116,0.004600655
LOC102550225,0.466778666,0.008361194,0.012223639
LOC102550226,7.956480112,1.84E-119,3.30E-118
LOC102550239,4.542034929,1.20E-16,3.41E-16
LOC102550245,-3.339706922,8.52E-95,1.10E-93
LOC102550246,0.953493201,2.87E-10,6.47E-10
LOC102550255,4.867870825,4.30E-33,1.87E-32
LOC102550284,4.020320946,4.65E-09,9.96E-09
LOC102550291,-0.481805075,8.98E-05,0.000153679
LOC102550304,-2.807572619,1.44E-53,9.60E-53
LOC102550306,-0.531127086,0.017493081,0.024829214
LOC102550325,4.827024782,0.00027034,0.000447276
LOC102550328,1.865725394,0.021468473,0.030177862
LOC102550334,-2.795382554,1.81E-16,5.10E-16
LOC102550337,-2.71893457,2.97E-21,9.53E-21
LOC102550339,-0.82411719,0.042426526,0.057628391
Kmt2b,-0.324812864,4.84E-08,9.92E-08
LOC102550353,-1.898214176,1.41E-07,2.82E-07
LOC102550354,1.559292724,0.001169444,0.001844739
LOC102550363,2.874509151,0.00451056,0.006777015
LOC102550366,-2.0170257,8.57E-36,3.96E-35
LOC102550373,1.394153472,3.11E-11,7.29E-11
LOC102550375,1.518547275,0.017067922,0.024252517
Lyrm4,1.04927993,2.14E-65,1.79E-64
LOC102550392,-2.622420861,2.16E-10,4.89E-10
LOC102550402,-3.576435659,4.82E-18,1.42E-17
LOC102550403,-1.186468616,0.028884687,0.040022696
LOC102550409,-1.775369252,5.32E-12,1.28E-11
LOC102550417,2.754055964,1.18E-05,2.15E-05
LOC102550420,-2.901961565,1.70E-33,7.45E-33
LOC102550424,-2.833984856,1.48E-68,1.29E-67
LOC102550425,7.953342259,2.71E-87,3.15E-86
LOC102550466,2.940023188,5.33E-08,1.09E-07
LOC102550469,1.781373956,0.01634566,0.023267575
LOC102550474,-2.374335663,1.49E-31,6.21E-31
LOC102550498,1.51107161,2.19E-19,6.70E-19
LOC102550499,-2.780471313,1.09E-59,8.20E-59
LOC102550503,-3.725776888,3.44E-08,7.10E-08
LOC102550510,0.639187473,2.33E-05,4.14E-05
LOC102550520,-3.19588966,3.26E-37,1.56E-36
Fsbp,1.971747688,6.14E-43,3.32E-42
LOC102550524,-2.195440922,1.04E-74,1.01E-73
LOC102550527,-2.158890261,1.56E-21,5.04E-21
LOC102550533,5.916158829,1.10E-49,6.87E-49
LOC102550534,0.840425059,0.028035586,0.038900839
LOC102550536,-3.191501815,8.66E-16,2.39E-15
LOC102550543,-1.120530667,7.65E-07,1.48E-06
LOC102550544,-4.410344843,1.53E-43,8.42E-43
LOC102550565,-2.655040372,4.12E-26,1.51E-25
LOC102550566,-1.975947953,1.10E-15,3.03E-15
LOC102550569,-3.153327935,1.60E-10,3.64E-10
LOC102550575,-1.835151329,2.22E-24,7.76E-24
LOC102550576,-2.324487154,1.54E-20,4.87E-20
LOC102550580,-3.743761767,1.97E-85,2.24E-84
LOC102550600,2.96853308,6.70E-06,1.23E-05
LOC102550611,6.617709507,7.60E-36,3.51E-35
LOC102550623,-0.684247678,0.028133546,0.039033101
LOC102550635,-1.369650216,0.01932015,0.02730019
LOC102550639,3.234046818,1.76E-11,4.16E-11
LOC102550644,-5.480752445,2.02E-134,4.29E-133
LOC102550657,-0.685997869,4.53E-13,1.14E-12
LOC102550659,2.029528091,3.71E-11,8.66E-11
LOC102550662,1.642832084,0.002677652,0.004104225
LOC102550678,-5.815901577,2.40E-114,4.03E-113
LOC102550696,6.051247496,1.09E-114,1.83E-113
LOC102550701,-1.229461894,0.01525908,0.021786903
LOC102550706,-2.894222748,1.06E-11,2.52E-11
LOC102550711,-0.914132064,5.89E-06,1.09E-05
LOC102550725,-0.96285537,1.28E-06,2.45E-06
LOC102550729,-0.730090353,2.25E-08,4.68E-08
LOC102550733,1.807263525,0.004883696,0.007307636
LOC102550737,-0.605874089,6.02E-06,1.11E-05
LOC102550746,-2.986453364,5.63E-29,2.21E-28
LOC102550757,7.76961069,1.44E-89,1.72E-88
LOC102550774,-1.943686,5.75E-16,1.59E-15
LOC102550782,-2.777240911,1.14E-05,2.07E-05
LOC102550783,-1.217688377,0.005213351,0.007778484
LOC102550787,-2.502854816,8.07E-05,0.000138507
LOC102550792,1.803197708,0.016151262,0.023005244
LOC102550793,0.946523555,9.99E-13,2.47E-12
LOC102550806,6.062952435,4.18E-28,1.61E-27
LOC102550812,-1.593377266,0.015277521,0.02181218
LOC102550828,-2.870119323,2.22E-11,5.23E-11
LOC102550837,3.492991955,1.26E-26,4.67E-26
LOC102550842,-3.149384458,4.12E-19,1.25E-18
LOC102550849,-0.984103147,3.54E-05,6.21E-05
LOC102550851,0.518386447,8.39E-13,2.09E-12
LOC102550864,0.856062812,0.000421861,0.000688343
LOC102550872,-1.384062148,0.003739725,0.00566087
LOC102550895,-1.246404979,7.75E-51,4.92E-50
LOC102550898,-1.016183494,0.033593383,0.046226645
LOC102550910,-1.162441543,4.30E-06,8.00E-06
Tigd4,1.514377571,0.043897424,0.059508839
LOC102550934,4.423668535,3.19E-60,2.43E-59
LOC102550944,0.705186219,0.006846838,0.01009906
LOC102550954,3.54088957,1.76E-62,1.40E-61
LOC102550955,-2.702699107,3.88E-10,8.69E-10
LOC102550957,-2.170606921,0.000549273,0.000888641
LOC102550965,2.02012798,8.86E-05,0.000151661
LOC102550976,-2.169897711,1.59E-35,7.32E-35
LOC102550985,-5.249045341,9.51E-121,1.74E-119
LOC102550993,-4.875285279,1.46E-69,1.30E-68
LOC102550997,5.569657066,9.62E-29,3.75E-28
LOC102550999,-0.757658225,7.05E-09,1.50E-08
LOC102551002,-2.477408479,0.00093617,0.001488773
LOC102551006,-3.935999233,2.09E-18,6.25E-18
LOC102551009,1.397019355,1.94E-08,4.06E-08
LOC102551010,2.090793133,0.021988684,0.030876438
LOC102551014,0.224862012,0.039215382,0.053502484
LOC102551017,0.78346822,0.008851922,0.012911708
LOC102551022,9.594421583,6.14E-200,2.48E-198
LOC102551026,3.46096907,5.68E-14,1.47E-13
LOC102551030,1.516228736,1.52E-29,6.03E-29
LOC102551038,-1.280688171,1.27E-24,4.48E-24
LOC102551048,-1.213880571,8.02E-05,0.000137717
LOC102551062,-1.61452731,0.001296907,0.002038883
LOC102551070,3.003547797,4.78E-11,1.11E-10
LOC102551071,-0.641514703,2.13E-07,4.24E-07
LOC102551073,-6.93097718,2.90E-115,4.94E-114
LOC102551074,-1.49475528,1.08E-05,1.96E-05
LOC102551095,0.237847351,0.011673956,0.016837907
LOC102551098,-1.470203314,1.64E-05,2.94E-05
LOC102551107,0.844852302,0.001049401,0.001662319
LOC102551110,5.4395871,3.13E-31,1.30E-30
LOC102551114,-4.488112015,1.95E-06,3.69E-06
LOC102551125,-1.818562352,3.61E-09,7.76E-09
LOC102551127,-4.30717901,5.08E-59,3.78E-58
LOC102551133,-0.328407836,0.000127767,0.000216201
LOC102551137,-2.142095606,0.00075972,0.001217197
LOC102551138,-2.506092504,1.01E-42,5.45E-42
LOC102551142,4.457811327,0.000168452,0.000282798
LOC102551150,-1.932947791,8.56E-28,3.27E-27
LOC102551157,-0.566591313,2.13E-05,3.80E-05
LOC102551164,1.200179275,2.31E-29,9.17E-29
LOC102551177,-1.835470387,0.000453768,0.000738693
LOC102551184,4.210492485,1.95E-129,3.94E-128
LOC102551193,4.870208237,2.62E-15,7.11E-15
LOC102551194,-1.816321231,0.006226569,0.009224531
Dynlt4,-1.61761366,1.01E-10,2.31E-10
LOC102551210,6.9861957,3.02E-192,1.15E-190
LOC102551211,0.809335741,6.28E-26,2.28E-25
LOC102551220,-1.27059801,0.02654481,0.036936252
LOC102551224,-0.973770934,0.000268277,0.000443912
LOC102551251,-1.604838422,6.58E-07,1.28E-06
LOC102551257,-0.641184782,3.94E-22,1.30E-21
LOC102551259,-1.38827982,0.025088395,0.035015099
LOC102551271,-1.550685901,4.77E-12,1.15E-11
LOC102551297,6.030142508,7.88E-19,2.38E-18
LOC102551309,-0.466107528,0.027340112,0.037989286
LOC102551312,7.603997816,1.07E-78,1.11E-77
LOC102551320,-2.697777897,4.37E-15,1.18E-14
LOC102551322,-1.787045518,0.007365824,0.010830005
LOC102551327,-1.700699111,2.65E-14,6.96E-14
LOC102551340,-0.241229803,6.07E-05,0.000105135
LOC102551352,0.738583588,0.018190701,0.025773043
LOC102551356,-3.398323913,6.04E-31,2.49E-30
LOC102551361,-2.211130195,1.04E-05,1.90E-05
LOC102551372,-2.868361197,6.52E-50,4.08E-49
LOC102551374,0.566980207,0.029327326,0.040592291
LOC102551377,-0.920207384,6.21E-08,1.26E-07
LOC102551399,7.354129179,9.40E-47,5.54E-46
Ankfn1,0.881633475,0.007589492,0.011142806
LOC102551407,5.460363011,1.61E-24,5.63E-24
LOC102551408,-0.705749541,4.30E-33,1.87E-32
LOC102551409,-2.062767243,0.002168883,0.003347641
LOC102551410,-3.58617383,9.00E-27,3.35E-26
LOC102551428,-3.996560487,1.72E-45,9.85E-45
LOC102551470,-1.338342886,0.001135092,0.001792971
LOC102551474,1.754121343,3.36E-05,5.91E-05
LOC102551486,6.24349386,5.13E-202,2.13E-200
LOC102551490,1.131548958,0.002072139,0.003202663
LOC102551491,5.621813431,4.37E-39,2.17E-38
LOC102551492,5.515370116,6.01E-12,1.45E-11
LOC102551518,1.371182484,1.66E-66,1.41E-65
LOC102551528,-2.3176794,5.40E-08,1.10E-07
LOC102551532,-1.339903487,4.06E-10,9.10E-10
LOC102551538,5.603676452,1.27E-45,7.27E-45
LOC102551541,-1.45444194,6.26E-24,2.16E-23
LOC102551552,0.944346452,0.01687317,0.023986154
LOC102551556,-2.599837398,2.16E-13,5.49E-13
LOC102551558,-0.293021356,0.011021858,0.015929196
LOC102551562,-3.185786324,1.49E-06,2.83E-06
LOC102551566,1.940698232,1.61E-19,4.96E-19
LOC102551574,-2.32149117,1.68E-41,8.81E-41
LOC102551588,6.686231892,8.61E-49,5.27E-48
LOC102551595,-2.902203745,1.20E-30,4.92E-30
LOC102551596,-1.604004806,3.05E-09,6.59E-09
LOC102551607,2.137553022,9.74E-08,1.97E-07
LOC102551611,-4.799276851,7.82E-46,4.52E-45
LOC102551612,-3.377032971,2.42E-45,1.38E-44
LOC102551615,-4.41322146,6.06E-87,7.01E-86
LOC102551617,0.939002957,0.013852701,0.019843041
LOC102551618,-1.227310195,0.024969392,0.034858878
Eml3,-0.410012352,6.08E-10,1.35E-09
LOC102551666,1.759817378,0.001639696,0.002559559
LOC102551667,-2.08898643,1.91E-07,3.81E-07
LOC102551687,1.822178835,3.31E-10,7.44E-10
LOC102551693,0.354968216,0.00086193,0.001375369
LOC102551711,-0.867971702,0.000877846,0.001399936
LOC102551724,0.556905737,0.003309596,0.005033989
LOC102551729,1.742166667,0.0133624,0.019170421
LOC102551737,-2.332924921,8.12E-29,3.17E-28
LOC102551750,-2.482708342,2.98E-17,8.60E-17
LOC102551758,-1.855302204,1.19E-10,2.72E-10
LOC102551789,0.588174192,2.79E-05,4.94E-05
LOC102551791,4.12844388,1.63E-11,3.87E-11
LOC102551795,1.679596338,0.000392418,0.000641858
LOC102551797,-1.679295114,3.00E-12,7.30E-12
LOC102551806,0.97675973,8.44E-07,1.63E-06
LOC102551809,3.332043074,2.84E-34,1.27E-33
LOC102551813,3.482701048,3.86E-84,4.30E-83
LOC102551814,-1.850959486,3.46E-05,6.09E-05
LOC102551815,-0.889473909,2.07E-34,9.27E-34
LOC102551819,0.265786131,0.011209217,0.016188902
LOC102551825,-2.486544768,9.20E-52,5.95E-51
Zfp174,-2.210587018,1.15E-78,1.19E-77
LOC102551882,-2.613264709,1.43E-06,2.72E-06
LOC102551884,2.035327579,1.55E-25,5.56E-25
LOC102551904,2.551284415,4.75E-06,8.81E-06
LOC102551907,5.538996065,8.26E-219,3.95E-217
LOC102551922,-0.412281382,0.028420987,0.039406031
LOC102551925,-1.71287964,0.007061314,0.01040141
LOC102551929,1.245805723,1.02E-07,2.05E-07
LOC102551937,7.30021426,3.30E-96,4.37E-95
LOC102551940,-1.093200159,8.96E-13,2.22E-12
LOC102551948,3.567128774,6.96E-05,0.000120046
LOC102551951,4.27136987,4.61E-14,1.20E-13
LOC102551956,3.313385378,0.000324553,0.000533866
LOC102551963,-0.732054255,2.33E-05,4.14E-05
LOC102551968,-1.345495064,0.024360757,0.034038098
LOC102551976,1.452418787,5.12E-23,1.73E-22
LOC102551977,4.490335766,2.42E-59,1.81E-58
LOC102551980,-0.410601033,0.009044703,0.013179908
LOC102551987,-3.461490692,2.57E-09,5.56E-09
LOC102551991,3.014666796,1.49E-12,3.66E-12
LOC102552000,-0.503906687,1.54E-19,4.73E-19
LOC102552020,2.58748179,3.20E-08,6.62E-08
LOC102552031,1.286047962,2.31E-05,4.11E-05
LOC102552044,-1.686746163,4.89E-29,1.92E-28
Angptl7,2.551908774,7.57E-20,2.35E-19
LOC102552059,-1.701633605,4.58E-10,1.02E-09
LOC102552075,1.285327824,6.19E-09,1.32E-08
LOC102552078,-1.234157339,0.010331405,0.014970088
LOC102552083,10.61114517,5.62E-213,2.51E-211
LOC102552093,1.669185278,0.0221248,0.031059129
LOC102552097,-3.588738146,4.40E-14,1.15E-13
LOC102552101,-0.789082873,0.000114248,0.000194024
LOC102552122,-1.828394419,6.18E-20,1.92E-19
LOC102552133,7.485562447,1.45E-68,1.27E-67
LOC102552138,1.029061706,1.02E-05,1.86E-05
LOC102552151,5.605124452,1.65E-158,4.51E-157
LOC102552157,-2.670556042,1.29E-09,2.83E-09
LOC102552173,-2.72171353,1.58E-11,3.73E-11
LOC102552189,3.312083487,1.07E-108,1.68E-107
Tgm7,-1.901434467,3.34E-11,7.81E-11
LOC102552207,-0.956635281,5.68E-10,1.26E-09
LOC102552219,1.540521245,0.000685944,0.001102699
LOC102552223,-1.727414085,9.84E-05,0.000167961
LOC102552229,-1.420551056,4.66E-25,1.66E-24
LOC102552250,-0.385968601,0.030042727,0.041535846
LOC102552257,-2.204708652,3.42E-05,6.02E-05
LOC102552269,0.848967156,0.000194274,0.000324786
LOC102552278,-2.711076845,6.31E-14,1.64E-13
LOC102552292,-1.407024092,2.87E-15,7.78E-15
LOC102552294,-0.395951171,0.000787353,0.001259765
LOC102552313,-0.461094751,0.000385084,0.000630385
LOC102552316,2.356321882,7.32E-16,2.02E-15
LOC102552327,-1.478993641,8.00E-09,1.70E-08
LOC102552343,2.394491053,1.19E-93,1.52E-92
LOC102552344,0.925120523,0.038581876,0.052694069
LOC102552357,-3.040428407,8.92E-14,2.30E-13
LOC102552371,-0.486812446,0.000113601,0.00019296
LOC102552388,6.685846755,1.65E-211,7.33E-210
LOC102552389,-1.578756191,3.35E-09,7.21E-09
LOC102552398,-0.851160967,0.031337891,0.043251699
LOC102552402,-1.397183406,8.93E-06,1.63E-05
LOC102552404,-1.286681878,1.60E-05,2.88E-05
LOC102552414,9.172863662,1.95E-161,5.48E-160
LOC102552420,1.090254887,8.58E-18,2.52E-17
LOC102552424,1.865573116,7.29E-07,1.41E-06
LOC102552426,1.681745888,0.024613543,0.034379936
LOC102552429,5.273060488,8.95E-10,1.98E-09
LOC102552450,-3.227012017,6.84E-11,1.58E-10
LOC102552452,1.332358632,1.05E-11,2.51E-11
Zfp446,-0.909493318,3.53E-18,1.05E-17
LOC102552469,-2.418795739,3.64E-12,8.84E-12
LOC102552476,8.235325627,8.34E-237,4.62E-235
LOC102552482,-1.467918779,2.87E-05,5.07E-05
LOC102552484,-4.211607298,5.28E-32,2.23E-31
LOC102552485,-1.977807399,0.000102923,0.000175385
LOC102552490,-0.752453673,0.000249473,0.000413724
LOC102552523,-1.985668781,1.73E-07,3.45E-07
LOC102552527,-1.084965139,4.18E-31,1.73E-30
LOC102552529,1.375369706,0.000239081,0.000397112
LOC102552530,1.800647515,2.86E-05,5.06E-05
LOC102552546,-2.8596624,0.046161218,0.062397582
LOC102552552,6.426213841,1.76E-48,1.07E-47
LOC102552571,-4.172764733,4.67E-27,1.75E-26
LOC102552572,0.525729797,0.006317332,0.00934974
LOC102552590,5.182627729,1.26E-146,3.07E-145
LOC102552601,-1.751994264,5.93E-12,1.43E-11
LOC102552617,1.998942867,0.034069328,0.046848889
LOC102552634,0.696118042,2.52E-05,4.48E-05
LOC102552638,-1.465574248,0.006447389,0.009530782
LOC102552654,9.327384295,1.79E-178,5.88E-177
LOC102552673,-2.950694922,7.07E-33,3.06E-32
LOC102552685,5.406188491,2.31E-46,1.35E-45
LOC102552690,0.302788644,0.042183,0.0573055
LOC102552692,-0.891246463,0.032765329,0.045139681
LOC102552694,-2.026229653,5.41E-06,1.00E-05
LOC102552709,1.792582898,1.87E-13,4.78E-13
LOC102552711,2.185728102,0.000817016,0.001305672
LOC102552721,-1.385857138,5.49E-21,1.75E-20
LOC102552725,-4.616999126,4.73E-235,2.59E-233
LOC102552728,-3.655215982,2.09E-121,3.87E-120
LOC102552729,-1.167871143,3.87E-09,8.31E-09
LOC102552752,-1.284763002,0.000290841,0.000479826
LOC102552762,-4.391194771,1.11E-55,7.72E-55
LOC102552764,-2.546115289,6.31E-19,1.91E-18
LOC102552766,8.679024757,8.01E-155,2.11E-153
LOC102552770,4.33035751,1.65E-262,1.09E-260
LOC102552777,2.31259954,1.19E-40,6.13E-40
LOC102552778,3.477338317,2.85E-08,5.90E-08
LOC102552779,-3.827647095,1.94E-50,1.22E-49
Ac1576,0.374512208,0.00795713,0.011663466
LOC102552794,1.60756009,1.18E-33,5.22E-33
LOC102552805,-1.499650125,7.59E-22,2.48E-21
LOC102552808,0.745240885,6.00E-05,0.000103878
LOC102552816,-1.568088422,2.56E-11,6.01E-11
LOC102552817,-3.341391167,9.23E-35,4.17E-34
LOC102552818,-0.356566894,0.000192118,0.000321308
LOC102552819,0.936969076,0.001008899,0.001600733
LOC102552823,1.162169393,9.95E-14,2.56E-13
LOC102552826,-2.613267443,3.16E-48,1.92E-47
LOC102552827,-0.79489941,0.000181559,0.000304199
LOC102552828,1.58023307,1.23E-07,2.47E-07
Mc1r,2.51275319,1.50E-06,2.86E-06
LOC102552841,5.924528514,1.06E-38,5.23E-38
LOC102552843,-0.818476003,3.36E-07,6.62E-07
LOC102552854,-0.893165521,0.000109724,0.00018661
LOC102552859,6.324037776,5.93E-56,4.16E-55
LOC102552873,3.555902044,3.04E-42,1.62E-41
LOC102552880,-0.772811874,9.13E-26,3.31E-25
LOC102552888,-1.586037205,0.003544701,0.005378869
Podn,-5.0360714,9.39E-124,1.77E-122
Armcx5,-0.228425963,5.23E-08,1.07E-07
LOC102552925,1.436311707,0.046035122,0.06223282
LOC102552951,1.327125191,0.009926348,0.014413521
LOC102552952,-3.190781888,5.54E-17,1.59E-16
LOC102552958,2.520936933,8.88E-13,2.20E-12
LOC102552962,-2.830950882,1.82E-11,4.30E-11
LOC102552971,1.92224735,6.00E-17,1.72E-16
LOC102552972,3.620374344,3.27E-11,7.65E-11
LOC102552984,0.671355338,9.07E-05,0.000155115
LOC102552988,-1.150807199,0.028687286,0.039756625
LOC102552990,-1.643673417,4.18E-12,1.01E-11
LOC102552995,-0.767140443,0.005439774,0.008099566
LOC102553001,-2.106630126,2.68E-13,6.78E-13
Zscan22,0.948060858,8.49E-56,5.94E-55
LOC102553011,3.418760943,1.21E-09,2.65E-09
LOC102553018,-1.580400048,1.08E-19,3.35E-19
LOC102553020,5.468155418,1.38E-28,5.37E-28
LOC102553035,-3.8954864,3.20E-15,8.68E-15
LOC102553046,-1.066023488,0.03869558,0.052842044
LOC102553059,1.491660828,0.000119423,0.000202581
LOC102553061,2.964760519,9.93E-05,0.000169482
LOC102553072,1.782323114,9.52E-22,3.10E-21
LOC102553078,-1.289248312,0.001218593,0.001919437
LOC102553085,-0.298403448,0.002952004,0.004507928
LOC102553109,-1.280187875,7.41E-12,1.78E-11
LOC102553115,-4.211743434,2.93E-57,2.10E-56
LOC102553118,7.684513445,4.99E-90,6.02E-89
Mettl21a,-0.330211457,0.000168782,0.000283338
LOC102553126,-0.564856189,1.76E-05,3.15E-05
LOC102553129,-1.741918273,6.56E-07,1.27E-06
LOC102553173,0.970992449,8.89E-10,1.96E-09
LOC102553175,4.668266225,6.36E-17,1.82E-16
LOC102553183,-2.355194281,3.25E-36,1.52E-35
LOC102553210,-0.860852413,0.008235483,0.012048788
LOC102553232,-0.436827533,5.20E-05,9.04E-05
LOC102553244,-1.977432038,2.61E-26,9.61E-26
LOC102553252,-0.683672928,1.97E-34,8.83E-34
LOC102553274,2.67965747,2.27E-17,6.58E-17
LOC102553278,-0.752029965,1.53E-16,4.33E-16
LOC102553281,-6.442770909,8.73E-98,1.18E-96
LOC102553289,-4.026191773,3.89E-26,1.42E-25
LOC102553299,-2.058638899,5.11E-12,1.23E-11
LOC102553301,2.074451727,0.004221032,0.006357228
LOC102553323,0.984179236,1.52E-11,3.60E-11
LOC102553326,-1.498267646,0.039507164,0.053868274
LOC102553329,-3.140310588,6.35E-64,5.17E-63
LOC102553335,2.002403366,9.03E-07,1.74E-06
LOC102553338,-1.738954911,0.002452417,0.003769146
LOC102553339,0.894899755,0.001809902,0.002813374
LOC102553350,5.264008374,1.15E-38,5.65E-38
LOC102553355,5.741412985,1.11E-30,4.54E-30
LOC102553361,6.074438397,5.60E-133,1.17E-131
LOC102553363,2.738279887,7.28E-36,3.37E-35
LOC102553369,2.022325331,2.31E-05,4.12E-05
LOC102553373,-4.157318612,2.68E-35,1.23E-34
LOC102553382,1.530967253,9.79E-09,2.07E-08
LOC102553386,1.222298109,6.63E-85,7.45E-84
LOC102553391,3.851138999,7.09E-27,2.64E-26
LOC102553429,-2.060880159,3.58E-82,3.89E-81
LOC102553454,5.449003679,3.97E-15,1.07E-14
LOC102553455,-6.138328024,2.04E-63,1.65E-62
LOC102553460,-0.342606204,0.031600243,0.043597519
LOC102553481,-1.578401996,0.004182668,0.006301051
LOC102553484,-4.62491284,9.27E-47,5.47E-46
LOC102553493,-2.30550002,6.10E-44,3.38E-43
LOC102553505,3.120682,0.000126475,0.000214089
LOC102553507,2.453690675,1.49E-05,2.68E-05
LOC102553528,-1.737002536,4.98E-22,1.64E-21
LOC102553532,-1.767069182,0.00037722,0.000617785
LOC102553539,1.65199576,9.99E-15,2.66E-14
LOC102553541,-3.901398052,2.06E-66,1.75E-65
LOC102553542,-2.469780037,4.31E-05,7.53E-05
LOC102553545,-1.814554943,6.45E-09,1.37E-08
LOC102553547,2.288027588,0.032510978,0.044801787
LOC102553558,-2.164728229,7.58E-26,2.75E-25
LOC102553561,-1.518530765,0.000350121,0.000574614
LOC102553565,-0.654089489,1.41E-08,2.95E-08
LOC102553568,-1.527519051,4.85E-05,8.45E-05
LOC102553574,2.422666043,2.26E-26,8.35E-26
Peg10,-0.977876572,0.000128822,0.000217937
LOC102553634,-4.084024053,3.82E-68,3.31E-67
LOC102553636,1.598819367,0.024043427,0.033618525
LOC102553657,-4.279187156,6.94E-42,3.68E-41
LOC102553663,1.114177013,0.000258869,0.000428753
LOC102553678,-2.992737603,4.24E-13,1.07E-12
LOC102553680,-1.35386428,2.10E-13,5.33E-13
LOC102553697,-2.66003984,1.52E-08,3.18E-08
LOC102553699,3.592213616,7.24E-36,3.35E-35
LOC102553719,1.867040897,0.026006921,0.036232106
LOC102553722,-1.321595977,1.89E-17,5.48E-17
LOC102553733,4.206140538,6.29E-29,2.47E-28
LOC102553736,1.548228695,0.00692139,0.010204445
LOC102553750,1.9129031,7.51E-05,0.00012921
LOC102553758,0.496514953,7.58E-05,0.000130402
Znf768,-0.765283495,6.81E-15,1.82E-14
LOC102553765,-1.669660467,1.67E-14,4.41E-14
LOC102553770,-2.366412316,7.85E-06,1.44E-05
LOC102553788,-2.844450253,3.56E-45,2.03E-44
LOC102553798,-1.631963061,0.001797292,0.002794213
LOC102553815,1.293654153,0.000830101,0.00132601
LOC102553821,-2.889524007,3.15E-47,1.87E-46
LOC102553824,0.676337944,4.95E-09,1.06E-08
LOC102553825,0.699902039,0.012051019,0.017359758
LOC102553828,-1.446900525,7.07E-05,0.000121958
Hoxd11,-3.790564131,2.53E-05,4.49E-05
LOC102553843,-1.596257285,1.76E-16,4.95E-16
LOC102553847,-3.263842111,4.63E-29,1.82E-28
LOC102553854,0.581211221,0.000560294,0.000906026
LOC102553857,-0.589070872,3.68E-05,6.46E-05
Zfp764,-0.976309853,6.88E-37,3.26E-36
LOC102553868,1.899772467,2.97E-07,5.86E-07
LOC102553878,-0.599991689,0.043954994,0.059580802
LOC102553884,3.102531814,1.20E-05,2.18E-05
LOC102553885,-2.733797836,1.05E-15,2.88E-15
LOC102553924,-1.55666476,4.59E-10,1.03E-09
LOC102553943,2.135461764,0.001371012,0.002151497
LOC102553956,-4.054200601,2.19E-26,8.07E-26
LOC102553962,-0.345959132,0.004985241,0.00745264
LOC102553967,-0.619397043,0.000387806,0.000634595
LOC102553980,-0.459026129,6.20E-10,1.38E-09
LOC102553981,-1.111591651,2.10E-05,3.74E-05
LOC102553985,2.45914718,0.000719454,0.001154623
LOC102553989,1.486409383,0.000160258,0.000269394
LOC102553998,-2.434337197,6.81E-32,2.87E-31
LOC102554019,-1.088398337,2.26E-09,4.89E-09
LOC102554040,-2.185049831,1.30E-08,2.73E-08
LOC102554047,-0.625131621,4.11E-07,8.07E-07
LOC102554055,-1.268679918,9.73E-15,2.59E-14
LOC102554057,1.020478981,0.011095944,0.016032352
LOC102554065,6.9995715,6.06E-46,3.51E-45
LOC102554074,2.676164501,5.39E-46,3.12E-45
LOC102554082,-2.230491573,8.58E-13,2.13E-12
LOC102554092,-1.319600715,7.27E-28,2.78E-27
Trim30c,0.853937366,7.94E-05,0.00013641
LOC102554106,-1.91219168,7.85E-36,3.63E-35
LOC102554116,1.460005528,0.001298515,0.002041303
LOC102554129,-2.472481527,2.55E-23,8.66E-23
LOC102554140,-3.151733335,4.07E-24,1.41E-23
LOC102554142,-1.437185826,1.18E-09,2.59E-09
LOC102554159,-2.156920479,0.006398669,0.009463492
LOC102554166,1.590531654,1.23E-11,2.94E-11
LOC102554169,2.803519421,1.21E-30,4.96E-30
LOC102554173,-1.593073941,1.86E-16,5.24E-16
LOC102554176,6.351386194,1.99E-67,1.71E-66
LOC102554179,1.545249776,7.18E-05,0.000123796
LOC102554180,-5.186791009,1.89E-25,6.80E-25
LOC102554186,-1.549170827,8.39E-11,1.93E-10
LOC102554193,-1.612216424,0.002159148,0.003333137
LOC102554198,1.308701557,3.08E-05,5.44E-05
LOC102554200,0.327538544,1.40E-07,2.80E-07
LOC102554202,1.709863998,3.75E-22,1.24E-21
LOC102554214,-3.066185027,1.90E-55,1.32E-54
LOC102554231,4.451265763,1.40E-68,1.23E-67
LOC102554241,-1.170803148,4.75E-07,9.28E-07
LOC102554243,-3.627741002,6.87E-37,3.26E-36
LOC102554272,-3.009380699,1.04E-11,2.49E-11
LOC102554276,6.512038645,5.05E-49,3.11E-48
LOC102554278,-0.471801994,0.022132796,0.031068879
LOC102554279,-1.52860212,0.027307568,0.037945848
LOC102554284,1.436201464,3.55E-38,1.73E-37
LOC102554288,-0.512586502,0.017532459,0.024882718
LOC102554302,0.205134915,0.007145397,0.010520551
LOC102554304,2.186270246,0.006665638,0.009840623
LOC102554307,-2.271107625,0.000484304,0.000786628
LOC102554309,1.466696641,0.005275079,0.007867013
LOC102554315,0.484052102,2.56E-11,6.02E-11
LOC102554317,-1.068733369,1.33E-08,2.80E-08
LOC102554318,-4.548567822,9.03E-93,1.14E-91
LOC102554337,2.234088,2.56E-17,7.42E-17
LOC102554346,0.899504025,0.00057534,0.000929746
LOC102554367,2.284388173,0.001201542,0.001893587
Adamts13,-0.748456884,0.012395992,0.017840193
LOC102554396,4.507118828,4.54E-23,1.54E-22
LOC102554398,-1.51662633,1.58E-66,1.34E-65
LOC102554403,0.916063638,0.029042595,0.040226421
LOC102554416,-3.204912567,5.57E-13,1.39E-12
LOC102554419,1.377163506,0.000225089,0.000374418
LOC102554423,-1.387768421,2.48E-11,5.83E-11
LOC102554451,1.267639305,8.73E-08,1.77E-07
LOC102554457,1.010363239,9.51E-35,4.30E-34
LOC102554460,2.576365691,0.000106912,0.000181985
LOC102554479,-4.092618186,6.58E-49,4.04E-48
LOC102554492,-2.812780997,8.62E-48,5.19E-47
LOC102554501,-3.409164613,8.29E-09,1.76E-08
LOC102554502,8.106895391,5.94E-129,1.19E-127
LOC102554505,-2.665039124,2.20E-08,4.57E-08
LOC102554514,3.974342742,5.91E-50,3.70E-49
LOC102554517,1.117657705,9.09E-06,1.66E-05
LOC102554523,5.462627416,1.05E-33,4.62E-33
LOC102554537,-0.564420792,0.02929748,0.040558571
LOC102554553,-3.568002718,3.34E-46,1.95E-45
LOC102554555,2.234544423,5.11E-12,1.23E-11
LOC102554564,-1.392246112,0.000477985,0.000776663
LOC102554570,-1.550990274,7.09E-15,1.90E-14
Tmem265,1.464261053,3.09E-39,1.54E-38
LOC102554589,3.88145053,4.28E-07,8.38E-07
LOC102554599,4.074154042,4.55E-92,5.68E-91
LOC102554604,5.130697369,3.84E-27,1.44E-26
LOC102554605,-0.246382998,0.001144918,0.00180772
LOC102554609,2.860848271,3.39E-05,5.97E-05
LOC102554619,-1.202965221,6.44E-11,1.49E-10
LOC102554624,-1.799631724,2.11E-06,3.98E-06
Ccdc162,-1.596967034,1.69E-15,4.61E-15
LOC102554668,-0.304338587,0.035185881,0.048292235
LOC102554669,-1.75371555,4.17E-55,2.88E-54
LOC102554670,-1.628333043,1.56E-14,4.12E-14
LOC102554680,-0.943119908,8.06E-05,0.000138463
LOC102554685,-1.02763001,9.41E-17,2.67E-16
LOC102554693,3.07782019,2.29E-36,1.07E-35
LOC102554711,3.867964677,3.13E-17,9.02E-17
LOC102554737,-1.575793827,1.05E-11,2.51E-11
LOC102554743,-0.49124538,0.029863529,0.041295814
LOC102554746,1.168110628,5.52E-05,9.60E-05
LOC102554752,-2.138580546,0.003007575,0.004588289
LOC102554786,-5.102620249,6.17E-31,2.54E-30
LOC102554788,4.585837443,4.49E-47,2.66E-46
LOC102554815,0.525023344,0.023695402,0.033158544
LOC102554820,-1.588034757,0.005024081,0.007507066
LOC102554857,-3.425346718,2.82E-20,8.84E-20
LOC102554862,-3.39256703,4.94E-25,1.76E-24
LOC102554878,1.505626181,3.65E-15,9.86E-15
LOC102554879,0.76436665,4.89E-10,1.09E-09
LOC102554883,0.45988784,0.031541908,0.043525155
Rcor1,0.771058669,1.95E-32,8.35E-32
LOC102554887,-2.119381165,2.42E-06,4.56E-06
LOC102554903,5.244630524,2.00E-150,5.04E-149
LOC102554909,-2.032281727,5.45E-16,1.51E-15
LOC102554921,-0.34734893,0.028149044,0.039049109
LOC102554932,-0.680694997,1.72E-07,3.43E-07
LOC102554934,6.673797471,2.26E-46,1.32E-45
LOC102554935,-3.006182091,2.13E-12,5.23E-12
LOC102554944,1.924847152,3.12E-07,6.15E-07
LOC102554945,0.847573309,0.000157983,0.000265691
LOC102554970,5.060252406,1.24E-34,5.59E-34
LOC102555003,-0.74015374,0.025234494,0.035215684
LOC102555004,-1.829294705,1.86E-06,3.53E-06
LOC102555022,-3.066766619,3.72E-15,1.01E-14
LOC102555023,5.050360388,4.77E-47,2.83E-46
LOC102555028,0.476509273,0.017400801,0.024702975
LOC102555030,2.509741092,4.41E-29,1.73E-28
LOC102555033,-3.009399157,3.45E-71,3.17E-70
LOC102555035,1.479588504,0.002050244,0.003169815
LOC102555051,-0.844121349,1.36E-15,3.73E-15
LOC102555083,-0.992637136,5.80E-13,1.45E-12
LOC102555103,-2.640429215,2.42E-06,4.55E-06
LOC102555109,-2.75075661,3.36E-13,8.47E-13
LOC102555118,4.878632146,3.97E-16,1.11E-15
LOC102555123,4.747397273,5.71E-15,1.53E-14
LOC102555130,1.268802846,0.004677391,0.007014545
LOC102555134,-2.204794648,8.09E-18,2.38E-17
LOC102555144,5.868550177,4.61E-60,3.49E-59
LOC102555145,-5.56064824,8.82E-59,6.52E-58
LOC102555148,2.97770351,8.75E-30,3.50E-29
Tmppe,-0.72032478,8.59E-07,1.65E-06
LOC102555173,-1.414629747,2.01E-13,5.11E-13
LOC102555183,0.43636528,5.88E-20,1.83E-19
LOC102555191,-1.522358969,5.12E-35,2.33E-34
LOC102555216,4.189464246,0.003111635,0.004740196
LOC102555217,-1.791090089,3.98E-134,8.44E-133
LOC102555219,2.115618107,1.28E-07,2.58E-07
LOC102555226,-1.872103741,0.001156051,0.001824325
LOC102555231,4.555557121,1.01E-09,2.22E-09
LOC102555236,7.036849476,1.57E-98,2.15E-97
LOC102555240,-1.5966422,0.00125278,0.001971815
LOC102555254,0.688989136,0.046544087,0.062892129
LOC102555255,3.498310128,5.16E-09,1.10E-08
LOC102555256,-3.994246768,2.75E-33,1.20E-32
Zfp853,-0.994316599,7.28E-14,1.88E-13
LOC102555284,-2.688431811,1.64E-36,7.69E-36
LOC102555289,0.612470748,1.09E-19,3.38E-19
Wdr90,2.499606704,2.91E-110,4.67E-109
LOC102555307,-1.278455083,0.015959648,0.022744362
LOC102555308,-1.676377705,2.01E-12,4.94E-12
LOC102555317,0.31010088,0.010567108,0.015295886
LOC102555319,-1.450741251,3.32E-40,1.70E-39
LOC102555329,-2.289121728,5.71E-59,4.23E-58
LOC102555331,-0.33816363,0.000210826,0.000351504
LOC102555338,-0.911040545,0.033600809,0.046232563
LOC102555346,2.349538947,0.007501314,0.011018812
LOC102555354,-1.012602924,9.53E-05,0.000162807
LOC102555358,-1.533689055,0.003593412,0.005449431
LOC102555374,0.600759031,0.000105906,0.000180334
LOC102555375,-2.068525165,3.38E-06,6.31E-06
LOC102555377,-0.740210616,1.54E-38,7.56E-38
LOC102555396,3.210759051,2.35E-12,5.74E-12
LOC102555397,5.459589921,1.83E-29,7.27E-29
LOC102555398,2.306408693,6.46E-94,8.29E-93
LOC102555399,-0.654422754,0.003004995,0.004585062
LOC102555403,3.587990714,9.11E-13,2.26E-12
LOC102555410,-1.780741322,0.008202828,0.012003386
LOC102555426,-1.018084955,2.20E-14,5.78E-14
LOC102555439,1.348566268,2.11E-33,9.25E-33
LOC102555451,-0.655088514,5.33E-09,1.14E-08
LOC102555452,4.697009925,1.42E-19,4.36E-19
LOC102555453,1.209034572,2.90E-72,2.71E-71
LOC102555456,-4.574265086,1.08E-25,3.90E-25
LOC102555465,-6.060085172,1.14E-73,1.09E-72
LOC102555469,-1.675070252,1.36E-35,6.25E-35
LOC102555482,-3.709166543,9.15E-90,1.10E-88
LOC102555487,-2.019611262,2.98E-11,6.99E-11
LOC102555502,-1.039569791,1.18E-08,2.48E-08
LOC102555506,-2.28968281,8.28E-10,1.83E-09
LOC102555510,2.751571701,4.20E-29,1.65E-28
LOC102555524,0.841106645,3.44E-11,8.03E-11
LOC102555532,-4.437003534,7.35E-16,2.03E-15
LOC102555540,-1.39685482,2.11E-14,5.57E-14
LOC102555554,-0.351164018,0.007893366,0.011574016
LOC102555557,-3.400120153,1.66E-42,8.94E-42
LOC102555574,4.158299605,7.50E-22,2.45E-21
LOC102555576,7.136426473,0,0
LOC102555578,-1.022905371,0.006787819,0.010015004
LOC102555589,2.367987503,2.22E-11,5.23E-11
LOC102555600,2.286809059,8.62E-16,2.38E-15
LOC102555619,2.150790591,8.59E-16,2.37E-15
LOC102555623,0.893421336,6.01E-10,1.34E-09
LOC102555634,-0.211630148,0.011014448,0.015920043
LOC102555644,-0.194412178,0.005028054,0.007512623
LOC102555648,-3.951199832,6.20E-25,2.20E-24
LOC102555657,3.252672903,2.67E-05,4.73E-05
LOC102555660,2.305987925,1.73E-13,4.41E-13
LOC102555661,-1.695656824,0.007245942,0.010662751
LOC102555663,-1.629082066,0.00344323,0.005229453
LOC102555670,-2.661751852,1.94E-19,5.94E-19
LOC102555672,-0.624809009,4.02E-09,8.64E-09
LOC102555687,-1.09571527,1.71E-09,3.73E-09
LOC102555689,-2.041632351,0.007030892,0.010359693
LOC102555690,-2.68405979,3.07E-05,5.43E-05
LOC102555694,4.096213132,2.29E-10,5.18E-10
LOC102555707,-3.639775123,3.20E-81,3.42E-80
LOC102555739,1.310379888,1.67E-16,4.70E-16
LOC102555751,2.143742315,2.00E-59,1.50E-58
LOC102555754,-2.765407558,2.24E-12,5.49E-12
LOC102555762,-1.018058419,5.31E-09,1.13E-08
LOC102555770,-2.819823376,9.88E-29,3.85E-28
LOC102555783,-0.273830158,0.025681044,0.035803393
LOC102555798,1.446948104,2.30E-22,7.62E-22
LOC102555808,-1.21775371,8.11E-05,0.000139187
LOC102555814,2.741998531,2.21E-07,4.40E-07
LOC102555817,-2.118601599,5.36E-05,9.31E-05
LOC102555822,1.185414941,0.000106499,0.000181313
LOC102555825,-0.640439208,1.44E-05,2.59E-05
Clec20a,-3.670951163,1.01E-21,3.29E-21
LOC102555843,0.790643765,0.000224293,0.000373157
LOC102555849,2.134706122,1.17E-19,3.60E-19
LOC102555850,-1.217527259,0.000272414,0.000450607
LOC102555870,2.104852058,6.63E-72,6.16E-71
LOC102555877,1.98778379,1.54E-27,5.84E-27
LOC102555900,-0.876311179,2.73E-05,4.83E-05
LOC102555902,-0.769098442,1.42E-22,4.73E-22
LOC102555909,-2.231601765,4.22E-08,8.68E-08
LOC102555913,-3.847136107,1.05E-113,1.74E-112
LOC102555914,3.002164464,1.16E-17,3.39E-17
Znf454,-2.448332803,8.06E-17,2.30E-16
LOC102555927,-2.078375181,1.31E-07,2.63E-07
LOC102555928,-3.831298147,2.50E-25,8.97E-25
LOC102555965,-1.337623304,0.000531396,0.000860472
LOC102555978,-2.234134234,1.37E-79,1.43E-78
LOC102555980,8.654845385,0,0
LOC102555981,3.558006385,1.59E-47,9.53E-47
LOC102555997,-0.834816825,1.84E-07,3.67E-07
LOC102556005,2.12035532,1.36E-09,2.98E-09
LOC102556008,3.494953821,2.52E-10,5.69E-10
LOC102556014,3.37485778,8.04E-22,2.63E-21
LOC102556026,1.996434867,0.01156865,0.016691715
Coa6,-0.294136778,0.001649383,0.002573459
LOC102556034,-0.814301577,0.001119127,0.001768778
LOC102556038,2.412145581,0.025427187,0.035464518
LOC102556039,-3.900795154,7.34E-15,1.96E-14
LOC102556051,4.060422046,3.32E-106,5.07E-105
LOC102556053,1.801156269,0.000106764,0.000181742
LOC102556092,0.349789124,8.51E-13,2.11E-12
LOC102556098,-0.987824661,2.15E-12,5.26E-12
LOC102556108,-4.011066379,1.64E-10,3.74E-10
LOC102556115,-1.493002315,5.98E-07,1.16E-06
LOC102556116,-1.081166045,4.85E-07,9.47E-07
LOC102556118,4.660651691,1.72E-17,5.01E-17
Znf354b,-2.669445354,3.43E-39,1.71E-38
LOC102556135,2.855380709,1.48E-30,6.03E-30
LOC102556145,10.41438899,1.66E-152,4.24E-151
LOC102556146,0.738459226,5.96E-05,0.000103287
LOC102556171,6.297168141,2.86E-31,1.19E-30
LOC102556190,-1.059320476,0.001924611,0.002985094
LOC102556194,0.884762539,7.93E-05,0.00013625
LOC102556201,-2.799274762,7.83E-11,1.81E-10
LOC102556219,1.747041518,7.32E-08,1.49E-07
LOC102556228,4.487946244,2.09E-37,1.00E-36
LOC102556249,-0.716314185,0.001201497,0.001893587
LOC102556271,5.172974644,4.10E-22,1.35E-21
LOC102556284,2.916037528,1.27E-08,2.67E-08
LOC102556290,1.475986076,3.46E-45,1.97E-44
LOC102556293,0.781241501,0.013439756,0.019275792
LOC102556298,-2.061608191,1.66E-09,3.61E-09
LOC102556299,-2.412341774,2.58E-10,5.83E-10
LOC102556302,-3.460405061,8.97E-92,1.11E-90
LOC102556304,-3.639525678,3.51E-15,9.48E-15
LOC102556316,-2.551155511,2.43E-06,4.57E-06
LOC102556319,4.004538632,1.19E-15,3.27E-15
LOC102556347,-9.493424279,3.56E-129,7.18E-128
LOC102556358,-2.089520455,1.66E-11,3.94E-11
LOC102556364,-4.706568145,1.03E-27,3.91E-27
LOC102556382,-1.155354533,7.04E-08,1.43E-07
LOC102556385,-2.868295707,1.55E-09,3.38E-09
LOC102556392,3.6927837,9.93E-18,2.91E-17
LOC102556393,-1.782825691,1.14E-10,2.62E-10
LOC102556459,3.09296212,2.43E-08,5.04E-08
LOC102556461,-1.664608137,2.52E-08,5.23E-08
LOC102556463,-0.877736711,6.07E-30,2.44E-29
LOC102556469,5.534723283,1.64E-36,7.70E-36
LOC102556477,1.613601453,5.50E-10,1.22E-09
LOC102556485,0.400245398,0.000172301,0.000289015
LOC102556490,-1.656638853,0.002022693,0.003130001
LOC102556505,1.41080908,0.010113728,0.014672643
LOC102556513,-1.967041843,5.11E-06,9.46E-06
LOC102556624,0.875969393,0.000262637,0.000434896
LOC102556650,0.849365864,0.000239448,0.000397633
LOC102556679,0.832963116,0.008300577,0.012139219
LOC102556681,4.433056956,5.71E-201,2.35E-199
LOC102556684,-5.697004096,8.79E-73,8.27E-72
LOC102556766,1.449610981,0.014994833,0.021426156
LOC102556774,1.819997386,0.014561955,0.020830756
LOC102556804,-2.161119243,5.45E-28,2.09E-27
LOC102556805,-0.911699305,1.91E-05,3.41E-05
LOC102556834,1.138886485,0.007271047,0.010697566
LOC102556873,-3.896778855,8.97E-05,0.000153555
LOC102556967,-0.810561813,3.65E-25,1.30E-24
LOC102557019,-2.746736507,9.10E-32,3.82E-31
LOC102557028,1.034611676,7.68E-12,1.84E-11
LOC102557108,-1.992360138,5.65E-09,1.20E-08
LOC102557111,-0.744554269,6.56E-53,4.32E-52
LOC102557118,-4.942418992,6.93E-138,1.53E-136
LOC102557119,3.629698009,2.46E-09,5.33E-09
LOC102557137,-1.017370848,0.00056916,0.00091991
LOC102557169,-0.896853741,3.29E-05,5.80E-05
LOC102557176,-1.291869897,3.97E-07,7.80E-07
LOC102557186,-2.898511423,2.74E-10,6.19E-10
LOC102557192,-4.361081101,3.53E-38,1.72E-37
LOC102557195,-0.721977845,3.44E-05,6.06E-05
LOC102557216,5.668638107,9.42E-30,3.77E-29
LOC102557269,-3.480832094,5.85E-27,2.19E-26
LOC102557277,-2.845413831,5.64E-19,1.71E-18
LOC102557303,-1.935154182,4.38E-08,8.99E-08
LOC102557304,-1.47753238,1.56E-11,3.70E-11
LOC102557309,-0.607245729,0.004268775,0.006424553
LOC102557313,5.996764543,8.70E-40,4.39E-39
LOC102557362,-2.291907323,3.45E-09,7.42E-09
LOC102557368,-1.646368359,0.004011382,0.006052569
LOC102557393,-0.695689784,0.024833182,0.034673629
LOC102557471,-2.863621285,4.48E-11,1.04E-10
LOC102557484,-0.468596116,0.028932691,0.040083578
LOC102557516,-1.216417668,9.84E-25,3.47E-24
LOC102557529,9.359717605,0,0
LOC102557538,-2.169668275,5.18E-36,2.41E-35
LOC102557607,0.815447767,3.20E-08,6.62E-08
Rn7sl1,1.911771442,3.10E-06,5.80E-06
Matr3-ps2,0.227987023,0.002295334,0.003534519
LOC103689947,1.5887618,1.15E-48,7.04E-48
Armh3,-0.697155546,6.97E-36,3.23E-35
LOC103689966,0.389058675,0.01085511,0.015699711
Kdm6a,0.86645141,2.66E-18,7.93E-18
LOC103689978,0.212905926,5.94E-05,0.000102991
Mfsd14a,0.641912692,5.37E-22,1.76E-21
Ect2l,-1.529463839,1.31E-09,2.87E-09
Rps9l1,0.698361408,2.70E-52,1.77E-51
NEWGENE_1589866,-2.767487813,1.18E-48,7.19E-48
NEWGENE_1305243,2.471040959,0,0
LOC103690031,-0.716353621,5.97E-12,1.44E-11
NEWGENE_1310139,-2.231424141,6.02E-57,4.30E-56
Fam95c,4.787725086,4.36E-10,9.74E-10
LOC103690059,6.07964887,5.84E-42,3.09E-41
LOC103690066,-1.504494543,1.36E-09,2.99E-09
LOC103690083,-1.182238891,3.08E-32,1.31E-31
LOC103690100,2.683418268,0.006340916,0.009383705
Zfp78,-0.633604957,3.30E-09,7.11E-09
LOC103690119,-0.784497865,1.01E-07,2.05E-07
Hoxa2,-1.722655455,5.08E-19,1.54E-18
Hoxa3,-1.988799695,2.89E-26,1.06E-25
Hoxa1,-2.663383828,7.13E-21,2.27E-20
LOC103690146,3.775925403,1.82E-13,4.65E-13
LOC103690152,-1.551338914,1.45E-09,3.17E-09
LOC103690158,-3.38159775,4.44E-45,2.52E-44
Eid2b,-0.474668822,4.49E-06,8.35E-06
LOC103690163,-1.644391451,7.11E-142,1.64E-140
LOC103690178,1.242467389,0.003493394,0.00530319
LOC103690190,7.966462643,7.14E-102,1.03E-100
Znf48,0.336235519,6.19E-06,1.14E-05
Nyap2,2.836166515,6.58E-07,1.28E-06
LOC103690224,4.133428937,0,0
Try5,6.167273743,9.29E-44,5.13E-43
LOC103690290,1.635328053,7.73E-05,0.000132811
LOC103690326,5.013421392,1.33E-82,1.45E-81
LOC103690391,1.116958229,0.009372062,0.013640137
LOC103690428,-2.730165202,2.96E-19,9.05E-19
LOC103690438,-0.777330794,0.036958696,0.050596301
LOC103690441,-2.289614939,1.28E-09,2.80E-09
LOC103690469,-1.214421402,0.003586304,0.005439405
LOC103690476,-0.668735901,0.004510756,0.006777015
LOC103690480,-1.380096257,0.00681515,0.010053825
LOC103690509,1.568046734,2.24E-17,6.48E-17
LOC103690517,1.067088287,1.48E-07,2.96E-07
LOC103690538,-0.98625122,0.028917278,0.040064102
Fam237a,-2.860898844,1.21E-11,2.88E-11
LOC103690543,-1.658477014,5.37E-21,1.71E-20
LOC103690558,0.910332165,0.01941736,0.027428886
LOC103690559,4.40208898,0.001034252,0.001638936
LOC103690562,0.664915047,0.005274477,0.007866512
LOC103690569,-3.515803263,1.14E-13,2.93E-13
LOC103690608,2.035914052,5.72E-07,1.11E-06
LOC103690610,7.217195468,2.81E-46,1.64E-45
LOC103690707,2.319699959,0.000119599,0.000202867
LOC103690709,5.311589089,5.82E-29,2.28E-28
LOC103690742,-1.505573617,2.46E-18,7.33E-18
LOC103690759,-1.242206677,0.023807163,0.033308636
LOC103690796,0.870204326,0.043078554,0.058463046
LOC103690810,3.716008936,1.55E-08,3.26E-08
LOC103690819,1.903835572,3.82E-08,7.87E-08
LOC103690828,-1.293379518,0.040047736,0.054550035
LOC103690847,-1.74784876,0.000245122,0.000406758
LOC103690858,3.689005245,2.28E-12,5.57E-12
LOC103690870,-1.665129763,2.30E-06,4.33E-06
LOC103690894,-3.531437973,5.04E-05,8.78E-05
LOC103690912,-0.657492997,1.57E-05,2.82E-05
LOC103690918,-2.149270569,1.11E-16,3.15E-16
LOC103690946,-1.256439414,0.001461817,0.002289622
LOC103690969,-3.664643609,2.82E-36,1.32E-35
LOC103690996,0.763024848,2.44E-31,1.01E-30
Peg3,-3.677802805,6.51E-146,1.57E-144
LOC103691043,0.904836285,7.78E-11,1.79E-10
LOC103691049,-2.692191402,5.49E-20,1.71E-19
LOC103691053,-2.273934819,1.91E-41,1.00E-40
LOC103691054,2.64176371,4.19E-53,2.77E-52
LOC103691060,-1.5256067,3.16E-16,8.82E-16
LOC103691074,8.289892938,1.38E-134,2.94E-133
LOC103691076,-2.963751785,1.92E-64,1.57E-63
LOC103691091,-0.830559059,1.98E-12,4.85E-12
C1H19orf84,0.696742304,9.50E-05,0.000162419
LOC103691104,-1.424825441,0.013864503,0.019858984
LOC103691112,-2.642143445,1.48E-16,4.18E-16
LOC103691133,-3.705798373,1.93E-17,5.60E-17
Flt3lg,-0.937742717,2.80E-55,1.94E-54
LOC103691145,6.287366266,2.14E-40,1.09E-39
LOC103691165,0.221336059,0.038095199,0.052079869
LOC103691200,3.016548349,2.25E-74,2.18E-73
LOC103691224,2.76360305,5.62E-06,1.04E-05
LOC103691225,-2.630525851,2.00E-46,1.17E-45
LOC103691235,-0.755929177,2.99E-05,5.29E-05
LOC103691238,-0.809548927,6.19E-27,2.31E-26
LOC103691241,0.562332685,5.88E-05,0.000101897
LOC103691243,-0.738668141,0.002031378,0.003142454
LOC103691250,-1.327064357,0.025270523,0.035262636
LOC103691253,-0.756086512,1.58E-07,3.16E-07
LOC103691254,-2.074344001,1.33E-07,2.67E-07
LOC103691261,0.236792632,0.04989414,0.067219283
LOC103691263,2.626307812,7.92E-15,2.12E-14
LOC103691272,1.269005472,9.93E-05,0.000169468
LOC103691274,-2.267539778,1.78E-08,3.71E-08
LOC103691276,-0.37776936,0.034156854,0.04696488
LOC103691283,-0.54722019,0.001644251,0.002565857
LOC103691294,0.807944685,0.000290059,0.000478589
LOC103691302,-0.534196789,0.000678201,0.001090785
LOC103691315,-2.94365506,1.95E-10,4.43E-10
LOC103691349,5.791165747,1.64E-48,9.98E-48
Frat1,1.538437927,4.87E-63,3.90E-62
LOC103691375,0.99679778,0.015686984,0.022368715
LOC103691380,-3.514301968,2.79E-16,7.80E-16
LOC103691392,-4.988020621,2.06E-34,9.22E-34
LOC103691411,3.264988078,9.41E-06,1.71E-05
LOC103691419,-0.685771041,0.039821477,0.054259331
LOC103691422,1.364676599,1.30E-05,2.35E-05
LOC103691423,1.048190633,2.16E-13,5.49E-13
LOC103691451,-1.618153427,0.017898432,0.025376361
LOC103691452,-1.540484439,0.044343216,0.060069129
LOC103691453,2.850913585,5.36E-05,9.32E-05
LOC103691456,-1.080109607,7.07E-05,0.000121844
LOC103691462,-3.331289904,1.65E-12,4.06E-12
LOC103691468,1.592907286,3.18E-08,6.57E-08
LOC103691472,-1.894752522,0.000145549,0.000245365
LOC103691481,5.332255006,5.37E-34,2.38E-33
LOC103691483,1.461436826,0.00471007,0.007058901
LOC103691493,1.195419063,5.70E-05,9.90E-05
LOC103691573,-9.32181216,2.90E-107,4.49E-106
LOC103691580,1.601611816,3.98E-08,8.20E-08
LOC103691583,-2.08826352,0.004036878,0.006089175
LOC103691612,-1.46733272,0.007348551,0.010805682
LOC103691619,3.385545261,9.15E-07,1.76E-06
LOC103691620,9.174498859,5.16E-170,1.57E-168
LOC103691621,-0.330721994,0.02478902,0.034615235
LOC103691645,-2.761194469,1.17E-22,3.91E-22
LOC103691647,2.447873228,0.000764277,0.001224101
LOC103691652,1.045024675,0.000566667,0.00091593
LOC103691660,3.476014501,1.14E-43,6.26E-43
LOC103691666,-0.424301818,0.015325948,0.021880265
LOC103691674,0.589726158,0.00131745,0.002069858
LOC103691682,3.155064741,6.40E-07,1.24E-06
LOC103691688,-0.417389384,1.72E-05,3.08E-05
LOC103691697,-0.592824983,0.00028895,0.000476866
LOC103691705,3.213634102,1.27E-06,2.43E-06
LOC103691708,1.857144857,0.00114796,0.001812039
LOC103691735,-3.396024939,5.51E-19,1.67E-18
LOC103691752,-1.991698031,1.63E-12,4.00E-12
LOC103691754,1.343261199,1.74E-23,5.95E-23
LOC103691765,-1.106631211,1.48E-15,4.06E-15
LOC103691768,2.972964394,8.91E-48,5.36E-47
LOC103691771,5.40316452,2.17E-29,8.62E-29
Zeb2-as1,-1.071223116,2.39E-27,9.01E-27
B3galt9,1.621105718,0.001033337,0.001637575
LOC103691799,3.709722667,4.25E-09,9.10E-09
LOC103691802,5.667776518,2.00E-17,5.80E-17
LOC103691811,-2.082682669,0.002287231,0.003522407
LOC103691816,4.513766144,1.27E-58,9.36E-58
LOC103691820,-2.920971032,4.58E-36,2.13E-35
LOC103691830,-0.90062878,2.08E-13,5.28E-13
LOC103691831,2.058625685,0.000150108,0.000252821
LOC103691844,2.026166366,1.96E-17,5.70E-17
LOC103691849,-1.881482486,2.80E-05,4.95E-05
LOC103691852,-7.415380159,2.78E-107,4.30E-106
LOC103691864,-5.359357292,1.37E-56,9.70E-56
LOC103691871,-1.48272274,5.67E-22,1.86E-21
LOC103691872,-0.365757353,9.32E-15,2.48E-14
LOC103691878,1.587142257,0.011687344,0.016855574
LOC103691889,-4.37321073,1.86E-43,1.02E-42
Lnc134,2.094522528,2.05E-81,2.20E-80
LOC103691911,-3.649572765,4.91E-24,1.70E-23
LOC103691943,-1.726380713,2.38E-28,9.20E-28
LOC103691945,-2.837040827,1.66E-08,3.47E-08
LOC103691947,-0.812465936,0.000123398,0.000209084
LOC103691954,-2.718391827,3.19E-10,7.18E-10
LOC103691964,-1.838507452,3.96E-07,7.78E-07
LOC103691969,-1.342278656,7.88E-12,1.89E-11
LOC103691970,0.329755582,0.044158248,0.059832263
LOC103691971,-5.094211896,1.60E-104,2.39E-103
LOC103691973,6.241635052,1.44E-35,6.61E-35
LOC103691977,-4.202568363,8.52E-99,1.17E-97
LOC103691983,2.316568617,0.016499616,0.023478819
LOC103691985,-3.863281151,2.87E-33,1.25E-32
LOC103691988,-0.853843251,7.17E-06,1.32E-05
LOC103691992,-5.12207774,1.96E-52,1.29E-51
LOC103691999,-0.529267929,0.006262483,0.009273201
LOC103692000,-5.433508551,2.26E-51,1.45E-50
LOC103692015,2.375194799,1.18E-08,2.49E-08
LOC103692025,-3.088085626,3.46E-13,8.73E-13
LOC103692026,-3.603690193,5.22E-11,1.21E-10
LOC103692030,-2.674996894,6.49E-10,1.44E-09
LOC103692033,2.057451824,7.42E-24,2.56E-23
LOC103692036,3.609086643,2.50E-06,4.70E-06
LOC103692067,4.586204641,1.18E-42,6.37E-42
LOC103692077,1.330288357,0.047457209,0.064084995
LOC103692085,3.257638259,3.39E-06,6.33E-06
LOC103692099,-1.726797447,0.00398837,0.006020612
LOC103692103,1.675816016,0.000158267,0.000266122
LOC103692107,-0.503973619,0.003893089,0.005884587
Smkr1,-3.335335106,2.89E-15,7.83E-15
LOC103692115,4.311507206,2.22E-18,6.62E-18
LOC103692140,-0.783688605,0.045334009,0.061346689
LOC103692180,1.166959356,0.01995877,0.02815201
LOC103692181,2.36733463,3.79E-05,6.65E-05
LOC103692198,-4.684062325,4.18E-28,1.61E-27
LOC103692231,5.018814455,6.61E-162,1.86E-160
LOC103692240,4.021705497,5.41E-88,6.34E-87
LOC103692250,0.432066761,0.005937478,0.00881268
LOC103692282,1.621136029,3.82E-20,1.19E-19
LOC103692286,2.060048926,4.10E-39,2.04E-38
LOC103692288,3.346609244,7.21E-09,1.53E-08
LOC103692300,-0.978226882,0.010640044,0.015397695
LOC103692325,4.087542204,2.36E-63,1.90E-62
LOC103692336,1.998446831,0.002396381,0.003684938
Palm2,-3.944812057,4.04E-98,5.50E-97
LOC103692392,-1.154636977,0.003980149,0.006009428
LOC103692399,-1.714128008,0.00481869,0.007215109
LOC103692415,2.683896694,2.95E-05,5.22E-05
LOC103692427,0.718822864,0.001234817,0.001944266
LOC103692433,-1.875850993,0.000302763,0.000498967
LOC103692436,-1.172636757,0.001004464,0.00159421
LOC103692469,-2.900775434,7.20E-06,1.32E-05
LOC103692477,1.962199507,0.002297247,0.00353728
LOC103692503,-1.34308501,6.62E-06,1.22E-05
LOC103692508,1.295643451,0.000198172,0.000331096
LOC103692509,-3.123815231,1.57E-16,4.43E-16
LOC103692512,-0.539052159,0.000217299,0.000361948
LOC103692514,-2.387849864,4.14E-29,1.63E-28
LOC103692526,-2.25956118,7.57E-20,2.35E-19
LOC103692527,2.329030141,5.94E-89,7.05E-88
Scnn1d,-1.280524445,0.006226808,0.009224531
LOC103692532,-3.857979851,1.56E-25,5.63E-25
LOC103692550,-2.361040171,1.85E-29,7.33E-29
LOC103692577,1.091701375,0.040281852,0.054846204
LOC103692581,-1.666738847,1.73E-06,3.28E-06
LOC103692584,-3.073757938,5.81E-11,1.35E-10
LOC103692605,2.918484572,2.27E-19,6.97E-19
LOC103692636,2.467462238,9.36E-32,3.93E-31
LOC103692664,1.539133229,0.019601362,0.027674272
LOC103692665,-1.317727716,1.89E-07,3.77E-07
LOC103692694,3.69031856,0.002769944,0.004240634
LOC103692698,-2.556750851,5.01E-09,1.07E-08
LOC103692705,-0.584910004,0.001612822,0.00251947
LOC103692723,4.882292571,2.04E-24,7.11E-24
LOC103692732,5.901476348,1.54E-24,5.40E-24
LOC103692734,6.618594171,7.79E-39,3.85E-38
LOC103692757,-2.948024567,2.44E-15,6.64E-15
LOC103692760,1.714902163,0.031144409,0.042992684
LOC103692780,-2.638344214,7.25E-07,1.40E-06
LOC103692782,-1.31602319,2.05E-07,4.07E-07
LOC103692784,-4.447858435,6.80E-34,3.01E-33
LOC103692785,0.232820448,0.039059447,0.053304487
LOC103692795,2.288552932,3.67E-36,1.71E-35
LOC103692820,3.545660778,3.49E-34,1.55E-33
LOC103692822,-2.376057735,6.30E-06,1.16E-05
LOC103692829,0.493211589,3.72E-07,7.32E-07
LOC103692884,1.668225077,1.97E-32,8.44E-32
LOC103692890,-2.257075245,1.79E-08,3.73E-08
LOC103692893,2.75531658,2.06E-07,4.10E-07
LOC103692901,2.423026205,0.014861637,0.02124404
LOC103692937,-1.282071128,6.05E-07,1.18E-06
LOC103692938,-1.103999272,0.000814947,0.001302577
LOC103692944,2.987394422,4.79E-16,1.33E-15
LOC103692946,1.583848814,4.03E-08,8.30E-08
LOC103692950,-3.274326638,4.33E-77,4.38E-76
LOC103692951,-1.177405618,3.64E-11,8.51E-11
LOC103692969,-1.818340436,2.43E-21,7.83E-21
LOC103692974,-1.430449988,5.92E-07,1.15E-06
LOC103692984,-0.766228725,4.73E-08,9.70E-08
LOC103692986,-1.732559701,0.000585389,0.000945365
LOC103692987,-2.707867446,1.58E-11,3.74E-11
LOC103692988,-1.644487563,0.00746994,0.010975451
LOC103693029,1.574388792,2.48E-13,6.28E-13
LOC103693036,-1.806320378,0.001005763,0.001596014
LOC103693043,1.554642987,0.000105443,0.000179566
LOC103693048,-2.61686538,7.14E-06,1.31E-05
LOC103693079,3.056766342,3.21E-06,6.00E-06
LOC103693090,-0.513617567,0.022106479,0.031036356
LOC103693092,-0.772392755,1.03E-05,1.87E-05
LOC103693093,-2.018176477,1.86E-05,3.33E-05
LOC103693101,1.095438751,7.10E-11,1.64E-10
LOC103693102,-0.724671759,3.37E-05,5.93E-05
LOC103693111,-3.685341833,1.18E-21,3.83E-21
LOC103693113,-1.293355597,0.009643428,0.014017845
LOC103693118,-1.418146529,0.000897091,0.001429239
LOC103693122,-1.149967338,0.037153505,0.050848875
LOC103693132,0.401478656,0.031564643,0.043552465
LOC103693135,-3.544746875,2.86E-17,8.26E-17
LOC103693140,-0.966778149,2.11E-12,5.16E-12
LOC103693143,1.08766557,5.77E-11,1.34E-10
LOC103693157,1.499974422,1.40E-36,6.58E-36
LOC103693167,-2.882932043,5.36E-23,1.81E-22
LOC103693204,-3.583768751,2.16E-40,1.11E-39
LOC103693208,1.747078707,6.21E-11,1.44E-10
LOC103693221,2.109094973,0.014403523,0.020615086
LOC103693236,-0.738654467,3.20E-07,6.31E-07
Arl4c,0.50299256,1.38E-05,2.50E-05
LOC103693257,0.28481858,9.24E-05,0.000158097
LOC103693260,1.59011629,0.000131819,0.000222842
LOC103693272,-1.38270116,1.21E-13,3.10E-13
LOC103693274,1.327836754,4.37E-14,1.14E-13
LOC103693292,8.765746017,1.60E-163,4.57E-162
LOC103693320,-4.495429529,3.58E-33,1.56E-32
LOC103693330,0.536318649,0.001755303,0.002731948
LOC103693340,1.468144986,8.71E-29,3.40E-28
Tnfrsf13b,4.926552979,4.86E-108,7.61E-107
LOC103693350,5.200087065,0.000192615,0.000322085
LOC103693354,-1.797049288,1.03E-16,2.92E-16
LOC103693367,3.247285775,0.009412808,0.013697418
LOC103693391,-1.519950378,3.85E-18,1.14E-17
LOC103693395,-0.675326449,1.36E-05,2.45E-05
LOC103693410,0.977230052,0.046182425,0.062423395
LOC103693415,-2.536267475,2.99E-18,8.90E-18
Cox11,0.329767771,1.57E-06,2.98E-06
LOC103693420,-2.959065005,6.36E-133,1.33E-131
LOC103693423,-4.269730602,9.93E-71,9.07E-70
LOC103693430,0.539405056,4.73E-05,8.25E-05
Ptges3l,0.978785892,1.03E-07,2.08E-07
LOC103693474,2.161375585,0.018099221,0.025648945
LOC103693484,1.287302878,0.000194328,0.000324857
LOC103693490,-0.816178434,0.000113285,0.000192445
LOC103693493,1.793038694,3.68E-09,7.92E-09
Oxld1,0.214776742,0.009954693,0.014452552
LOC103693502,-0.634472356,3.88E-05,6.80E-05
LOC103693505,0.664176082,7.17E-09,1.52E-08
LOC103693508,-1.277747906,3.59E-10,8.06E-10
LOC103693523,1.395361582,0.006286488,0.009305953
LOC103693540,-1.108654858,0.00611635,0.009067707
LOC103693549,4.640022706,1.05E-25,3.80E-25
LOC103693556,-1.529102787,0.038423432,0.052501907
LOC103693570,2.141203684,2.40E-83,2.64E-82
LOC103693572,-6.647598846,2.88E-80,3.04E-79
LOC103693581,-0.479038026,0.026157667,0.036431826
LOC103693585,3.506239913,1.65E-07,3.30E-07
LOC103693588,3.848162193,5.98E-18,1.76E-17
LOC103693637,2.488864052,0.004225596,0.006363776
Zbed6,-1.088847667,5.27E-23,1.78E-22
LOC103693683,1.503710081,9.43E-32,3.96E-31
LOC103693707,3.313194932,2.61E-21,8.40E-21
LOC103693717,-1.50142514,1.43E-09,3.13E-09
LOC103693719,-2.575144158,0.00038534,0.00063077
LOC103693725,1.24727755,3.97E-10,8.88E-10
LOC103693764,-0.884148551,4.28E-11,9.97E-11
LOC103693769,-2.289248728,6.53E-50,4.09E-49
LOC103693807,1.402535585,8.03E-07,1.55E-06
LOC103693818,-2.20779813,3.34E-26,1.23E-25
LOC103693837,1.670657697,0.003632293,0.00550529
LOC103693859,-3.216993321,2.95E-19,9.00E-19
LOC103693862,1.216769568,0.005246645,0.007827371
LOC103693867,3.092314902,1.69E-193,6.54E-192
LOC103693876,5.273301963,7.40E-37,3.50E-36
LOC103693880,-2.203507573,0.00033389,0.000548737
LOC103693891,3.357288548,1.93E-05,3.44E-05
LOC103693925,-5.481232902,5.18E-40,2.63E-39
LOC103693959,2.469243105,1.34E-38,6.60E-38
LOC103693968,1.9345054,0.016138666,0.022989518
LOC103694018,-1.297943339,1.87E-09,4.08E-09
LOC103694025,-5.555438848,1.91E-42,1.03E-41
LOC103694026,4.85241871,1.00E-29,4.01E-29
Lnc012,-3.464947655,1.12E-22,3.75E-22
LOC103694041,4.894939693,5.68E-31,2.34E-30
LOC103694081,6.4458468,2.06E-94,2.65E-93
LOC103694084,1.907950382,0.006522996,0.009638695
LOC103694090,6.879178507,1.26E-44,7.12E-44
Pgbd1,-0.863438191,0.001979037,0.00306485
LOC103694103,3.083319653,1.28E-16,3.61E-16
LOC103694118,6.225044209,2.24E-59,1.68E-58
LOC103694125,-4.965677274,4.95E-61,3.83E-60
LOC103694135,-0.466172998,0.024335816,0.03400646
LOC103694167,-1.149684592,0.000719856,0.001155206
LOC103694176,-0.562430815,2.84E-06,5.33E-06
LOC103694196,-2.258996021,1.27E-17,3.69E-17
LOC103694204,-0.993464705,1.43E-05,2.57E-05
LOC103694209,1.958839117,8.43E-05,0.000144637
LOC103694218,2.666515373,0.000455067,0.000740686
LOC103694251,-2.068043514,0.024440855,0.034145176
LOC103694265,1.214135777,0.008076464,0.011830179
LOC103694268,2.552037185,0.001355212,0.00212738
LOC103694285,-3.900296818,2.48E-25,8.88E-25
LOC103694287,1.95995655,0.0363839,0.049844005
LOC103694302,-1.382442424,7.08E-07,1.37E-06
LOC103694321,-1.874674883,1.77E-08,3.69E-08
LOC103694327,-2.210021843,0.000952397,0.001513603
LOC103694328,-0.703741947,6.10E-50,3.82E-49
LOC103694348,-2.322328531,5.95E-05,0.000103156
LOC103694354,0.702770112,2.01E-10,4.57E-10
LOC103694394,-1.154608452,0.004051598,0.006110444
LOC103694417,2.563794409,4.39E-06,8.16E-06
LOC103694427,2.528811307,2.30E-10,5.20E-10
LOC103694446,-1.604414889,3.66E-18,1.09E-17
LOC103694460,-0.337727132,0.004945388,0.007395459
LOC103694491,3.608552754,3.12E-20,9.76E-20
LOC103694504,1.987261111,2.49E-08,5.18E-08
LOC103694537,1.887422403,0.017867292,0.025336048
LOC103694572,1.443097021,0.000161674,0.000271714
LOC103695010,-2.370293439,1.43E-20,4.51E-20
LOC103695040,-0.509822872,0.016589007,0.023600684
LOC103695100,-2.549523486,2.21E-07,4.39E-07
LOC103695171,-1.738392498,0.000650844,0.001048152
LOC103695172,1.342324257,0.000165474,0.000277926
LOC103695230,4.461882519,8.72E-20,2.70E-19
LOC103695322,3.938185553,1.19E-39,5.98E-39
LOC103695338,3.623708479,3.19E-21,1.02E-20
Mir1247,-3.997952263,1.99E-17,5.77E-17
Mir148a,-3.23063728,5.84E-16,1.62E-15
Mir3064,-1.71083613,3.92E-31,1.62E-30
Mirlet7g,-2.193718466,0.000284035,0.000469069
Lnc001,0.866243022,4.18E-09,8.96E-09
Fendrr,-5.619935505,1.99E-47,1.19E-46
Lnc215,-2.84900954,3.13E-13,7.90E-13
Tincr,-0.59626772,1.70E-09,3.71E-09
Rps27a-ps8,0.864293428,0.001928162,0.002990132
Rps27a-ps11,-1.934639338,0.003478438,0.005281299
Mir155hg,-0.668280781,0.006604438,0.009755627
Kantr,-0.956977509,9.09E-09,1.92E-08
Baiap3,-0.588384036,6.89E-06,1.27E-05
Cahm,-1.145756169,6.94E-08,1.41E-07
LOC106182250,-3.356334211,0.002582232,0.00396228
Cep83os,0.311342388,0.00176416,0.002745301
Zbtb11os1,-1.660668231,7.58E-13,1.89E-12
Hoxb5os,-3.83714536,1.79E-67,1.54E-66
Hoxaas3,-3.097689081,2.54E-30,1.03E-29
Crnde,1.164000235,1.44E-06,2.74E-06
Khps1a,1.844470302,8.34E-08,1.69E-07
LOC108348035,6.559909346,1.71E-49,1.06E-48
LOC108348051,-0.531111587,2.62E-19,8.02E-19
LOC108348065,-0.311472642,1.18E-06,2.25E-06
Eif5,0.339580602,8.37E-19,2.53E-18
LOC108348090,-1.331757729,4.51E-55,3.11E-54
LOC108348102,-2.032468603,2.73E-38,1.33E-37
LOC108348108,-3.466272651,9.59E-32,4.03E-31
LOC108348123,-2.865866611,1.41E-30,5.75E-30
LOC108348125,0.619695421,2.06E-10,4.68E-10
LOC108348130,-4.213354713,1.85E-38,9.10E-38
Dmrtc1a,-3.116409364,1.04E-28,4.04E-28
NEWGENE_1309446,-0.63487693,1.67E-09,3.63E-09
LOC108348171,1.813658658,1.87E-07,3.73E-07
Vps37c,0.308510173,2.53E-12,6.18E-12
LOC108348181,-1.475442233,0.04405119,0.059700876
LOC108348186,-1.01094726,0.000583676,0.000942805
LOC108348201,-2.103119668,8.23E-24,2.83E-23
LOC108348215,-0.448287293,5.24E-05,9.11E-05
LOC108348218,3.887328768,7.56E-115,1.28E-113
LOC108348220,2.007822903,0.045870896,0.062022147
LOC108348223,5.816215464,7.75E-26,2.81E-25
LOC108348224,-1.334809923,5.30E-33,2.30E-32
Pcdhb6l,-2.199067283,4.60E-15,1.24E-14
LOC108348241,-0.512811412,0.033715895,0.046388757
LOC108348301,2.272882378,2.65E-17,7.65E-17
LOC108348302,-0.437254665,3.24E-06,6.05E-06
LOC108348314,3.153785118,1.60E-39,8.04E-39
LOC108348330,5.53546029,1.57E-18,4.70E-18
LOC108348359,1.762476097,0.005757414,0.008554435
LOC108348367,7.173495178,6.60E-55,4.53E-54
LOC108348374,-1.826764028,0.011953179,0.017227205
LOC108348384,-0.505718436,1.53E-09,3.35E-09
LOC108348385,-1.986480988,3.19E-07,6.29E-07
LOC108348388,4.915098346,1.55E-26,5.74E-26
LOC108348389,-1.244491771,2.88E-05,5.09E-05
LOC108348394,1.999140946,2.78E-05,4.93E-05
LOC108348395,-2.557666911,1.50E-06,2.85E-06
LOC108348397,-3.132742988,2.44E-13,6.20E-13
LOC108348401,-1.282851058,0.010015293,0.014536965
LOC108348402,-4.417699585,7.44E-36,3.44E-35
LOC108348410,-2.060503952,3.08E-24,1.07E-23
LOC108348411,1.485487776,3.10E-09,6.68E-09
LOC108348412,1.133563962,9.97E-08,2.02E-07
LOC108348413,1.820967439,3.20E-06,5.98E-06
LOC108348435,3.008897852,7.53E-05,0.000129468
LOC108348471,1.452019146,0.043831293,0.059424636
LOC108348481,-1.763519504,2.87E-05,5.07E-05
LOC108348486,5.573809212,5.52E-70,4.97E-69
LOC108348488,-3.655192431,2.27E-53,1.51E-52
LOC108348503,3.295954438,5.90E-13,1.48E-12
LOC108348509,0.758255031,1.37E-08,2.88E-08
LOC108348513,7.06467536,2.53E-200,1.03E-198
LOC108348523,0.915441199,0.005954704,0.008836918
LOC108348525,-1.050397266,8.67E-05,0.000148631
LOC108348536,2.416682821,1.83E-24,6.40E-24
LOC108348548,-1.59297409,0.021611603,0.030364631
LOC108348554,3.980182761,0.000210797,0.000351495
LOC108348555,3.235645464,1.78E-10,4.05E-10
LOC108348564,-2.762425965,2.52E-11,5.92E-11
LOC108348573,-1.884696412,3.61E-15,9.74E-15
LOC108348574,-1.031400245,4.89E-05,8.51E-05
LOC108348578,-1.215833427,1.34E-11,3.18E-11
LOC108348587,-1.532566108,1.62E-06,3.07E-06
LOC108348590,-1.604883928,2.56E-08,5.30E-08
LOC108348596,7.096059094,7.84E-67,6.68E-66
LOC108348601,-2.551527866,4.59E-07,8.98E-07
LOC108348605,1.883639123,0.002220813,0.003423687
LOC108348619,-1.456445249,0.011821746,0.017041933
Trnai-aau,3.504776173,6.62E-05,0.000114448
Trnar-ucg,2.31464119,0.001743491,0.002714279
LOC108348727,-1.627888494,1.68E-08,3.52E-08
LOC108348754,0.799814246,0.006014911,0.008921791
LOC108348770,-2.404374044,3.18E-17,9.18E-17
Pcdhb16l,-1.605263863,8.12E-26,2.95E-25
LOC108348772,-1.616111503,2.69E-06,5.06E-06
LOC108348778,-3.36405792,7.27E-17,2.07E-16
LOC108348780,-0.791868712,0.027703956,0.038467747
LOC108348794,-1.898973055,3.33E-29,1.31E-28
LOC108348801,3.798641368,0.000120746,0.000204731
LOC108348805,-1.273017749,1.51E-05,2.71E-05
LOC108348808,3.019882054,4.24E-37,2.02E-36
LOC108348813,-1.913306382,0.000133992,0.000226398
LOC108348823,0.687433482,0.000461599,0.000751152
LOC108348824,-1.766240239,4.01E-05,7.02E-05
LOC108348833,0.263899469,0.002435813,0.003744212
LOC108348835,-0.586261855,0.019487831,0.02752055
LOC108348861,6.876632454,2.24E-148,5.54E-147
LOC108348876,-1.348750495,8.37E-05,0.000143563
LOC108348891,0.688075014,2.47E-10,5.58E-10
LOC108348893,-1.273179693,0.001769779,0.002753611
LOC108348898,-1.711164919,0.023322968,0.032666226
LOC108348906,-0.780209715,1.81E-18,5.41E-18
LOC108348925,1.014722186,2.12E-06,4.00E-06
LOC108348930,3.219160365,3.56E-07,6.99E-07
LOC108348936,1.467716565,0.001822903,0.002832393
LOC108348942,-3.67228436,6.64E-30,2.67E-29
LOC108348944,-3.578875438,2.61E-20,8.20E-20
LOC108348960,-1.57377,2.27E-05,4.04E-05
LOC108348963,-3.572218893,4.39E-10,9.81E-10
LOC108348965,2.221548188,0.003648525,0.00552791
LOC108348977,2.982641165,3.21E-48,1.95E-47
LOC108348981,1.069702225,0.01252601,0.018015046
LOC108348984,-1.870548178,0.011634906,0.016784039
LOC108348999,-2.167896828,2.93E-11,6.86E-11
LOC108349007,-3.845225756,4.58E-22,1.51E-21
LOC108349010,-0.691153761,3.31E-07,6.51E-07
LOC108349024,3.347411211,3.89E-05,6.81E-05
LOC108349027,1.564364124,3.43E-15,9.29E-15
LOC108349032,1.878768872,5.11E-49,3.15E-48
LOC108349035,-3.979891027,1.05E-22,3.53E-22
LOC108349036,-1.452589281,2.59E-16,7.26E-16
LOC108349039,-2.378636413,3.93E-07,7.71E-07
LOC108349043,3.712855812,7.35E-51,4.67E-50
LOC108349047,-1.26108295,7.73E-16,2.14E-15
LOC108349051,-1.531519849,0.001424669,0.002232976
LOC108349084,-2.950913119,3.48E-53,2.31E-52
LOC108349100,-1.876010815,5.43E-06,1.00E-05
LOC108349125,-1.591908987,6.99E-11,1.61E-10
LOC108349187,2.393379924,3.16E-07,6.23E-07
LOC108349189,1.208125515,4.56E-06,8.46E-06
LOC108349194,-1.759173013,2.95E-08,6.11E-08
LOC108349212,-2.047510423,0.002299334,0.003540125
LOC108349213,-3.249824484,2.61E-12,6.37E-12
LOC108349214,2.466160794,1.55E-05,2.79E-05
LOC108349219,-3.521340032,1.63E-18,4.87E-18
LOC108349225,-1.219016758,7.60E-05,0.000130722
LOC108349226,-1.367355959,0.044828791,0.060688004
LOC108349234,-1.072237321,0.001783393,0.002773917
LOC108349239,-2.052348912,4.10E-08,8.44E-08
LOC108349241,0.750613788,1.39E-22,4.65E-22
LOC108349244,-0.491866948,7.93E-07,1.53E-06
Soga3,-3.191700568,3.74E-52,2.44E-51
Trnaf-gaa,4.055073828,2.29E-10,5.18E-10
LOC108349283,6.049384571,2.16E-47,1.29E-46
LOC108349289,-1.776645888,0.00022745,0.000378239
LOC108349427,-3.87377739,1.25E-27,4.77E-27
LOC108349436,1.3865513,1.18E-22,3.93E-22
LOC108349447,4.578355509,5.20E-50,3.26E-49
LOC108349449,-1.478330523,2.99E-07,5.89E-07
LOC108349450,-1.367623645,1.38E-05,2.49E-05
LOC108349455,-3.764301138,3.56E-13,8.98E-13
LOC108349463,-1.392701138,2.88E-06,5.40E-06
LOC108349468,2.284322143,8.40E-24,2.89E-23
LOC108349469,1.884155975,3.98E-09,8.54E-09
LOC108349471,-1.169325598,7.20E-26,2.62E-25
LOC108349475,1.392237877,0.021035224,0.029587129
LOC108349479,-0.984257056,8.44E-15,2.25E-14
LOC108349487,4.388716372,1.20E-15,3.30E-15
LOC108349488,2.545243329,1.06E-09,2.34E-09
LOC108349494,3.695290202,1.24E-07,2.50E-07
LOC108349506,-3.198386214,2.46E-15,6.68E-15
LOC108349507,-1.663268719,0.000408799,0.000667767
LOC108349515,2.011191662,2.74E-10,6.18E-10
LOC108349526,0.309993258,0.027004342,0.037542127
LOC108349528,6.50741475,5.26E-38,2.56E-37
LOC108349532,1.325249969,1.44E-25,5.18E-25
LOC108349540,-2.939082711,3.49E-13,8.79E-13
NEWGENE_1309147,0.645806756,0.000656157,0.001056364
LOC108349559,2.244589597,4.36E-27,1.63E-26
LOC108349564,-2.311133529,7.10E-37,3.36E-36
LOC108349570,2.560157473,0.03465239,0.047597563
LOC108349575,0.966782141,0.002196565,0.003388423
LOC108349586,-2.389975351,6.37E-07,1.24E-06
LOC108349597,4.03516102,7.42E-06,1.36E-05
LOC108349611,-1.019446437,0.049589067,0.066826537
LOC108349612,-2.345831506,9.99E-11,2.29E-10
LOC108349625,0.855496965,0.005802972,0.008619094
LOC108349628,-1.010437291,6.35E-13,1.59E-12
LOC108349640,3.928743387,1.02E-16,2.90E-16
LOC108349643,-0.38444779,0.015040335,0.021487022
LOC108349644,5.057372332,1.04E-29,4.17E-29
LOC108349648,-3.352672677,4.73E-20,1.47E-19
LOC108349659,-1.65211208,0.001542877,0.002412243
LOC108349665,-4.319011466,1.67E-33,7.35E-33
LOC108349676,0.963318733,0.027186263,0.037786159
LOC108349679,-3.037949344,1.28E-26,4.76E-26
LOC108349682,0.737084185,6.37E-09,1.36E-08
LOC108349688,-1.150088789,0.001361592,0.002137055
LOC108349691,2.822151912,7.85E-36,3.63E-35
LOC108349710,3.4227115,2.99E-98,4.09E-97
LOC108349720,7.515030077,1.05E-55,7.33E-55
LOC108349721,0.696911963,2.29E-07,4.55E-07
LOC108349725,-1.5743649,0.000284448,0.000469645
LOC108349762,-2.696804397,2.15E-05,3.84E-05
LOC108349783,-1.121698175,0.004495714,0.006755446
LOC108349843,1.149237025,6.87E-09,1.46E-08
LOC108349848,-1.524059465,0.004772026,0.007148132
LOC108349849,3.838730762,2.37E-45,1.35E-44
LOC108349861,1.588315297,2.97E-29,1.18E-28
Trnal-uaa,0.764491133,0.001822147,0.002831516
LOC108349908,-3.454808426,1.20E-10,2.75E-10
LOC108349921,4.602971108,3.57E-08,7.36E-08
LOC108349943,3.433639432,3.13E-14,8.18E-14
LOC108349945,3.50467233,3.39E-09,7.31E-09
LOC108349957,-1.119810555,0.001647976,0.002571535
LOC108349959,1.901070661,0.002128946,0.003287715
LOC108349968,3.151806414,2.85E-24,9.92E-24
LOC108349999,-1.742533953,0.000322222,0.000530268
LOC108350008,-1.219331842,0.004601988,0.006906017
LOC108350015,-2.702153971,2.54E-18,7.58E-18
LOC108350022,2.840179058,1.39E-16,3.91E-16
LOC108350028,1.506331576,8.63E-12,2.07E-11
LOC108350043,4.657915792,3.49E-37,1.67E-36
LOC108350053,1.028694882,0.009735703,0.014147806
LOC108350055,-1.380174033,3.70E-08,7.63E-08
LOC108350064,-2.025135294,4.88E-08,9.99E-08
LOC108350066,-1.298848824,3.76E-14,9.83E-14
LOC108350069,1.879917293,1.03E-11,2.46E-11
LOC108350077,1.646918733,1.69E-06,3.21E-06
LOC108350082,3.399636242,6.90E-37,3.27E-36
LOC108350099,-1.225635408,1.09E-07,2.19E-07
LOC108350102,1.137529468,7.52E-10,1.67E-09
LOC108350108,1.41443174,0.049344518,0.06651213
LOC108350109,2.836828985,5.22E-09,1.11E-08
LOC108350114,-1.972734762,6.08E-07,1.18E-06
LOC108350116,-2.089165241,0.000333156,0.000547591
LOC108350123,2.215750288,0.02610325,0.036361172
LOC108350126,4.173531274,5.03E-11,1.17E-10
LOC108350142,-2.562920824,3.54E-19,1.08E-18
LOC108350150,1.345700429,0.024097776,0.033689741
LOC108350152,2.816251228,6.08E-34,2.69E-33
LOC108350175,-0.492668782,0.000247191,0.000410054
LOC108350199,-0.729379513,3.95E-05,6.93E-05
LOC108350210,0.521065709,0.006132324,0.009090023
LOC108350243,1.182555779,0.021558345,0.030295558
LOC108350245,-1.720556534,0.000291951,0.000481577
LOC108350287,0.746487694,0.00061473,0.000991505
Trnaq-cug,-2.545621088,5.28E-19,1.60E-18
Trnar-ucu,0.847674992,0.001016321,0.001612076
LOC108350341,-2.315401077,1.87E-25,6.71E-25
LOC108350345,1.381295401,0.016178273,0.02304039
LOC108350355,0.514804335,0.008313719,0.012157238
LOC108350365,-0.707771734,0.00384766,0.005818596
LOC108350366,4.594354122,2.42E-17,7.02E-17
LOC108350396,1.90430772,0.020975262,0.029505594
LOC108350398,2.839232091,5.79E-25,2.06E-24
LOC108350414,3.257930547,7.90E-29,3.08E-28
LOC108350415,3.686214921,6.16E-12,1.48E-11
Inafm2,2.916456276,0,0
LOC108350444,1.580554114,1.63E-22,5.42E-22
LOC108350445,-0.980193236,6.74E-06,1.24E-05
LOC108350448,-0.667320592,0.002262117,0.003484819
LOC108350462,1.312353715,0.036958437,0.050596301
LOC108350472,-5.433793204,3.52E-89,4.19E-88
LOC108350484,-2.917107196,5.40E-55,3.71E-54
LOC108350487,1.236888284,1.29E-11,3.07E-11
LOC108350494,-1.834664398,0.003761808,0.005692258
LOC108350501,0.520784241,6.56E-05,0.000113364
LOC108350502,1.211040767,7.62E-40,3.85E-39
LOC108350503,-4.270720805,1.75E-81,1.88E-80
LOC108350509,-1.899640094,0.003923349,0.005929116
LOC108350515,9.493253171,9.71E-179,3.21E-177
LOC108350521,-0.967809327,0.011718796,0.016898463
LOC108350531,-1.359114868,1.89E-29,7.51E-29
LOC108350535,0.960735645,0.04334651,0.058797027
LOC108350538,3.596199607,2.25E-29,8.93E-29
LOC108350542,-0.827064796,1.15E-06,2.19E-06
LOC108350545,3.659952227,1.26E-12,3.10E-12
LOC108350555,3.543106439,4.16E-07,8.16E-07
LOC108350562,2.303016658,0.00477102,0.007146988
LOC108350582,2.661551467,1.71E-07,3.41E-07
LOC108350588,1.143346924,1.66E-11,3.94E-11
LOC108350592,6.375817046,1.60E-41,8.42E-41
LOC108350646,-2.221541155,7.86E-40,3.97E-39
LOC108350659,-1.050003614,8.12E-06,1.49E-05
LOC108350668,1.086534696,0.026011166,0.036236312
LOC108350671,4.971648707,7.37E-27,2.75E-26
LOC108350688,-2.199372039,2.84E-08,5.89E-08
LOC108350719,-2.169103537,4.03E-16,1.12E-15
LOC108350721,-2.362871222,1.16E-34,5.22E-34
LOC108350722,-1.116017593,1.49E-06,2.83E-06
LOC108350725,-0.747519999,0.003490305,0.005299045
LOC108350727,1.77681019,1.49E-18,4.48E-18
LOC108350742,-2.435146052,6.38E-32,2.69E-31
LOC108350743,-0.917150229,0.003568264,0.005412681
LOC108350750,-0.944263846,0.00305211,0.004652632
LOC108350752,-0.957020972,0.000276873,0.000457676
LOC108350753,2.363048853,0.000325732,0.000535745
LOC108350763,-1.49850519,0.022323033,0.031321063
LOC108350772,-0.53171671,0.003674087,0.005565784
LOC108350781,1.552201375,5.25E-08,1.07E-07
LOC108350798,-0.766975193,0.000126661,0.000214379
LOC108350803,3.298600108,1.20E-10,2.76E-10
LOC108350834,-0.469383794,4.84E-07,9.45E-07
LOC108350849,-1.336949962,0.002601315,0.003990733
LOC108350865,6.262841166,5.38E-32,2.28E-31
LOC108350869,0.983358596,0.017501646,0.024840179
LOC108350874,2.907935096,0.033393306,0.045959877
LOC108350951,1.274261631,0.01993949,0.02813018
LOC108350952,2.937163524,0.000221148,0.000368091
LOC108350959,-0.995267089,0.000210174,0.000350515
LOC108350962,0.449894266,0.041057189,0.05584276
LOC108350968,-2.638498921,5.11E-13,1.28E-12
LOC108350984,-1.780847835,7.39E-05,0.000127265
LOC108350992,-2.121338453,4.41E-15,1.19E-14
LOC108351012,-1.471590921,9.88E-12,2.36E-11
LOC108351021,-2.216919341,8.72E-15,2.33E-14
LOC108351027,-2.337616898,4.76E-15,1.28E-14
LOC108351029,2.973996127,4.45E-29,1.75E-28
LOC108351031,-1.346633235,0.03157632,0.043566545
LOC108351032,2.563137196,9.73E-24,3.34E-23
LOC108351035,-2.475075117,4.98E-17,1.43E-16
LOC108351047,-2.068950642,0.000552372,0.000893508
LOC108351049,-0.930249427,7.74E-07,1.50E-06
LOC108351054,-1.803803526,0.000321906,0.000529777
LOC108351058,1.141369093,3.01E-32,1.28E-31
LOC108351067,-1.540728727,3.28E-05,5.77E-05
LOC108351072,-2.029145584,2.42E-06,4.56E-06
LOC108351073,-2.066254231,1.60E-53,1.07E-52
LOC108351081,2.177782598,4.11E-05,7.20E-05
LOC108351097,2.386367343,0.003497841,0.005309509
LOC108351102,-2.317106611,8.08E-07,1.56E-06
LOC108351105,-1.786852024,1.24E-31,5.18E-31
LOC108351106,5.165567998,1.41E-30,5.75E-30
LOC108351107,1.844871607,0.005499482,0.008185996
LOC108351119,1.934649652,0.021549137,0.030284057
LOC108351161,1.311567214,0.000470395,0.000765002
LOC108351164,-3.037794087,5.83E-50,3.65E-49
LOC108351172,-1.875027511,6.14E-05,0.0001063
LOC108351178,1.560274591,0.00044217,0.000720368
LOC108351183,3.14479363,1.23E-12,3.04E-12
LOC108351184,-0.748274,0.024051045,0.033627587
LOC108351200,-1.447083405,3.19E-98,4.35E-97
LOC108351202,1.864615458,0.001005218,0.001595235
LOC108351223,2.8070355,1.22E-08,2.57E-08
LOC108351235,-1.003853803,0.018897313,0.026724897
LOC108351240,3.675463278,3.70E-12,8.98E-12
LOC108351253,-1.938596319,4.23E-07,8.28E-07
LOC108351255,0.752211964,1.11E-10,2.54E-10
LOC108351257,1.532424098,0.000748109,0.00119944
LOC108351262,0.708236522,0.003021798,0.004609036
LOC108351266,4.102325666,1.57E-88,1.86E-87
LOC108351280,-0.80166375,0.025074777,0.034997745
LOC108351288,-1.907592116,8.11E-05,0.00013919
LOC108351290,1.303738842,0.027724239,0.038494105
LOC108351292,-3.03395127,6.15E-24,2.12E-23
LOC108351293,-2.218316043,0.000155702,0.000261989
LOC108351298,-1.36903412,1.94E-08,4.05E-08
LOC108351299,-0.329819803,0.039632175,0.054024369
LOC108351302,1.485419801,8.19E-10,1.81E-09
LOC108351307,5.520536328,7.71E-18,2.27E-17
LOC108351309,5.770252519,4.03E-30,1.63E-29
LOC108351313,6.498726437,1.08E-43,5.93E-43
LOC108351342,4.240703562,1.38E-16,3.91E-16
LOC108351347,6.281803991,7.31E-57,5.21E-56
LOC108351348,6.233820587,5.10E-31,2.11E-30
LOC108351370,3.911070175,8.37E-12,2.00E-11
LOC108351371,0.591959561,0.02506839,0.034990482
LOC108351377,0.443876636,0.003846286,0.005816814
LOC108351380,7.22784137,3.95E-43,2.15E-42
LOC108351404,4.331283097,1.90E-18,5.70E-18
LOC108351405,-3.737329707,7.33E-73,6.91E-72
LOC108351415,-2.624504469,2.20E-05,3.91E-05
LOC108351419,-3.049766293,6.04E-16,1.67E-15
LOC108351425,-0.466417846,0.000597456,0.000964483
LOC108351430,-2.695315756,0.00123458,0.001943997
LOC108351437,-1.033756764,0.000271061,0.000448444
LOC108351455,0.658768041,0.045864993,0.062017001
LOC108351463,1.704386337,0.007918916,0.011609178
LOC108351472,-2.13455135,1.34E-39,6.70E-39
LOC108351474,-0.412623641,0.029286209,0.040544864
LOC108351482,1.172061558,2.40E-24,8.39E-24
LOC108351485,-4.796449014,9.53E-57,6.77E-56
LOC108351495,-4.694936953,1.38E-45,7.95E-45
LOC108351497,-1.567162584,3.56E-19,1.08E-18
LOC108351498,-0.822737301,1.00E-11,2.40E-11
LOC108351510,-1.38103007,2.06E-05,3.67E-05
LOC108351520,3.465460208,6.20E-07,1.21E-06
LOC108351526,-3.60099694,2.85E-27,1.07E-26
LOC108351527,-2.707059087,2.54E-08,5.27E-08
LOC108351528,5.057328278,2.32E-27,8.77E-27
LOC108351532,1.181885608,0.021875723,0.030728427
LOC108351533,-4.320859251,4.54E-42,2.41E-41
LOC108351542,1.862557689,2.24E-36,1.05E-35
LOC108351545,-1.353935211,1.14E-09,2.50E-09
LOC108351548,-2.94549517,1.82E-75,1.79E-74
LOC108351553,-0.871627616,0.033258913,0.045783429
LOC108351555,4.698082554,4.63E-176,1.48E-174
LOC108351584,-0.966822878,1.04E-16,2.95E-16
LOC108351587,-3.882408939,1.03E-23,3.53E-23
LOC108351588,-1.517731015,7.23E-06,1.33E-05
LOC108351595,-1.003548,5.20E-11,1.21E-10
LOC108351603,-6.016596847,2.69E-26,9.91E-26
LOC108351606,-3.101623138,2.65E-93,3.38E-92
LOC108351611,0.930060791,0.003463677,0.005259698
Trnad-guc,1.825960831,7.33E-09,1.56E-08
LOC108351652,3.59368331,5.68E-15,1.53E-14
LOC108351654,-1.442971081,4.36E-08,8.95E-08
LOC108351660,-0.700002814,0.008262306,0.012086835
LOC108351663,-1.874696154,0.000149171,0.000251343
LOC108351664,-1.041019755,8.32E-11,1.91E-10
LOC108351669,4.132525042,1.74E-05,3.12E-05
LOC108351685,3.125190023,1.68E-15,4.59E-15
LOC108351703,-2.934526111,1.06E-44,5.99E-44
LOC108351709,-0.94316777,1.06E-06,2.03E-06
LOC108351715,-1.270025906,2.35E-08,4.89E-08
LOC108351719,-1.865639571,2.87E-06,5.37E-06
LOC108351727,-1.85408554,1.00E-20,3.17E-20
LOC108351729,-2.139660585,4.80E-07,9.39E-07
LOC108351731,2.232530817,0.017322984,0.024597224
LOC108351734,1.094787404,0.002568858,0.003943189
LOC108351748,1.067275782,0.034393951,0.047257937
LOC108351750,-4.183634592,2.44E-37,1.17E-36
LOC108351754,-2.142175484,9.56E-05,0.000163343
LOC108351758,-1.564850431,0.000336375,0.000552728
LOC108351762,3.554037274,1.96E-11,4.62E-11
LOC108351773,-2.247945524,2.82E-07,5.56E-07
LOC108351778,1.484462643,0.00019089,0.00031929
LOC108351781,0.395596978,0.006248315,0.009253612
LOC108351782,-1.656409397,0.007401638,0.010881582
LOC108351791,1.542881758,0.025374154,0.035395879
Znf660,-1.043900275,9.51E-07,1.83E-06
LOC108351814,2.240330913,0.019186933,0.027118925
LOC108351821,-1.977573748,4.42E-11,1.03E-10
LOC108351825,-1.746993366,2.50E-06,4.71E-06
LOC108351834,-2.315419497,0.002243204,0.003457124
LOC108351839,-2.117654126,8.61E-05,0.000147562
LOC108351841,-1.927899093,0.00466732,0.007000861
Vsig10l2,-2.668243651,9.16E-09,1.94E-08
Trnae-uuc,1.616503319,0.03650351,0.049999213
LOC108351892,-1.206061401,7.80E-06,1.43E-05
LOC108351893,1.361443296,6.36E-18,1.87E-17
LOC108351918,-1.742528134,8.48E-11,1.95E-10
LOC108351923,-1.099273883,0.022213447,0.031174697
LOC108351926,2.285198114,0.036337894,0.049787896
LOC108351929,-5.276591934,3.88E-123,7.31E-122
LOC108351933,-1.778228101,0.002969208,0.004532327
LOC108351935,-2.234989943,0.000186272,0.000311848
LOC108351941,-3.024095194,1.26E-16,3.56E-16
LOC108351943,-4.619439368,4.52E-41,2.35E-40
LOC108351947,-2.478583533,4.26E-13,1.07E-12
LOC108351955,-1.937906763,1.95E-05,3.48E-05
LOC108351956,3.717273367,2.49E-48,1.51E-47
LOC108351970,-0.577007708,0.001105202,0.001747624
LOC108351974,1.681558392,3.80E-23,1.29E-22
LOC108351976,-3.285469804,2.20E-18,6.56E-18
LOC108351978,3.066120827,3.33E-09,7.17E-09
LOC108351980,1.736058443,1.19E-05,2.16E-05
LOC108351981,1.283529069,0.000879952,0.001403217
LOC108351992,4.043564616,6.61E-11,1.53E-10
LOC108352013,-0.510757266,1.28E-05,2.31E-05
LOC108352014,-2.285410095,6.24E-08,1.27E-07
LOC108352017,-6.073628646,3.11E-37,1.49E-36
LOC108352030,0.85146014,1.96E-08,4.09E-08
LOC108352035,-3.296393388,1.02E-14,2.70E-14
LOC108352053,3.365732331,5.74E-11,1.33E-10
NEWGENE_6497122,-1.378727778,1.38E-07,2.77E-07
LOC108352064,-2.223133992,0.002449687,0.003765147
LOC108352065,1.25502473,1.90E-14,5.00E-14
LOC108352070,-6.321912138,9.16E-90,1.10E-88
LOC108352076,-2.960921581,2.66E-13,6.73E-13
LOC108352079,-1.972860352,0.001019186,0.001616448
LOC108352081,-2.388806943,2.50E-30,1.01E-29
LOC108352082,0.843436624,7.76E-10,1.72E-09
LOC108352086,2.142044917,1.55E-14,4.09E-14
LOC108352088,0.797541225,1.12E-05,2.04E-05
LOC108352102,0.970330286,4.73E-07,9.26E-07
LOC108352105,-3.656809751,1.17E-58,8.64E-58
LOC108352107,-1.060342352,7.72E-08,1.57E-07
LOC108352124,1.991478419,0.000223069,0.000371205
LOC108352129,-1.64319917,0.000715716,0.001148999
LOC108352132,-3.575504891,1.06E-10,2.43E-10
LOC108352137,-1.586024368,0.004775984,0.007153699
LOC108352141,6.964708799,4.59E-48,2.77E-47
LOC108352143,1.945383927,1.29E-09,2.84E-09
LOC108352144,4.533070044,2.75E-31,1.14E-30
LOC108352148,1.986649476,4.65E-09,9.94E-09
LOC108352149,0.617147294,0.042359527,0.057540027
LOC108352161,0.564758374,3.90E-06,7.26E-06
LOC108352165,-1.960791554,1.22E-22,4.06E-22
LOC108352167,1.242156508,0.016112738,0.022954794
LOC108352174,-1.80626187,0.001001202,0.001589373
LOC108352176,2.757744453,0.000771188,0.001234569
LOC108352182,1.562309071,0.000251727,0.000417345
LOC108352191,1.761990198,3.02E-27,1.14E-26
LOC108352198,-2.163303092,8.13E-15,2.17E-14
C10H5orf58,-5.376021668,1.37E-93,1.76E-92
LOC108352204,-1.390219052,5.18E-05,9.01E-05
LOC108352212,-1.254164209,1.24E-06,2.37E-06
LOC108352217,0.78765161,9.73E-07,1.87E-06
LOC108352222,2.512185305,0.00812135,0.011892982
Trnak-cuu,-1.190365139,1.54E-05,2.76E-05
Trnat-agu,-2.63751943,1.47E-08,3.08E-08
Trnas-cga,-2.565733974,9.09E-07,1.75E-06
Trnar-ucu,-1.599714759,0.000548084,0.000886766
LOC108352304,-1.39513375,0.007699667,0.011300638
LOC108352311,0.65811319,0.000392328,0.000641747
LOC108352312,-1.727557095,4.61E-10,1.03E-09
LOC108352316,-1.234794846,9.52E-08,1.93E-07
LOC108352323,-1.243296409,4.17E-08,8.57E-08
LOC108352325,-1.616675614,0.003646103,0.005524806
LOC108352328,-1.181816916,2.27E-06,4.27E-06
LOC108352329,1.704714198,0.00012821,0.000216928
LOC108352331,4.60958208,2.13E-24,7.45E-24
LOC108352343,5.807093668,2.29E-239,1.28E-237
LOC108352348,1.466853135,1.47E-12,3.63E-12
LOC108352352,-1.62086107,0.000469483,0.000763561
LOC108352361,2.380826521,3.16E-05,5.57E-05
LOC108352363,1.263701393,0.015453972,0.022049207
LOC108352383,1.202563732,4.37E-06,8.13E-06
LOC108352384,-1.068677939,1.48E-09,3.24E-09
LOC108352385,-1.476409087,3.71E-07,7.29E-07
LOC108352390,-2.815467485,9.74E-10,2.15E-09
LOC108352411,0.765368227,0.000434864,0.000708823
LOC108352413,-0.717189585,0.001941912,0.003010665
LOC108352417,4.077085071,7.93E-18,2.33E-17
LOC108352423,-0.562962837,1.66E-05,2.98E-05
LOC108352424,-1.650015318,1.33E-34,5.99E-34
LOC108352425,7.565451884,7.69E-86,8.76E-85
LOC108352432,2.361284965,7.39E-10,1.64E-09
LOC108352443,-2.909238667,4.47E-09,9.57E-09
LOC108352446,-2.421386528,1.20E-05,2.18E-05
LOC108352447,0.487176861,0.002489498,0.003824349
LOC108352451,3.401547302,0.005010217,0.007487486
LOC108352453,-3.236617425,2.76E-11,6.49E-11
LOC108352470,-1.683286033,0.000763615,0.001223174
Trnaa-ugc,1.942738086,0.005420249,0.008071713
Trnaf-gaa,1.706695554,0.015859566,0.022608269
LOC108352516,-1.63287184,0.039632601,0.054024369
LOC108352518,1.47964082,0.006482492,0.009581238
LOC108352524,4.777900566,3.49E-13,8.79E-13
LOC108352528,1.325629441,0.000366594,0.000600815
LOC108352529,0.897381009,0.047651863,0.064327298
LOC108352541,1.801452421,4.08E-14,1.06E-13
LOC108352547,-0.836468276,0.028583833,0.039620677
LOC108352551,1.656315498,6.90E-12,1.66E-11
LOC108352560,1.491379759,9.22E-13,2.29E-12
LOC108352562,-1.794385507,0.003687196,0.005584784
LOC108352565,-1.589159718,0.000186457,0.00031214
LOC108352569,-0.696293634,0.019443953,0.02746383
LOC108352572,-0.951216915,0.032677466,0.045022827
LOC108352575,3.477416081,7.06E-12,1.70E-11
LOC108352578,-6.101874255,6.74E-86,7.69E-85
LOC108352579,3.526823651,6.58E-78,6.75E-77
LOC108352580,3.765692383,1.67E-22,5.54E-22
LOC108352581,0.707235808,0.020342628,0.028666109
LOC108352582,-0.539978427,0.027257301,0.037879556
LOC108352583,3.772129319,5.69E-46,3.29E-45
LOC108352584,1.703913649,5.43E-19,1.65E-18
LOC108352585,2.205601936,8.01E-07,1.55E-06
LOC108352586,-0.998335312,7.07E-07,1.37E-06
LOC108352598,1.80797766,0.000170852,0.000286714
LOC108352599,-4.296212692,1.74E-40,8.90E-40
LOC108352648,2.409977694,0.000460646,0.000749642
LOC108352650,0.669018266,7.45E-07,1.44E-06
Trnal-cag,-2.793006937,3.86E-07,7.58E-07
Trnad-guc,-1.732838011,0.002571416,0.003946706
LOC108352688,3.849194786,2.02E-214,9.22E-213
LOC108352702,-2.612403643,3.36E-23,1.14E-22
LOC108352710,-1.404718226,0.004850045,0.00726022
LOC108352723,4.25787367,3.95E-31,1.64E-30
LOC108352735,3.421300219,1.49E-79,1.56E-78
LOC108352740,-0.990528071,6.70E-05,0.000115648
LOC108352743,0.885503192,0.001508628,0.002360762
LOC108352745,-1.588187372,0.005948683,0.008828426
LOC108352749,-3.551831409,5.67E-26,2.07E-25
LOC108352757,-0.751645438,4.04E-11,9.41E-11
LOC108352764,-1.964004091,0.000437069,0.000712254
LOC108352765,3.772882797,4.60E-64,3.75E-63
LOC108352768,-1.186308575,4.79E-15,1.29E-14
LOC108352769,-2.443929854,5.29E-05,9.19E-05
LOC108352784,3.293756804,9.32E-41,4.81E-40
LOC108352788,-2.642758756,9.33E-17,2.65E-16
LOC108352789,-2.480303457,3.36E-09,7.24E-09
LOC108352790,0.89764035,0.008516588,0.012440367
LOC108352807,-1.681804808,1.25E-26,4.65E-26
LOC108352814,1.57106097,5.43E-106,8.27E-105
LOC108352829,3.463972514,2.91E-40,1.49E-39
LOC108352839,3.820202044,4.23E-15,1.14E-14
LOC108352852,1.469031802,0.027786814,0.038573746
LOC108352858,0.847518339,0.010484631,0.015180319
Trnac-gca,-1.662414365,0.001834958,0.002850675
LOC108352868,1.794333513,0.000357746,0.000586931
LOC108352885,-5.062309696,2.97E-39,1.48E-38
LOC108352894,0.713208673,5.63E-08,1.15E-07
LOC108352895,-0.957041937,0.00047311,0.000769206
LOC108352900,-2.64608015,9.92E-14,2.55E-13
LOC108352908,-1.6779205,1.37E-31,5.72E-31
LOC108352909,-3.404203438,2.20E-33,9.62E-33
LOC108352922,-2.469013162,0.000873296,0.001392904
LOC108352928,-1.779068293,1.02E-07,2.05E-07
LOC108352941,-6.461971688,3.33E-87,3.87E-86
LOC108352942,3.711975339,1.71E-40,8.76E-40
LOC108352943,-4.753670598,5.50E-85,6.19E-84
LOC108352944,-1.005794777,0.029774752,0.041178826
LOC108352946,-1.250913074,0.000363223,0.000595522
LOC108352958,-0.834042159,0.00335577,0.005101336
LOC108352959,-3.264733647,3.22E-138,7.15E-137
LOC108352964,-3.364186263,3.89E-18,1.15E-17
LOC108352965,1.237633438,0.002218347,0.003420597
LOC108352981,-2.935155138,3.10E-13,7.83E-13
LOC108353024,-1.30793353,4.95E-05,8.63E-05
Trnae-uuc,-1.670673021,0.006906216,0.010183088
Trnay-gua,-0.744247763,0.042444787,0.057647902
LOC108353073,-3.790826499,4.91E-27,1.84E-26
LOC108353075,-1.647442793,0.003868621,0.005848799
LOC108353137,-1.901700326,9.33E-18,2.73E-17
LOC108353138,-4.102334966,9.78E-11,2.25E-10
LOC108353141,-1.481982269,0.031215837,0.043085253
LOC108353147,4.247769128,9.01E-38,4.36E-37
LOC108353148,0.667342216,0.023327209,0.032669578
LOC108353155,4.899229445,1.74E-31,7.25E-31
LOC108353164,-2.810805907,1.71E-48,1.04E-47
LOC108353188,-1.427999096,2.39E-05,4.26E-05
LOC108353197,-1.470294322,0.014277093,0.020439077
LOC108353199,6.352440411,2.15E-38,1.06E-37
LOC108353232,0.89903678,1.84E-06,3.48E-06
LOC108353238,-1.661331412,6.39E-18,1.88E-17
LOC108353253,-0.347006306,0.000105921,0.00018035
LOC108353285,-2.535760128,4.15E-18,1.23E-17
LOC108353382,3.553477216,1.34E-05,2.42E-05
LOC108353403,-2.440419711,0.000136618,0.000230705
LOC108353424,-1.740107487,0.000934636,0.001486495
Mir709,2.136763817,1.40E-05,2.53E-05
Mmp24os,-1.799901524,1.29E-50,8.18E-50
LOC120093044,1.436055392,1.49E-09,3.25E-09
LOC120093046,4.742505041,1.14E-33,5.02E-33
LOC120093047,-2.801863359,7.33E-15,1.96E-14
LOC120093050,2.272372875,7.57E-77,7.62E-76
LOC120093053,-0.662864957,5.38E-11,1.25E-10
LOC120093056,0.927734869,2.65E-70,2.41E-69
C2H1orf54,3.547459591,5.44E-22,1.79E-21
LOC120093064,-1.0203072,0.000113013,0.000192048
LOC120093065,7.110157062,0,0
LOC120093066,6.434113243,3.02E-82,3.29E-81
LOC120093067,1.605764933,2.89E-13,7.32E-13
LOC120093068,-1.93443557,0.000212368,0.000353995
LOC120093069,-0.202626052,0.002601715,0.00399114
LOC120093070,-0.288115216,0.041066113,0.055852331
LOC120093072,0.600852933,7.82E-14,2.02E-13
LOC120093073,5.448642685,6.28E-39,3.11E-38
LOC120093075,-0.836653272,0.003399621,0.005165874
LOC120093083,-6.182150051,1.18E-119,2.14E-118
LOC120093085,0.788090862,1.14E-11,2.72E-11
LOC120093089,4.557207437,2.17E-30,8.84E-30
LOC120093091,1.871337409,2.18E-05,3.89E-05
LOC120093105,-0.930776275,4.07E-21,1.30E-20
LOC120093108,-2.083728654,5.03E-06,9.31E-06
LOC120093110,-3.355060282,1.58E-06,3.00E-06
LOC120093111,5.007872653,8.19E-29,3.20E-28
LOC120093112,2.052784394,1.57E-06,2.99E-06
LOC120093113,-1.498590694,2.11E-75,2.07E-74
LOC120093114,-2.43244039,8.67E-08,1.76E-07
LOC120093118,2.793797188,0.000324632,0.000533965
LOC120093119,-1.74077814,0.001730436,0.002695231
LOC120093121,3.780260017,1.21E-63,9.79E-63
LOC120093123,-4.770649976,2.37E-41,1.24E-40
LOC120093124,-0.541428233,4.27E-10,9.54E-10
LOC120093125,-1.046708961,3.62E-28,1.39E-27
LOC120093130,3.970863874,4.42E-10,9.89E-10
LOC120093131,-3.236157357,4.30E-26,1.57E-25
LOC120093134,-2.703027931,9.08E-62,7.10E-61
LOC120093137,-1.484671268,0.000155325,0.000261369
LOC120093138,0.706337315,0.006564054,0.009696943
LOC120093141,5.494370334,2.33E-39,1.17E-38
LOC120093142,-2.395446693,6.09E-05,0.000105375
LOC120093144,3.319924612,8.84E-06,1.61E-05
LOC120093147,1.527136248,9.09E-07,1.75E-06
LOC120093148,-0.667570755,0.012626158,0.018153784
LOC120093149,0.9669912,1.60E-08,3.34E-08
LOC120093154,4.598071283,5.80E-28,2.22E-27
LOC120093155,-2.460597926,2.00E-11,4.72E-11
LOC120093156,-2.057312964,2.82E-77,2.86E-76
LOC120093158,-2.007414244,1.15E-09,2.53E-09
LOC120093161,5.618418595,1.73E-48,1.05E-47
LOC120093167,0.282855509,1.04E-09,2.29E-09
LOC120093168,1.240017192,3.16E-21,1.01E-20
LOC120093169,5.483549799,2.15E-22,7.14E-22
LOC120093174,4.574982326,3.04E-48,1.85E-47
LOC120093179,-1.090791903,0.012739389,0.018310358
LOC120093185,-1.528172271,0.000888861,0.001416738
LOC120093190,-1.005726994,1.45E-12,3.58E-12
LOC120093191,-1.180505661,0.001272878,0.002002809
LOC120093194,0.741846283,0.001953783,0.003027959
LOC120093195,-1.732402128,1.75E-32,7.49E-32
LOC120093196,3.408460583,1.08E-39,5.46E-39
LOC120093198,1.751323107,5.98E-13,1.49E-12
LOC120093200,-1.595050731,2.43E-10,5.50E-10
LOC120093201,-1.723628869,8.98E-08,1.82E-07
LOC120093203,1.236645317,0.003750293,0.005675704
LOC120093205,-1.704188648,3.16E-05,5.57E-05
LOC120093210,-0.958468848,0.000140582,0.000237236
LOC120093216,2.663824643,6.02E-10,1.34E-09
LOC120093217,1.705656322,0.000480874,0.000781229
LOC120093221,3.244569857,1.56E-07,3.12E-07
LOC120093222,4.93839168,1.53E-18,4.60E-18
LOC120093223,5.577140629,1.01E-48,6.17E-48
LOC120093225,3.818889351,4.46E-19,1.35E-18
LOC120093231,1.284785966,3.46E-05,6.09E-05
LOC120093239,3.978958037,1.78E-16,5.00E-16
LOC120093246,-2.48241738,0.000174916,0.000293301
LOC120093247,1.022224154,0.000234293,0.000389313
LOC120093248,-1.235576236,0.000621296,0.001001712
LOC120093249,-1.303719958,0.000925618,0.001472784
LOC120093270,4.721051377,6.79E-22,2.22E-21
LOC120093271,2.588931112,0.005527685,0.008226734
LOC120093281,3.059641579,5.91E-12,1.42E-11
LOC120093289,-1.214761967,0.030195526,0.041743199
LOC120093305,-0.625975395,0.004117281,0.006205708
LOC120093309,0.948972326,0.00014337,0.000241788
LOC120093368,-2.364112574,1.26E-06,2.40E-06
LOC120093413,-1.81160331,0.000224835,0.000374017
LOC120093415,-2.350774914,6.70E-15,1.79E-14
LOC120093421,0.710186606,0.010763478,0.015570228
LOC120093422,1.580922548,0.004243729,0.006389784
LOC120093432,-1.118195472,0.023846088,0.033361519
LOC120093446,-2.268403657,4.78E-08,9.79E-08
LOC120093457,-6.03165388,6.59E-27,2.46E-26
LOC120093476,2.568703213,3.59E-06,6.70E-06
LOC120093479,1.084491582,0.025277991,0.03526998
LOC120093483,1.410572305,0.00016234,0.000272802
LOC120093526,-2.055184373,3.56E-65,2.96E-64
LOC120093529,-3.741134378,3.21E-26,1.18E-25
LOC120093530,-1.138964423,0.023020073,0.032256233
LOC120093532,0.97175408,2.79E-08,5.79E-08
LOC120093534,-1.469148828,7.05E-09,1.50E-08
LOC120093535,2.653950059,1.01E-10,2.31E-10
LOC120093537,-0.786439616,0.002176081,0.003358225
LOC120093538,-0.405053036,0.001139273,0.001799096
LOC120093539,1.447222055,3.58E-25,1.28E-24
LOC120093540,1.047660248,0.000138641,0.00023404
LOC120093542,-1.442305164,7.19E-07,1.39E-06
LOC120093543,3.141957114,2.85E-13,7.21E-13
LOC120093544,-3.029443248,1.13E-29,4.51E-29
LOC120093545,2.653706432,2.12E-08,4.42E-08
LOC120093546,3.073511714,6.02E-10,1.34E-09
LOC120093547,3.679928083,1.06E-07,2.15E-07
LOC120093550,1.730816026,4.78E-14,1.24E-13
LOC120093551,-2.078014445,0.003734533,0.0056533
LOC120093553,1.59910111,0.000429127,0.000699774
LOC120093556,-0.920084412,0.026833183,0.037318206
LOC120093559,2.261705539,1.55E-12,3.80E-12
LOC120093560,0.912241176,4.58E-06,8.49E-06
LOC120093561,-2.163071279,0.000233964,0.000388789
LOC120093562,2.026975189,0.003940266,0.005952856
LOC120093563,-1.789451971,8.66E-06,1.58E-05
LOC120093564,-0.954613399,0.032796269,0.045175994
LOC120093566,-1.643715273,2.38E-05,4.24E-05
LOC120093570,1.970229598,1.51E-09,3.29E-09
LOC120093578,0.976692414,0.013203771,0.018952033
LOC120093580,2.601632342,0.026228581,0.036515121
LOC120093581,-3.608042244,4.34E-51,2.77E-50
LOC120093583,-1.000463883,9.77E-05,0.000166885
LOC120093584,-0.875160757,2.10E-06,3.96E-06
LOC120093586,5.608220728,3.58E-42,1.91E-41
LOC120093588,4.249506411,4.83E-24,1.68E-23
LOC120093589,-3.03310479,5.80E-51,3.70E-50
LOC120093590,-4.580032784,3.23E-65,2.69E-64
LOC120093591,5.638537522,1.17E-20,3.70E-20
LOC120093593,-0.668319224,0.002784576,0.004261272
LOC120093595,-2.917581657,4.22E-11,9.83E-11
LOC120093596,-1.593624681,0.010305019,0.01493478
LOC120093601,0.465159951,0.005746882,0.008539214
LOC120093604,-2.446464385,1.74E-25,6.24E-25
LOC120093605,2.2994693,6.35E-13,1.58E-12
LOC120093607,2.037214728,2.28E-08,4.75E-08
LOC120093613,2.650416231,0.001031703,0.001635073
LOC120093619,-1.833764134,0.000443193,0.000721995
LOC120093620,-1.380599282,0.00958613,0.01393798
LOC120093622,0.416896191,0.001013621,0.001607966
LOC120093625,-0.810245108,0.002605828,0.003997035
LOC120093626,-5.680132987,1.68E-97,2.27E-96
LOC120093628,-1.801374313,2.81E-10,6.34E-10
LOC120093629,2.354426561,1.73E-22,5.76E-22
LOC120093630,-2.39635739,1.24E-31,5.18E-31
LOC120093632,-1.402186038,0.008662078,0.012646642
LOC120093636,-0.938897142,2.52E-07,4.99E-07
LOC120093639,-5.271930441,2.50E-64,2.05E-63
LOC120093640,-1.018534008,0.001598162,0.002496965
LOC120093641,-1.530884309,0.001304828,0.002050791
LOC120093642,6.855116327,1.08E-61,8.44E-61
LOC120093655,5.141739583,5.11E-19,1.55E-18
LOC120093656,5.820122241,7.05E-24,2.43E-23
LOC120093657,-5.007588091,2.52E-42,1.35E-41
LOC120093658,1.559672347,2.38E-09,5.17E-09
LOC120093659,-2.617487866,1.04E-17,3.05E-17
LOC120093660,-3.053198208,9.95E-22,3.24E-21
Lratd2,-1.337759482,8.20E-52,5.31E-51
LOC120093676,-2.014500945,3.99E-18,1.18E-17
LOC120093677,-1.145584159,1.38E-06,2.63E-06
LOC120093678,-0.575608524,0.006779835,0.010004222
LOC120093684,0.721438964,0.010428141,0.01510212
LOC120093685,6.923518164,2.74E-34,1.22E-33
LOC120093686,-0.815508349,0.00531424,0.007921821
LOC120093687,-0.756249642,1.69E-09,3.70E-09
LOC120093688,-1.780746055,1.91E-25,6.86E-25
LOC120093690,-1.213428483,1.08E-07,2.18E-07
LOC120093692,-1.147808468,1.21E-07,2.44E-07
LOC120093693,0.328510915,4.67E-10,1.04E-09
LOC120093695,3.77035691,7.75E-27,2.89E-26
LOC120093696,-1.316443387,6.29E-12,1.51E-11
LOC120093698,1.632840648,2.21E-18,6.59E-18
LOC120093699,2.418956165,8.51E-06,1.55E-05
LOC120093703,-2.288836858,1.42E-08,2.98E-08
LOC120093705,-2.988205806,0.000146517,0.000246955
LOC120093706,-1.520862378,7.21E-10,1.60E-09
LOC120093710,-2.959113132,1.06E-23,3.64E-23
LOC120093713,-2.94643205,1.52E-09,3.33E-09
LOC120093715,1.229332029,0.029590886,0.040937933
LOC120093717,-1.983437786,1.55E-13,3.97E-13
LOC120093722,-1.881421255,1.62E-11,3.83E-11
LOC120093724,1.972925618,0.00913652,0.013309115
LOC120093725,-1.039643482,0.010103454,0.014659894
LOC120093728,3.648740219,3.18E-10,7.16E-10
LOC120093731,-1.006256994,8.02E-05,0.000137767
LOC120093732,-1.120729507,2.32E-12,5.67E-12
LOC120093733,3.074934517,7.94E-23,2.67E-22
LOC120093734,2.355888356,6.02E-12,1.45E-11
LOC120093735,3.806727194,5.53E-33,2.40E-32
LOC120093736,-3.309674745,4.61E-18,1.36E-17
Tmdd1,1.004906111,2.07E-08,4.31E-08
LOC120093740,-1.577296608,0.0198481,0.028007927
LOC120093741,1.025748402,0.000267816,0.000443225
LOC120093744,-1.135244869,2.76E-11,6.48E-11
LOC120093745,-4.796388345,1.17E-60,8.97E-60
LOC120093746,-2.827369663,4.22E-12,1.02E-11
LOC120093754,-2.052689624,1.37E-12,3.38E-12
LOC120093757,-1.571935525,0.000302675,0.000498849
Onecut3,3.501342195,3.62E-06,6.76E-06
LOC120093766,1.465666415,4.77E-11,1.11E-10
LOC120093770,-1.742716107,9.29E-14,2.39E-13
LOC120093771,-0.782840808,0.000504482,0.000817831
LOC120093773,4.019173956,1.39E-14,3.69E-14
LOC120093776,1.268881234,4.81E-08,9.85E-08
LOC120093780,-2.348769537,5.33E-05,9.26E-05
LOC120093785,0.818853752,9.82E-05,0.000167672
LOC120093787,2.375599712,4.40E-29,1.73E-28
LOC120093788,2.27643123,4.24E-20,1.32E-19
LOC120093791,3.978076535,2.32E-30,9.41E-30
LOC120093801,-4.799369762,1.28E-48,7.79E-48
LOC120093803,-1.573916958,0.0187854,0.026575169
LOC120093805,-2.539178547,9.54E-21,3.03E-20
LOC120093810,-0.80706499,2.87E-06,5.37E-06
LOC120093813,-2.160341076,1.28E-09,2.81E-09
LOC120093814,3.194717492,0.001508931,0.002361042
LOC120093816,-4.344624419,1.02E-38,5.03E-38
LOC120093817,-1.83351183,1.50E-05,2.71E-05
LOC120093818,-2.835220609,5.13E-12,1.24E-11
LOC120093819,-0.672016201,1.61E-10,3.68E-10
LOC120093820,-1.360655816,0.017683636,0.02508524
LOC120093822,2.483297998,3.12E-33,1.36E-32
LOC120093824,2.450820539,2.54E-54,1.73E-53
LOC120093826,-1.822697125,2.29E-06,4.31E-06
LOC120093827,-3.441594183,7.86E-48,4.73E-47
LOC120093829,-3.677918851,1.85E-23,6.31E-23
LOC120093830,-1.281145076,1.33E-24,4.68E-24
LOC120093831,-1.73065925,1.53E-08,3.20E-08
LOC120093832,-1.780080524,4.15E-05,7.26E-05
LOC120093848,2.530606481,0.002044747,0.003161812
LOC120093873,-2.362237054,1.91E-05,3.42E-05
LOC120093878,-1.343560674,0.038804871,0.052979062
LOC120093880,3.931655866,9.73E-14,2.50E-13
LOC120093887,6.445038266,7.52E-31,3.09E-30
LOC120093911,1.590286217,1.37E-06,2.62E-06
LOC120093913,0.60759853,0.024473601,0.034187695
LOC120093936,-1.249579749,0.035111817,0.048201763
LOC120093938,2.323596318,2.99E-19,9.14E-19
LOC120093944,1.592669439,3.99E-10,8.94E-10
LOC120093947,1.631302314,9.06E-11,2.08E-10
LOC120093953,-2.066254556,5.03E-06,9.32E-06
LOC120093992,-1.777387239,1.05E-05,1.91E-05
LOC120094014,1.726580022,2.61E-14,6.86E-14
LOC120094016,-1.841536997,2.81E-14,7.35E-14
LOC120094027,1.742331737,0.026824035,0.037307238
LOC120094044,-1.625707383,0.000200389,0.000334624
Trnat-agu,-3.273082919,3.01E-20,9.43E-20
LOC120094076,0.450313408,0.037967689,0.051912747
LOC120094077,-1.239572895,0.000712042,0.001143286
LOC120094078,-1.278367147,0.005477099,0.0081535
LOC120094079,-3.62644447,1.21E-29,4.82E-29
LOC120094080,1.254310068,1.65E-18,4.94E-18
LOC120094082,-1.113549832,0.038659138,0.052797154
LOC120094087,-4.625497941,2.80E-25,1.00E-24
LOC120094089,-1.311688813,0.004436107,0.006669265
LOC120094091,-0.434825854,2.87E-06,5.38E-06
LOC120094092,-0.865395358,4.45E-15,1.20E-14
LOC120094093,-2.137325165,2.01E-07,4.00E-07
LOC120094095,0.638794195,6.32E-05,0.000109329
LOC120094101,-2.111280137,0.00011377,0.000193235
LOC120094102,-1.612270276,0.023775778,0.033269446
LOC120094108,5.698753697,2.65E-29,1.05E-28
LOC120094111,1.541940975,1.48E-16,4.18E-16
LOC120094115,-2.16941024,5.47E-07,1.07E-06
LOC120094120,2.136084749,4.08E-14,1.06E-13
LOC120094123,-3.59280871,1.89E-58,1.39E-57
LOC120094124,-0.750749747,0.027695496,0.038457806
LOC120094125,-1.406693036,2.81E-05,4.98E-05
LOC120094126,-0.775623635,0.027657955,0.038411085
LOC120094129,5.9816168,6.72E-45,3.80E-44
LOC120094132,-3.895647856,1.61E-25,5.80E-25
LOC120094133,1.486236215,0.038408156,0.052485883
LOC120094134,-4.945008542,2.44E-104,3.63E-103
LOC120094136,2.831300358,4.16E-11,9.70E-11
LOC120094140,1.695728438,2.30E-37,1.10E-36
LOC120094142,1.424597825,8.58E-10,1.89E-09
LOC120094143,-4.628061201,2.75E-142,6.36E-141
LOC120094147,4.561270824,1.54E-16,4.34E-16
LOC120094150,-1.615066144,0.005714661,0.008494751
LOC120094153,2.061658556,8.67E-05,0.000148674
LOC120094154,2.104309544,0.02169523,0.030477785
LOC120094159,-2.714760691,3.52E-16,9.83E-16
LOC120094161,1.690770523,0.001048176,0.001660646
LOC120094172,-0.464806961,0.004559053,0.006844363
LOC120094174,-2.006364545,1.79E-15,4.89E-15
LOC120094181,-7.733442267,5.68E-80,5.98E-79
LOC120094182,-3.829483617,1.23E-99,1.72E-98
LOC120094183,2.390299305,9.79E-24,3.36E-23
LOC120094184,-2.926226476,7.70E-07,1.49E-06
LOC120094186,1.329431032,0.018172244,0.025749961
LOC120094187,-1.422600736,0.0002641,0.00043727
LOC120094188,-2.521213452,4.34E-11,1.01E-10
LOC120094189,-0.82156461,0.00029293,0.000483138
LOC120094190,-0.921091065,6.67E-12,1.60E-11
LOC120094191,-1.633956054,0.007025594,0.010352403
LOC120094198,5.016297531,8.95E-21,2.84E-20
LOC120094199,-1.703923805,3.02E-05,5.34E-05
LOC120094200,1.323544803,4.16E-06,7.74E-06
LOC120094201,-2.938201879,5.18E-15,1.39E-14
LOC120094202,2.541830369,2.61E-08,5.41E-08
LOC120094203,4.424477714,3.82E-85,4.31E-84
LOC120094204,1.197803015,0.00065846,0.001060014
LOC120094205,-4.657428544,3.88E-34,1.73E-33
LOC120094214,3.514109084,0.000259573,0.000429894
LOC120094215,-1.683076491,0.002562136,0.00393328
LOC120094221,-2.007151283,2.46E-05,4.37E-05
LOC120094222,2.766348855,2.92E-27,1.10E-26
LOC120094224,-1.160586428,0.002626866,0.004027635
LOC120094225,3.892162814,4.24E-30,1.71E-29
LOC120094226,1.897075177,4.45E-12,1.08E-11
LOC120094227,0.997615517,4.96E-13,1.24E-12
LOC120094231,7.123442817,5.98E-81,6.37E-80
LOC120094232,5.188513496,3.54E-146,8.58E-145
LOC120094235,1.659342171,1.22E-08,2.57E-08
LOC120094238,-1.33100758,0.04878407,0.065798665
LOC120094239,1.416433432,2.76E-25,9.88E-25
LOC120094240,-1.500321672,0.001915633,0.002971481
LOC120094241,1.138243569,0.021363371,0.030035831
LOC120094243,-2.607050069,6.07E-44,3.37E-43
LOC120094246,3.585727925,5.47E-28,2.10E-27
LOC120094247,3.776920697,8.52E-12,2.04E-11
LOC120094251,1.834775745,8.21E-11,1.89E-10
LOC120094252,-0.609506177,0.005717002,0.008497384
LOC120094254,2.170043475,8.09E-05,0.000138914
LOC120094256,-1.735247065,7.45E-16,2.06E-15
LOC120094257,6.359883671,2.12E-175,6.77E-174
LOC120094258,1.929313319,1.15E-25,4.16E-25
LOC120094259,-1.361129512,2.36E-08,4.91E-08
LOC120094260,-3.777111311,1.39E-41,7.29E-41
LOC120094263,-0.483909008,0.040910757,0.055656389
LOC120094265,5.399458912,1.49E-33,6.54E-33
LOC120094267,2.692791278,8.90E-15,2.37E-14
LOC120094269,5.716259229,2.19E-32,9.34E-32
LOC120094270,2.766074944,0.000597348,0.000964416
LOC120094275,-0.826960273,0.037871255,0.05178568
LOC120094279,1.419432827,0.001919711,0.00297765
LOC120094286,3.380404869,2.53E-12,6.16E-12
LOC120094289,-1.609171656,1.03E-06,1.97E-06
LOC120094290,0.885519295,0.000222045,0.000369542
LOC120094295,2.523958166,0.000207238,0.000345755
LOC120094296,1.231387978,4.43E-10,9.90E-10
LOC120094299,-0.547182197,0.001894246,0.002939848
LOC120094300,3.088027178,1.05E-33,4.62E-33
LOC120094303,-2.374791226,1.08E-23,3.70E-23
LOC120094304,-2.017304012,1.16E-13,2.99E-13
LOC120094306,1.224420896,0.000113042,0.000192087
LOC120094307,3.986255288,5.55E-16,1.54E-15
LOC120094311,-1.04155466,0.000507924,0.000823321
LOC120094315,0.654245409,2.51E-06,4.73E-06
LOC120094318,-2.852147836,7.15E-11,1.65E-10
LOC120094324,-2.149196435,3.52E-11,8.23E-11
LOC120094325,-1.300586112,0.001636625,0.002555171
LOC120094326,-2.404697985,1.10E-08,2.33E-08
LOC120094328,-2.89839969,8.50E-06,1.55E-05
LOC120094330,1.112756476,8.84E-06,1.61E-05
LOC120094332,-0.24944581,0.0090182,0.013143877
LOC120094334,-0.894495802,2.96E-15,8.01E-15
LOC120094335,1.052028345,0.03114424,0.042992684
LOC120094336,-1.726414302,6.86E-06,1.26E-05
LOC120094337,-3.182722823,1.44E-16,4.05E-16
LOC120094340,-0.594700198,0.001415628,0.00221951
LOC120094341,-1.110605975,0.000142181,0.000239838
LOC120094342,-3.883121175,2.42E-18,7.23E-18
LOC120094343,-1.007981987,0.023348198,0.032697425
LOC120094346,-3.351587669,1.27E-40,6.52E-40
LOC120094348,-0.750848255,0.00059765,0.000964746
LOC120094349,-0.427557392,0.000674825,0.001085473
LOC120094352,-1.441260759,0.035159094,0.048262186
LOC120094353,3.143873184,1.01E-05,1.83E-05
LOC120094354,2.602831263,4.96E-05,8.64E-05
LOC120094360,0.976737497,2.14E-20,6.73E-20
LOC120094374,-2.567612706,5.41E-07,1.05E-06
LOC120094375,-2.706639117,6.44E-11,1.49E-10
LOC120094379,5.491357694,1.61E-28,6.22E-28
LOC120094383,1.773161267,0.046242653,0.062501948
LOC120094387,4.073254278,1.26E-09,2.78E-09
LOC120094391,-3.94376757,8.72E-24,3.00E-23
LOC120094410,-0.570398531,0.040171409,0.054708418
LOC120094411,1.883511488,1.23E-09,2.69E-09
LOC120094427,-3.75845739,3.82E-24,1.33E-23
LOC120094435,0.695613267,4.56E-13,1.14E-12
LOC120094436,1.357336805,0.000215256,0.000358627
LOC120094437,0.707302429,0.000412997,0.000674362
LOC120094439,0.647355881,0.005533289,0.008234661
LOC120094441,0.76286465,0.000484472,0.000786858
LOC120094442,0.519187583,0.01717697,0.024399265
LOC120094450,0.918017717,0.000109207,0.000185783
LOC120094452,-1.600584128,0.048727319,0.065728115
LOC120094453,1.122905019,1.89E-07,3.76E-07
LOC120094454,1.425379982,4.40E-10,9.83E-10
LOC120094458,1.198497813,9.62E-10,2.12E-09
LOC120094461,1.916973063,0.004702362,0.007048421
LOC120094464,1.134943461,3.55E-07,6.97E-07
LOC120094470,0.663349525,0.001623467,0.002535296
LOC120094472,1.805807154,3.04E-24,1.06E-23
LOC120094474,-0.874538775,0.018700483,0.026459185
LOC120094475,-1.672258556,1.05E-09,2.32E-09
LOC120094492,-2.141147786,0.000190605,0.00031885
LOC120094510,1.742526853,0.001847593,0.0028694
LOC120094514,5.622499384,9.15E-53,6.02E-52
LOC120094521,0.836443967,0.0002584,0.000427999
LOC120094523,0.862176876,0.00203957,0.003154138
LOC120094536,3.129338318,1.74E-05,3.13E-05
LOC120094547,0.970492449,0.02164914,0.030414481
LOC120094548,0.813975156,0.016733096,0.023791604
Trnaa-agc,-1.524114383,1.96E-07,3.91E-07
Trnap-agg,1.863237047,0.000284289,0.00046941
Trnas-aga,0.939133298,0.001618944,0.002528366
LOC120094586,-1.511483313,0.00104963,0.001662593
Enosf1,-0.969645431,3.76E-09,8.08E-09
LOC120094596,0.918015898,0.004919623,0.007359905
LOC120094597,-1.928663355,1.87E-08,3.90E-08
LOC120094610,0.611768867,0.008388931,0.012262371
LOC120094617,0.670967807,0.030475186,0.042110131
LOC120094621,6.167809255,1.60E-51,1.03E-50
LOC120094622,6.019936212,3.35E-55,2.31E-54
LOC120094628,-0.766092385,0.003947911,0.005963796
LOC120094629,-2.191504309,3.04E-05,5.37E-05
LOC120094630,-1.712933119,0.001151549,0.001817317
LOC120094631,3.202326458,1.49E-11,3.53E-11
LOC120094634,1.716716438,4.15E-21,1.33E-20
LOC120094636,4.297297836,1.44E-13,3.70E-13
LOC120094639,3.625778673,7.62E-17,2.17E-16
LOC120094640,-1.516665037,3.54E-07,6.96E-07
LOC120094643,2.927477008,1.66E-06,3.14E-06
LOC120094645,1.35261874,1.72E-05,3.08E-05
LOC120094648,3.291941244,0.035166564,0.0482702
LOC120094651,-2.447807566,2.18E-21,7.03E-21
LOC120094652,0.644085907,0.006091318,0.009031501
LOC120094657,5.404750601,1.64E-38,8.07E-38
LOC120094658,4.654936133,1.83E-46,1.07E-45
LOC120094660,0.818772726,6.24E-59,4.62E-58
LOC120094662,-1.259941743,4.21E-06,7.84E-06
LOC120094663,-1.704188353,0.041625224,0.05657894
LOC120094666,1.736283013,6.64E-12,1.60E-11
LOC120094667,-1.31398145,1.31E-40,6.71E-40
LOC120094669,-0.680084574,0.028363815,0.039334136
LOC120094673,0.383673199,0.049598792,0.066833553
LOC120094674,-3.163920587,2.75E-14,7.22E-14
LOC120094675,5.448332041,4.02E-19,1.22E-18
LOC120094680,-0.645300329,4.13E-08,8.51E-08
LOC120094681,-1.12185894,3.49E-10,7.84E-10
LOC120094685,1.191589293,4.64E-13,1.16E-12
LOC120094686,1.280513985,0.005419377,0.008070821
LOC120094690,-3.042661645,3.60E-33,1.57E-32
LOC120094691,-2.117580206,1.12E-62,8.91E-62
LOC120094692,-0.546533149,0.031801522,0.043867031
LOC120094693,-1.955181845,3.82E-10,8.55E-10
LOC120094694,-1.535553283,0.000134426,0.000227094
LOC120094695,1.528003786,1.59E-17,4.62E-17
LOC120094696,2.926337177,5.52E-10,1.23E-09
LOC120094698,4.481077624,1.67E-16,4.69E-16
LOC120094700,3.750008161,1.29E-33,5.68E-33
LOC120094702,-3.016516267,2.13E-15,5.80E-15
LOC120094704,0.814309003,0.030385813,0.041993599
LOC120094709,-2.351021575,4.73E-08,9.69E-08
LOC120094710,-0.926604797,1.50E-07,3.00E-07
LOC120094711,2.827459481,3.22E-05,5.68E-05
LOC120094718,1.184857236,7.54E-07,1.46E-06
LOC120094720,2.97729047,1.48E-06,2.82E-06
LOC120094721,-3.8211299,1.49E-27,5.67E-27
LOC120094724,-3.027814191,2.05E-12,5.03E-12
LOC120094727,-1.733478066,1.87E-11,4.43E-11
LOC120094733,-3.34890045,1.58E-22,5.28E-22
LOC120094734,-0.418493547,0.022518971,0.031582499
LOC120094735,0.428964986,0.008139537,0.011917845
LOC120094736,-0.844625927,0.013587422,0.019475305
LOC120094740,2.124811142,1.26E-07,2.54E-07
LOC120094742,-6.78812723,4.33E-83,4.76E-82
LOC120094743,-3.408488435,1.23E-16,3.49E-16
LOC120094744,-2.268391685,6.50E-23,2.19E-22
LOC120094745,-1.486520665,0.000188694,0.000315742
LOC120094747,-1.606463743,0.001750222,0.002724184
LOC120094753,5.365400107,2.18E-22,7.24E-22
LOC120094754,2.576322817,0.005125619,0.007652498
LOC120094756,3.226183692,0.001230943,0.001938477
LOC120094761,1.353383284,5.35E-06,9.90E-06
LOC120094764,2.503430044,5.38E-18,1.59E-17
LOC120094765,2.139042591,5.92E-25,2.10E-24
LOC120094766,2.87207666,7.29E-05,0.000125615
LOC120094769,-1.412731934,1.42E-09,3.11E-09
LOC120094772,-0.882932197,0.023616402,0.033054248
LOC120094780,0.959723248,2.26E-10,5.13E-10
LOC120094781,2.77913634,1.96E-61,1.53E-60
LOC120094784,-0.53010507,0.011664455,0.016825024
LOC120094786,-1.435606258,0.002103672,0.00325021
LOC120094793,1.85267926,3.40E-14,8.89E-14
LOC120094794,-2.220898124,0.000732973,0.001175619
LOC120094797,-1.288088269,0.011243154,0.016235539
LOC120094800,4.557882604,2.21E-43,1.21E-42
LOC120094801,-1.445969304,1.74E-05,3.12E-05
LOC120094803,-1.07396477,1.19E-42,6.43E-42
LOC120094808,0.701555525,3.22E-05,5.68E-05
LOC120094809,-1.686343625,0.004203118,0.006330891
LOC120094812,-1.740512684,0.001082782,0.001713179
LOC120094813,-2.175775468,2.41E-07,4.77E-07
LOC120094817,-1.056432759,4.65E-27,1.74E-26
LOC120094820,-2.532838169,3.98E-18,1.18E-17
LOC120094821,-1.642838206,0.000284167,0.000469234
LOC120094833,-3.855831351,5.01E-38,2.44E-37
LOC120094844,1.609892145,1.54E-06,2.93E-06
LOC120094852,6.359993665,3.43E-44,1.92E-43
LOC120094877,2.578651883,1.05E-22,3.53E-22
LOC120094881,2.588459945,1.89E-09,4.12E-09
LOC120094885,2.234605777,9.84E-07,1.89E-06
LOC120094887,2.641645193,0.01880893,0.026602448
LOC120094888,0.707194057,0.003872791,0.005854803
LOC120094889,0.592615585,0.046334246,0.062620025
LOC120094896,-0.721519133,6.62E-05,0.000114374
LOC120094909,-2.341792028,1.60E-05,2.88E-05
LOC120094916,-1.296119146,5.51E-05,9.57E-05
LOC120094942,1.31198294,0.007726796,0.011336518
LOC120094946,1.807499115,0.004081634,0.006154174
LOC120094947,1.490984438,7.87E-05,0.000135182
LOC120094951,-2.872455709,1.64E-15,4.49E-15
LOC120094955,1.613157574,0.00685162,0.010105106
LOC120094957,2.451249148,0.000165316,0.000277676
LOC120094958,-0.746157273,0.00191516,0.002970903
LOC120094972,-1.606746893,0.003740153,0.005661227
LOC120094984,-1.510916549,8.41E-09,1.78E-08
LOC120094985,0.870756013,0.015966961,0.022752626
Trnav-aac,2.805310954,6.20E-10,1.38E-09
LOC120095007,-4.122045967,7.95E-31,3.27E-30
LOC120095008,8.542516238,4.24E-77,4.29E-76
LOC120095017,3.045299237,9.03E-10,1.99E-09
LOC120095020,-1.035174029,0.018191148,0.025773043
LOC120095021,2.368750977,3.65E-08,7.52E-08
LOC120095024,3.1285838,2.43E-09,5.26E-09
LOC120095025,6.113009644,2.44E-42,1.31E-41
LOC120095026,3.204648895,1.59E-27,6.03E-27
LOC120095027,-1.924170094,1.10E-92,1.38E-91
LOC120095029,-1.937031797,2.82E-12,6.86E-12
LOC120095031,4.260030276,1.59E-15,4.34E-15
LOC120095036,2.030877591,3.86E-07,7.58E-07
LOC120095038,-0.74112549,0.00365774,0.005541304
LOC120095039,-0.81127856,0.002246986,0.003462592
LOC120095040,-1.564701771,1.33E-06,2.54E-06
LOC120095041,0.514172204,0.006786681,0.010013824
LOC120095043,-1.969985172,8.02E-07,1.55E-06
LOC120095044,-0.815642684,0.000538897,0.000872378
LOC120095046,-0.910559703,7.44E-05,0.000128
LOC120095048,0.628154199,9.72E-06,1.77E-05
LOC120095049,-3.426081496,6.64E-22,2.18E-21
LOC120095051,-3.885182871,1.34E-20,4.24E-20
LOC120095052,-1.527634034,2.68E-07,5.31E-07
LOC120095053,7.38456132,5.76E-107,8.86E-106
LOC120095054,2.918008916,0.001663328,0.002593849
LOC120095055,3.439728187,5.81E-06,1.07E-05
LOC120095056,2.037349115,0.038530418,0.052635938
LOC120095058,-2.948906537,5.21E-41,2.70E-40
LOC120095059,-0.695249793,0.000451766,0.000735596
LOC120095060,0.876483182,0.000290965,0.000480004
LOC120095062,-0.919469283,4.64E-06,8.61E-06
LOC120095063,3.169818407,1.61E-07,3.22E-07
LOC120095065,2.331616932,0.002898906,0.004429587
LOC120095066,-6.293451956,1.40E-87,1.64E-86
LOC120095067,-6.719818699,1.84E-111,3.00E-110
LOC120095074,-1.013820997,1.28E-08,2.69E-08
LOC120095075,6.918729404,5.03E-76,5.01E-75
LOC120095077,3.692562536,2.29E-16,6.41E-16
LOC120095078,3.812936794,1.12E-16,3.17E-16
LOC120095080,-0.953007774,6.54E-06,1.20E-05
LOC120095081,-2.405597106,3.52E-70,3.19E-69
LOC120095082,3.420655073,9.94E-08,2.01E-07
LOC120095083,2.709114576,2.21E-22,7.33E-22
LOC120095084,0.52827546,0.021989442,0.030876438
LOC120095085,-4.148149732,3.82E-64,3.12E-63
LOC120095086,-0.799388785,0.008406157,0.012286338
LOC120095088,-1.333596373,0.002941871,0.004492685
LOC120095089,-0.871091927,0.042104869,0.057204613
LOC120095090,0.583872639,0.005929531,0.008802211
LOC120095092,0.400289627,0.032351501,0.044590329
LOC120095095,1.721390445,0.015728899,0.022427402
LOC120095096,-0.369469907,0.004466136,0.006713046
LOC120095097,5.293253862,7.39E-41,3.82E-40
LOC120095100,-2.721588391,6.98E-09,1.48E-08
LOC120095101,3.952072204,8.24E-11,1.90E-10
LOC120095102,-3.025668721,2.84E-28,1.09E-27
LOC120095103,1.403304263,0.029428671,0.040719228
LOC120095107,4.033466795,1.78E-13,4.54E-13
LOC120095109,-0.639171072,0.041639374,0.056595573
LOC120095110,-1.338154805,2.42E-11,5.70E-11
LOC120095111,-1.925820454,3.71E-09,7.97E-09
LOC120095112,-1.222056294,8.96E-22,2.93E-21
LOC120095113,8.712572128,4.86E-103,7.10E-102
LOC120095115,-0.808741914,0.040254148,0.054816051
LOC120095123,-1.473616278,0.010173454,0.014755673
LOC120095126,-0.931311703,1.09E-11,2.60E-11
LOC120095127,-2.080447293,4.73E-06,8.78E-06
LOC120095128,-0.673554706,0.00015667,0.000263558
LOC120095129,-2.913985282,2.31E-27,8.71E-27
LOC120095131,-1.359695549,1.20E-06,2.29E-06
LOC120095134,-1.553085136,4.20E-17,1.21E-16
LOC120095135,2.289864438,0.018030086,0.025557092
LOC120095139,-1.853505993,5.55E-48,3.35E-47
LOC120095142,1.951681177,4.92E-16,1.37E-15
LOC120095145,-0.832324572,1.28E-05,2.32E-05
LOC120095146,1.266243111,1.30E-70,1.18E-69
LOC120095147,1.097295108,1.22E-06,2.34E-06
LOC120095150,3.92265775,3.28E-13,8.27E-13
LOC120095151,3.689863379,7.02E-07,1.36E-06
LOC120095152,4.01848437,9.88E-59,7.29E-58
LOC120095153,-0.938261801,0.000406639,0.000664457
LOC120095154,3.867333715,2.97E-12,7.22E-12
LOC120095155,2.980017933,5.32E-35,2.41E-34
LOC120095157,-0.562478346,0.000232858,0.000387037
LOC120095158,-3.663391335,3.43E-72,3.20E-71
LOC120095160,1.335262836,0.022109314,0.031038862
LOC120095164,-1.283691599,0.000964174,0.001531743
LOC120095166,1.169587082,1.92E-27,7.28E-27
LOC120095170,-2.217303924,2.46E-07,4.88E-07
LOC120095171,-2.094576155,4.98E-58,3.63E-57
LOC120095172,-2.32216206,3.22E-28,1.24E-27
LOC120095173,1.745392425,0.02589456,0.036089164
LOC120095179,0.94148794,1.66E-14,4.38E-14
LOC120095182,-2.317839565,6.81E-27,2.54E-26
LOC120095183,4.471491483,1.63E-54,1.11E-53
LOC120095186,-1.929026763,4.61E-14,1.20E-13
LOC120095187,1.051218359,4.12E-10,9.21E-10
LOC120095188,5.726805501,9.45E-43,5.10E-42
LOC120095190,1.798038482,0.044462233,0.060224839
LOC120095191,1.431259416,0.011099312,0.016036435
LOC120095192,-3.654780261,1.33E-20,4.22E-20
LOC120095195,1.00277171,6.60E-13,1.64E-12
LOC120095196,1.259058431,0.002332239,0.003588359
LOC120095198,-1.707637683,0.010737305,0.015533885
LOC120095199,1.748756432,5.74E-15,1.54E-14
LOC120095200,-2.536947523,2.16E-05,3.86E-05
LOC120095201,-1.418834514,0.018265574,0.025873534
LOC120095204,6.290452161,4.40E-53,2.90E-52
LOC120095206,0.259295301,0.037335666,0.051086367
LOC120095213,-1.372506547,1.67E-14,4.41E-14
LOC120095214,-1.670638947,0.00091661,0.001459
LOC120095219,-2.932212472,2.83E-05,5.00E-05
LOC120095220,-2.237773485,0.000261272,0.000432684
LOC120095223,-1.699885907,3.75E-32,1.59E-31
LOC120095225,-0.98982677,1.01E-08,2.13E-08
LOC120095234,0.992761464,0.000845182,0.001349299
LOC120095235,0.960502311,0.013484157,0.019336397
LOC120095236,1.599820984,0.001002442,0.001591257
LOC120095241,-0.745955426,0.004537597,0.006815265
LOC120095242,-0.792695389,2.95E-07,5.82E-07
LOC120095243,-1.214140131,0.000199378,0.000333055
LOC120095244,-3.826775509,6.57E-23,2.21E-22
LOC120095245,-2.273158448,0.002688297,0.004119474
LOC120095246,-4.085589714,3.91E-36,1.82E-35
LOC120095247,-3.155198095,2.43E-53,1.62E-52
LOC120095248,-2.049417364,1.07E-07,2.17E-07
LOC120095254,-4.374905634,1.31E-39,6.59E-39
LOC120095255,-0.932024045,4.43E-06,8.23E-06
LOC120095256,-2.389774611,0.000471487,0.000766695
LOC120095257,1.573677162,0.001293542,0.002034024
LOC120095259,-2.412951468,1.41E-26,5.21E-26
LOC120095261,-0.767587502,0.017371368,0.024662374
LOC120095265,-0.968565353,1.30E-05,2.36E-05
LOC120095269,1.198763351,0.046500731,0.062836415
LOC120095271,0.802986905,5.59E-14,1.45E-13
LOC120095272,1.322194793,0.001233214,0.00194195
LOC120095277,3.095272965,3.97E-18,1.18E-17
LOC120095279,-1.175076464,1.29E-11,3.07E-11
LOC120095283,-3.070354531,3.48E-05,6.11E-05
LOC120095284,-3.235665222,1.19E-12,2.95E-12
LOC120095289,-2.53812543,1.28E-24,4.49E-24
LOC120095292,-3.015486617,2.89E-23,9.83E-23
LOC120095293,-2.670440456,6.71E-16,1.86E-15
LOC120095294,5.07446491,3.71E-24,1.29E-23
LOC120095296,-1.854643175,5.70E-15,1.53E-14
LOC120095297,1.588055404,0.001003662,0.001593023
LOC120095298,-0.578374699,0.017012652,0.024177466
LOC120095301,0.210562933,0.047856228,0.064591388
LOC120095302,2.503606183,6.94E-27,2.59E-26
LOC120095306,1.145229086,4.38E-13,1.10E-12
LOC120095307,2.04467605,0.003798637,0.005746222
LOC120095308,-1.070895783,1.59E-16,4.48E-16
LOC120095309,-2.023656323,1.67E-11,3.96E-11
LOC120095310,-1.321532067,3.95E-13,9.95E-13
LOC120095311,-1.276363367,4.98E-13,1.25E-12
LOC120095319,-4.155711357,2.84E-30,1.15E-29
LOC120095325,3.79010143,3.55E-12,8.63E-12
LOC120095331,2.324293328,0.008725288,0.01273453
Krtap29-1,-1.690035493,0.043844359,0.059439626
LOC120095345,-2.509619616,1.40E-09,3.06E-09
LOC120095350,-1.627944251,0.029396756,0.04067697
LOC120095354,6.001788003,3.66E-45,2.08E-44
LOC120095357,2.933511573,9.44E-06,1.72E-05
LOC120095361,-2.115579236,3.74E-07,7.35E-07
LOC120095367,-1.690654235,0.000387752,0.000634543
LOC120095387,1.087724864,0.026804391,0.037281669
LOC120095394,1.255640662,0.001618027,0.002527308
LOC120095397,1.031633066,0.037671678,0.05151992
LOC120095398,0.668668387,0.002176674,0.003358791
LOC120095400,1.759507684,0.005173315,0.007720696
LOC120095401,0.563798914,0.00090785,0.001445758
LOC120095404,0.94875602,2.38E-07,4.71E-07
LOC120095405,1.241255855,2.16E-13,5.48E-13
LOC120095407,-4.056258108,7.72E-26,2.80E-25
LOC120095408,1.134712771,6.48E-08,1.32E-07
LOC120095409,-1.214655486,0.007444557,0.010940329
LOC120095411,1.474444354,0.036577276,0.050092683
LOC120095426,-0.557215246,0.0018764,0.00291272
LOC120095427,0.98408451,0.042925388,0.058263199
LOC120095429,1.625672274,0.041890224,0.056920833
LOC120095437,3.264187575,4.78E-08,9.79E-08
LOC120095438,1.692359333,1.64E-06,3.12E-06
LOC120095440,-1.202657515,0.004671751,0.007007153
LOC120095463,1.668586304,1.56E-05,2.81E-05
LOC120095464,1.073767748,0.031038262,0.042852153
LOC120095468,-1.170103732,8.50E-06,1.55E-05
LOC120095470,-1.106244538,1.50E-05,2.69E-05
LOC120095471,-1.128721486,0.000232984,0.000387225
LOC120095472,1.572499002,0.008163796,0.01195159
LOC120095477,2.49462214,0.000115015,0.00019526
LOC120095479,5.376801934,1.56E-25,5.62E-25
LOC120095486,-1.479613228,0.019240904,0.027191311
LOC120095487,3.848349404,2.32E-07,4.60E-07
LOC120095490,2.388864868,0.000281381,0.000464868
LOC120095494,2.843024521,1.35E-05,2.44E-05
LOC120095505,3.794087391,4.21E-16,1.17E-15
Trnas-aga,-1.924165112,2.05E-13,5.23E-13
Trnap-agg,1.313121256,0.025446569,0.035488205
Trnap-agg,2.308741937,0.009183094,0.013373666
LOC120095552,-1.983935627,0.001284521,0.002020378
LOC120095555,-0.705205787,0.000241663,0.000401198
LOC120095570,5.042125327,8.99E-34,3.97E-33
LOC120095579,3.017650566,6.13E-07,1.19E-06
LOC120095589,-1.884751912,0.000906383,0.001443498
LOC120095591,-1.35172469,1.27E-15,3.48E-15
LOC120095593,-1.000150642,0.00203715,0.003150724
LOC120095596,6.027699449,4.46E-87,5.17E-86
LOC120095603,0.838756092,0.00124495,0.001959805
LOC120095604,1.530778131,5.13E-05,8.94E-05
LOC120095605,-3.952127521,3.35E-19,1.02E-18
LOC120095606,-0.341807469,0.039326961,0.053644818
LOC120095609,2.753874336,1.45E-13,3.72E-13
LOC120095611,-1.249588633,1.42E-11,3.38E-11
LOC120095612,-2.102112596,7.61E-05,0.000130921
LOC120095615,-0.877056651,3.39E-21,1.09E-20
LOC120095616,-1.257748662,2.24E-05,4.00E-05
LOC120095619,2.907232959,8.97E-39,4.44E-38
LOC120095623,-1.024300277,0.006734261,0.009939452
LOC120095624,-1.980825305,5.23E-08,1.07E-07
LOC120095625,-2.435984547,1.98E-34,8.88E-34
LOC120095626,-1.677952738,0.000109262,0.000185857
LOC120095627,0.90406829,4.31E-10,9.63E-10
LOC120095628,-6.446084556,7.15E-113,1.18E-111
LOC120095630,-6.421717645,5.11E-62,4.01E-61
LOC120095634,-5.047488515,4.52E-24,1.57E-23
LOC120095637,-1.892284393,1.11E-07,2.23E-07
LOC120095641,3.120759043,5.74E-21,1.83E-20
LOC120095642,-1.692325801,5.67E-24,1.96E-23
LOC120095643,-1.656102074,2.14E-20,6.72E-20
LOC120095647,-2.464027312,2.24E-26,8.25E-26
LOC120095648,2.300253326,0.000881904,0.001406103
LOC120095649,-4.04896451,5.15E-61,3.98E-60
LOC120095650,0.556967709,0.000113315,0.000192484
LOC120095655,-1.761850538,3.80E-11,8.86E-11
LOC120095656,3.243670675,1.07E-22,3.57E-22
LOC120095657,8.011150029,1.15E-83,1.27E-82
LOC120095659,11.34094015,5.18E-198,2.06E-196
LOC120095660,0.907581224,6.31E-07,1.23E-06
LOC120095665,-1.460808999,0.000264207,0.000437422
LOC120095667,1.590654796,7.65E-06,1.40E-05
LOC120095668,-1.807517097,3.48E-10,7.82E-10
LOC120095669,1.646542174,5.65E-05,9.81E-05
Ncbp2as2,-0.269955902,0.005607819,0.008340961
LOC120095674,0.482796174,0.024850496,0.034696166
LOC120095676,0.535084977,0.028222147,0.039145014
LOC120095677,1.678938587,1.05E-07,2.13E-07
LOC120095679,-3.221185491,2.77E-34,1.24E-33
LOC120095681,7.100877709,9.93E-58,7.19E-57
LOC120095682,1.751474769,0.002090653,0.003230603
LOC120095683,3.844023259,1.43E-23,4.91E-23
LOC120095684,-1.409667386,7.91E-06,1.45E-05
LOC120095686,-0.685481925,0.018502569,0.026191684
LOC120095687,-2.949040759,1.56E-37,7.52E-37
LOC120095689,-0.953387749,0.000927539,0.001475603
LOC120095690,0.628891909,2.58E-05,4.58E-05
LOC120095691,-0.581164324,0.035090628,0.04817491
LOC120095693,0.846701503,0.010224254,0.014826446
LOC120095694,1.181314436,0.014712075,0.021039399
LOC120095695,-7.381902231,5.20E-84,5.79E-83
LOC120095701,4.096136771,3.16E-08,6.55E-08
LOC120095702,3.712824182,3.60E-19,1.10E-18
LOC120095703,1.272449008,0.001021611,0.001620001
LOC120095705,-2.739535563,2.17E-45,1.24E-44
LOC120095717,7.399925056,2.42E-78,2.49E-77
LOC120095726,0.614642878,0.000364125,0.000596933
LOC120095739,3.231761847,0.002751814,0.004213968
LOC120095744,1.761371184,0.000193097,0.000322854
LOC120095783,1.613362988,0.018735413,0.026507338
LOC120095793,0.86985271,0.026329394,0.036648574
LOC120095795,-1.141307474,7.74E-06,1.42E-05
LOC120095803,-1.643465886,3.41E-21,1.09E-20
LOC120095832,1.332812521,0.046924464,0.063382949
LOC120095833,1.827003043,1.90E-38,9.36E-38
LOC120095835,-3.630993878,1.44E-58,1.06E-57
LOC120095836,-0.707631665,0.025754408,0.035898907
LOC120095837,1.031162907,0.007468412,0.01097375
LOC120095841,-2.857066318,1.19E-24,4.18E-24
LOC120095843,-0.338157057,0.00036082,0.000591746
LOC120095845,-2.226793586,2.30E-26,8.49E-26
LOC120095846,-1.268103567,0.00816873,0.011958222
LOC120095847,-0.645392544,4.43E-06,8.23E-06
LOC120095848,2.956174188,4.03E-58,2.94E-57
LOC120095849,1.994988084,0.026983606,0.037515062
LOC120095853,6.305207752,2.15E-42,1.15E-41
LOC120095869,-2.486347602,8.83E-13,2.19E-12
LOC120095870,-0.624310089,0.000479062,0.000778327
LOC120095871,-1.103570446,1.58E-39,7.93E-39
LOC120095873,-2.195927996,3.27E-21,1.05E-20
LOC120095878,-3.679699273,3.01E-13,7.60E-13
LOC120095879,-2.377913111,2.07E-18,6.18E-18
LOC120095880,-1.19120631,3.29E-09,7.10E-09
LOC120095882,3.019203121,1.66E-05,2.98E-05
LOC120095883,-3.191579195,2.07E-17,6.00E-17
LOC120095886,2.134856646,0.017059819,0.024242168
LOC120095890,-1.541622854,0.000199751,0.000333641
LOC120095891,-1.531727803,1.20E-08,2.53E-08
LOC120095892,3.158810526,1.26E-56,8.97E-56
LOC120095895,-0.626800825,0.000149963,0.000252606
LOC120095896,-2.340094326,2.50E-05,4.44E-05
LOC120095898,2.821904202,4.68E-13,1.17E-12
LOC120095902,2.122556174,7.43E-38,3.60E-37
LOC120095905,2.107918529,0.00016559,0.000278104
LOC120095906,2.747882032,3.99E-84,4.45E-83
LOC120095907,1.353260971,0.005827391,0.008654929
LOC120095908,5.304569361,2.95E-37,1.41E-36
Trim56,0.307309008,9.39E-06,1.71E-05
LOC120095911,6.911598338,3.27E-99,4.53E-98
LOC120095912,4.325114225,8.80E-15,2.35E-14
LOC120095913,-5.438337671,3.38E-54,2.29E-53
LOC120095918,-2.614467414,5.79E-12,1.40E-11
LOC120095920,-3.051865307,3.26E-29,1.29E-28
LOC120095921,2.143042335,1.56E-07,3.12E-07
LOC120095922,1.718387577,0.002693191,0.004126761
LOC120095930,-1.142299344,0.000684971,0.001101194
LOC120095931,-1.741304168,2.65E-10,5.98E-10
LOC120095934,-1.373378664,1.18E-21,3.83E-21
LOC120095936,-1.870156835,0.026253724,0.036546686
LOC120095937,-4.979439193,2.46E-47,1.47E-46
LOC120095938,-2.294495691,4.81E-05,8.39E-05
LOC120095939,-1.37872062,0.045724228,0.06184645
LOC120095940,0.567870765,8.92E-09,1.89E-08
LOC120095951,-5.217523995,2.07E-36,9.73E-36
LOC120095953,3.490351452,4.16E-09,8.92E-09
LOC120095966,-2.035268671,6.75E-16,1.87E-15
LOC120095968,2.071030362,4.40E-07,8.61E-07
LOC120095971,-0.875728289,3.97E-09,8.52E-09
LOC120095972,1.646238165,0.029156698,0.040375012
LOC120095973,2.240286059,8.06E-39,3.99E-38
LOC120095975,-2.796075993,1.01E-20,3.19E-20
LOC120095990,2.522367235,0.000214848,0.000358007
LOC120095998,3.370233695,3.16E-05,5.58E-05
LOC120096003,-1.201010735,0.002996337,0.004572323
LOC120096006,-0.527777223,1.46E-05,2.64E-05
LOC120096007,0.865760538,1.53E-05,2.75E-05
LOC120096008,2.746023149,2.49E-08,5.18E-08
LOC120096009,1.061363366,1.12E-09,2.46E-09
LOC120096011,-2.996316093,1.49E-17,4.34E-17
LOC120096012,-2.057115612,3.56E-22,1.18E-21
LOC120096015,-1.229286706,0.00842763,0.012315896
LOC120096017,-0.492608073,9.43E-05,0.000161243
LOC120096086,2.031278855,3.57E-05,6.28E-05
LOC120096097,-0.906859208,0.000150979,0.000254215
LOC120096104,3.018606986,2.05E-07,4.07E-07
LOC120096105,0.855320472,0.000188327,0.000315146
LOC120096115,1.211956825,2.28E-07,4.53E-07
LOC120096118,-3.192288435,5.68E-21,1.81E-20
LOC120096123,-1.438258295,0.017126199,0.024332987
Trnaa-agc,-1.73540667,0.001834122,0.002849525
Trnal-aag,1.621830777,2.66E-05,4.71E-05
LOC120096183,2.56340534,0.000145516,0.000245323
LOC120096185,1.656775813,0.000164119,0.000275697
LOC120096187,-1.517072435,0.013779356,0.019740847
LOC120096189,1.12848679,8.03E-10,1.78E-09
LOC120096190,-1.552869594,1.70E-15,4.63E-15
LOC120096196,4.166804387,3.38E-18,1.00E-17
LOC120096208,-4.860795293,1.25E-72,1.17E-71
LOC120096209,3.943568039,6.48E-12,1.56E-11
LOC120096211,2.155602073,0.000557985,0.00090244
LOC120096212,-2.547219345,1.29E-08,2.72E-08
LOC120096217,-0.762774018,0.003497915,0.005309509
LOC120096219,1.721672985,0.001632262,0.002548628
LOC120096222,-3.023709479,3.16E-11,7.39E-11
LOC120096223,0.820970741,9.87E-05,0.000168442
LOC120096225,-5.454766736,1.30E-14,3.44E-14
LOC120096229,1.198250807,0.002618596,0.004015995
LOC120096231,0.694416259,0.015591684,0.022237111
LOC120096237,0.87365372,0.001736775,0.002704283
LOC120096238,7.53331255,1.27E-70,1.16E-69
LOC120096242,7.308713934,2.29E-78,2.36E-77
LOC120096246,-0.738518881,0.013135206,0.018858193
LOC120096248,-1.803772978,2.73E-05,4.84E-05
LOC120096250,2.203812299,6.17E-17,1.76E-16
LOC120096251,2.272747111,9.31E-08,1.88E-07
LOC120096252,1.6977083,2.45E-15,6.66E-15
LOC120096253,-1.030266381,0.006258558,0.009268317
LOC120096254,-2.495635043,9.07E-12,2.17E-11
LOC120096255,-4.525047771,7.33E-71,6.72E-70
LOC120096256,-1.184282335,4.26E-06,7.92E-06
LOC120096258,-2.771715152,8.73E-59,6.45E-58
LOC120096259,1.844310337,7.50E-05,0.000129069
LOC120096265,-2.220799564,1.25E-09,2.73E-09
LOC120096268,0.768000249,2.27E-08,4.72E-08
LOC120096269,0.924039796,2.03E-05,3.63E-05
LOC120096270,-1.515225017,2.73E-08,5.65E-08
LOC120096276,3.929319478,9.88E-27,3.67E-26
LOC120096277,-0.695585986,0.000546356,0.000884018
LOC120096280,-1.702097901,1.87E-16,5.26E-16
LOC120096281,1.43006397,4.32E-66,3.64E-65
LOC120096282,-1.484457134,5.44E-07,1.06E-06
LOC120096285,-1.96180567,0.001151318,0.001817049
LOC120096294,0.294650981,0.000576203,0.000931089
LOC120096296,-4.345277096,8.50E-33,3.67E-32
LOC120096297,5.426239812,1.60E-140,3.64E-139
LOC120096300,4.109553587,2.86E-118,5.06E-117
LOC120096301,0.894262584,1.22E-07,2.46E-07
LOC120096304,3.663383858,4.04E-19,1.23E-18
LOC120096305,5.352848529,1.47E-42,7.92E-42
LOC120096307,-2.851845249,5.98E-08,1.22E-07
LOC120096308,-2.982938878,1.50E-32,6.44E-32
LOC120096311,0.900579797,0.00887084,0.012936751
LOC120096312,-2.862109108,1.90E-06,3.60E-06
LOC120096317,3.156477193,7.77E-08,1.58E-07
LOC120096322,-1.267488014,0.022584263,0.031666565
LOC120096323,1.629740172,0.002028677,0.003138604
LOC120096324,1.409746433,4.78E-05,8.34E-05
LOC120096325,1.360264039,0.00172291,0.002683791
LOC120096327,-1.183325845,3.28E-06,6.13E-06
LOC120096328,-3.31257521,4.37E-19,1.33E-18
LOC120096329,3.469650758,5.76E-05,1.00E-04
LOC120096335,-0.529431006,7.16E-05,0.000123431
LOC120096337,2.577733536,0.006005918,0.008908899
LOC120096338,1.220223511,0.046321224,0.062605285
LOC120096339,7.395609143,4.29E-57,3.07E-56
LOC120096350,0.718230299,0.042509461,0.057725139
LOC120096352,-4.585646386,1.65E-99,2.30E-98
LOC120096353,1.840589917,4.82E-23,1.63E-22
LOC120096354,0.874833979,0.001747964,0.002720813
LOC120096355,-2.085122313,7.95E-05,0.000136571
LOC120096356,1.687213282,0.004009618,0.006050216
LOC120096357,0.535622701,0.008113384,0.011881905
LOC120096358,2.646686124,1.58E-08,3.31E-08
LOC120096364,3.368322157,1.77E-18,5.30E-18
LOC120096365,-1.650451137,0.000181275,0.000303758
LOC120096374,1.032014453,4.00E-08,8.23E-08
LOC120096375,1.398394684,2.62E-13,6.65E-13
LOC120096376,1.42852213,1.03E-07,2.08E-07
LOC120096383,1.523100906,1.92E-14,5.07E-14
LOC120096384,1.252789743,3.30E-15,8.93E-15
LOC120096385,1.113209787,3.09E-13,7.82E-13
LOC120096386,1.068519348,1.02E-12,2.52E-12
LOC120096421,1.101990796,1.38E-16,3.89E-16
LOC120096422,1.448548282,2.46E-06,4.62E-06
LOC120096427,0.737111031,0.000122102,0.00020696
LOC120096438,5.407377004,4.41E-28,1.69E-27
LOC120096454,-1.278733992,0.024800639,0.034629824
Trnap-agg,0.914726441,0.009227792,0.013436777
Trnas-aga,3.848458208,2.59E-11,6.08E-11
LOC120096502,2.497083229,0.000652381,0.001050571
LOC120096507,0.652902548,0.000183105,0.000306737
LOC120096520,3.577929996,5.71E-06,1.06E-05
LOC120096522,-1.576230084,0.011612257,0.016752183
LOC120096524,-3.955057405,2.62E-127,5.17E-126
LOC120096529,1.151828174,1.67E-05,3.00E-05
LOC120096532,4.262469614,2.05E-12,5.02E-12
Tmem271,-0.373771295,0.026152303,0.036426071
LOC120096549,1.649043557,2.84E-17,8.21E-17
LOC120096550,0.819336189,0.000364466,0.000597428
LOC120096551,-1.640679925,2.40E-09,5.20E-09
LOC120096554,5.446473796,2.29E-38,1.12E-37
LOC120096555,0.774518852,3.24E-06,6.07E-06
LOC120096558,-1.871175432,6.65E-31,2.74E-30
LOC120096559,-2.626522665,9.80E-14,2.52E-13
LOC120096560,-1.398558725,0.002189173,0.003377724
LOC120096561,-2.103768853,5.78E-05,0.000100238
LOC120096566,1.777613308,0.003319164,0.005047504
LOC120096567,0.780315172,0.002573906,0.003950323
LOC120096571,-0.940765044,4.91E-22,1.61E-21
LOC120096572,1.840536083,6.65E-05,0.000114961
LOC120096573,0.859460348,0.025611891,0.035713716
LOC120096577,-1.56884702,0.044698823,0.060525906
LOC120096578,-1.004102149,0.000409389,0.000668656
LOC120096579,1.407413296,0.000147996,0.000249419
LOC120096594,-2.311559749,2.75E-08,5.70E-08
LOC120096602,1.567741041,0.00014136,0.000238507
LOC120096603,4.230696988,2.90E-16,8.09E-16
LOC120096606,-3.322587583,1.31E-77,1.33E-76
LOC120096618,0.979213926,0.000771116,0.00123452
LOC120096620,6.112309307,6.88E-51,4.37E-50
LOC120096621,-3.777506933,7.00E-58,5.08E-57
LOC120096622,5.507820058,7.46E-123,1.40E-121
LOC120096623,7.96301224,4.13E-54,2.79E-53
LOC120096625,-1.836786351,0.000785588,0.001257077
LOC120096631,-1.959276906,4.42E-05,7.73E-05
LOC120096642,-2.882681963,1.11E-13,2.86E-13
LOC120096643,-0.956091746,0.000372329,0.000610012
LOC120096644,-2.649207598,6.31E-21,2.01E-20
LOC120096648,3.511526081,9.23E-14,2.38E-13
LOC120096651,2.778379581,4.54E-33,1.97E-32
LOC120096652,1.86504459,0.04374377,0.059311412
LOC120096653,-2.205160971,4.19E-08,8.62E-08
LOC120096654,1.496980473,2.86E-16,7.98E-16
LOC120096655,-0.824201116,0.041302683,0.056158588
LOC120096665,6.597974909,4.80E-69,4.25E-68
LOC120096674,-0.314469822,0.026168669,0.036445433
LOC120096678,-3.02663902,2.56E-40,1.31E-39
LOC120096679,-1.531382015,8.54E-07,1.65E-06
LOC120096680,5.72638733,9.64E-28,3.68E-27
LOC120096681,0.925471867,3.77E-05,6.62E-05
LOC120096682,1.267108795,0.014413227,0.020627977
LOC120096684,-1.151814961,1.97E-09,4.29E-09
LOC120096685,0.949227038,1.34E-07,2.69E-07
LOC120096687,0.984506673,0.027663689,0.038417246
LOC120096688,0.518047989,0.003556531,0.005395714
LOC120096690,0.559404508,5.93E-06,1.09E-05
LOC120096691,3.449581176,1.23E-13,3.15E-13
LOC120096692,1.885785799,0.008014093,0.011742307
LOC120096693,3.536066033,9.61E-19,2.90E-18
LOC120096695,2.953368431,1.55E-17,4.51E-17
LOC120096698,3.480263277,8.67E-06,1.58E-05
LOC120096700,3.450178924,2.73E-13,6.92E-13
LOC120096707,-4.12844598,7.35E-17,2.10E-16
LOC120096709,-2.941934758,1.22E-08,2.56E-08
LOC120096711,-1.888941106,1.98E-05,3.54E-05
LOC120096721,-3.0302148,3.62E-15,9.78E-15
LOC120096724,-0.753076835,1.81E-06,3.43E-06
LOC120096728,-2.434115986,3.51E-14,9.17E-14
LOC120096729,-3.238116645,2.35E-37,1.13E-36
LOC120096730,-2.11777323,1.89E-11,4.46E-11
LOC120096731,2.981677063,5.21E-17,1.49E-16
LOC120096733,1.464551925,8.53E-07,1.64E-06
LOC120096736,3.294988822,6.27E-06,1.16E-05
LOC120096778,0.604531826,0.002263451,0.003486693
LOC120096782,-0.963686032,0.000537321,0.000869876
LOC120096785,-1.57655032,0.014876894,0.021264822
LOC120096790,0.733912751,0.002007529,0.003107185
LOC120096792,1.932454111,2.49E-05,4.43E-05
LOC120096793,4.303541927,8.93E-16,2.46E-15
LOC120096806,2.027245897,0.036837699,0.050442327
LOC120096835,1.749310466,0.015573869,0.022212773
LOC120096836,-1.480714682,1.09E-06,2.09E-06
LOC120096860,1.820820869,0.001070426,0.001694263
LOC120096887,-1.312763067,0.006172153,0.009147228
LOC120096888,-2.105999296,1.17E-21,3.80E-21
LOC120096891,4.638100986,4.13E-19,1.26E-18
LOC120096892,2.308923194,2.50E-21,8.06E-21
LOC120096893,-1.557704427,4.52E-22,1.49E-21
LOC120096894,0.753660905,1.51E-11,3.58E-11
LOC120096895,-3.607079393,1.44E-62,1.14E-61
LOC120096896,2.827171475,2.62E-11,6.15E-11
LOC120096898,3.233283662,1.45E-06,2.75E-06
LOC120096901,-1.608447454,4.26E-46,2.47E-45
LOC120096905,2.926442641,2.38E-05,4.24E-05
LOC120096910,-0.925360945,0.00075721,0.001213308
LOC120096911,-3.206549974,2.57E-71,2.37E-70
LOC120096912,1.852036729,1.02E-21,3.33E-21
LOC120096913,-1.466776092,0.021101732,0.029675031
LOC120096914,-2.802928606,3.59E-37,1.71E-36
LOC120096915,-1.670092118,0.000756999,0.001213035
LOC120096921,0.885336623,6.91E-06,1.27E-05
LOC120096926,4.975822884,3.91E-29,1.54E-28
LOC120096928,-2.039233245,0.005781177,0.008588879
LOC120096929,-3.66286832,8.97E-43,4.84E-42
LOC120096930,-3.539814648,3.85E-36,1.79E-35
LOC120096933,-2.447485326,8.02E-06,1.47E-05
LOC120096937,-2.762987088,3.46E-12,8.39E-12
LOC120096942,-1.424349144,2.18E-07,4.33E-07
LOC120096943,0.624572294,7.85E-06,1.44E-05
LOC120096945,-3.47705608,1.64E-80,1.74E-79
LOC120096946,0.999973819,0.000872433,0.001391603
LOC120096947,-1.910452391,2.77E-12,6.75E-12
LOC120096949,2.010377936,3.20E-05,5.64E-05
LOC120096951,2.954813694,1.24E-11,2.95E-11
LOC120096952,-2.852343303,2.19E-18,6.54E-18
LOC120096960,3.368731788,6.80E-07,1.32E-06
LOC120096961,-2.176799291,1.49E-11,3.55E-11
LOC120096962,3.562884243,1.10E-31,4.62E-31
LOC120096966,0.94902388,4.36E-09,9.33E-09
LOC120096968,-1.507408698,2.92E-24,1.02E-23
LOC120096971,3.162581954,2.01E-06,3.81E-06
LOC120096976,-1.927952259,1.54E-22,5.14E-22
LOC120096977,6.246693413,1.11E-62,8.80E-62
LOC120096978,2.901029719,1.63E-05,2.92E-05
LOC120096979,3.745896778,1.12E-16,3.16E-16
LOC120096980,-1.919542468,2.51E-19,7.69E-19
LOC120096981,-0.490226408,0.042010357,0.057078828
LOC120096982,1.803793826,2.47E-13,6.27E-13
LOC120096983,-4.053543957,1.78E-22,5.91E-22
LOC120096987,3.911023869,1.10E-11,2.63E-11
LOC120096988,1.527518154,2.68E-13,6.78E-13
LOC120096989,-1.359558552,2.36E-12,5.77E-12
LOC120096992,2.525201567,2.08E-05,3.70E-05
LOC120096999,-1.337307747,7.51E-05,0.000129205
LOC120097000,-2.087189001,2.89E-11,6.78E-11
LOC120097003,-2.768461108,9.69E-11,2.22E-10
LOC120097004,1.371477421,0.000580366,0.000937612
LOC120097005,1.351675172,0.00679851,0.010029777
LOC120097008,2.863294974,9.65E-41,4.98E-40
LOC120097011,1.402883724,5.88E-07,1.14E-06
LOC120097012,-2.395208034,0.010256491,0.014868821
LOC120097015,-3.017951947,1.57E-15,4.30E-15
LOC120097017,1.4487527,0.021637728,0.030399893
LOC120097018,-1.628467847,0.005559702,0.008272304
LOC120097019,-2.102394659,2.38E-13,6.03E-13
LOC120097025,5.27105902,3.46E-18,1.03E-17
LOC120097029,3.541497943,3.94E-12,9.56E-12
LOC120097030,4.907399471,2.18E-30,8.88E-30
LOC120097031,-1.636774798,1.93E-05,3.45E-05
LOC120097032,1.82257933,0.020547869,0.028944298
LOC120097033,4.919476646,5.52E-24,1.91E-23
LOC120097039,4.545161173,3.75E-22,1.24E-21
LOC120097040,-1.783310876,0.000176049,0.000295165
LOC120097042,1.020783794,7.67E-10,1.70E-09
LOC120097045,-0.795691646,0.000612288,0.000987619
LOC120097046,-0.905563779,0.004247462,0.006394754
LOC120097048,-3.48067697,3.15E-20,9.84E-20
LOC120097050,1.143331541,0.007854039,0.011518063
LOC120097058,-3.898277495,6.54E-23,2.20E-22
LOC120097059,4.39567585,0.003476748,0.005279004
LOC120097063,6.879195855,1.40E-44,7.90E-44
LOC120097070,-1.888206988,8.06E-09,1.71E-08
LOC120097071,-3.041171301,1.02E-20,3.24E-20
LOC120097080,1.238498641,2.95E-07,5.82E-07
LOC120097083,-2.086788357,4.60E-06,8.54E-06
LOC120097087,0.611100198,0.000415146,0.000677684
LOC120097089,-1.115088117,2.92E-07,5.77E-07
LOC120097092,-3.840408545,1.59E-37,7.64E-37
LOC120097095,-2.832944071,5.94E-14,1.54E-13
LOC120097102,4.313401073,1.42E-15,3.89E-15
LOC120097103,-1.308367564,2.93E-08,6.08E-08
LOC120097104,3.515531,9.68E-06,1.76E-05
LOC120097106,0.622394668,1.37E-05,2.47E-05
LOC120097108,-6.167017509,4.91E-83,5.40E-82
LOC120097109,-4.8177518,6.83E-61,5.26E-60
LOC120097110,-3.567961127,2.60E-23,8.85E-23
LOC120097114,2.203399371,2.30E-09,4.98E-09
LOC120097118,-1.110511287,1.12E-11,2.67E-11
LOC120097119,1.426196178,9.78E-15,2.60E-14
LOC120097121,2.380504575,1.10E-23,3.76E-23
LOC120097138,2.344632106,9.79E-06,1.78E-05
LOC120097152,4.80357767,1.25E-36,5.88E-36
LOC120097159,-1.697030699,0.020164127,0.028429468
LOC120097165,-3.872169314,6.57E-28,2.52E-27
LOC120097166,2.846131732,6.32E-09,1.35E-08
LOC120097167,-1.635158171,0.022377068,0.0313939
LOC120097170,-3.821009793,7.09E-19,2.14E-18
LOC120097171,0.547475352,0.011181326,0.016149409
LOC120097172,1.272199106,1.06E-07,2.14E-07
LOC120097182,0.445368923,0.030327788,0.041920164
LOC120097186,2.097036437,0.041108852,0.055907888
LOC120097195,-4.048255817,9.29E-32,3.90E-31
LOC120097212,2.082781387,0.015408296,0.02198828
LOC120097216,0.933128732,2.68E-10,6.05E-10
LOC120097276,3.397657503,2.90E-07,5.73E-07
LOC120097277,-2.091610063,1.47E-05,2.66E-05
LOC120097335,0.651086424,1.54E-13,3.93E-13
LOC120097344,-1.769628571,3.28E-05,5.77E-05
LOC120097345,0.883654651,8.48E-36,3.92E-35
LOC120097346,0.556676107,4.32E-05,7.56E-05
LOC120097347,-1.095856535,2.92E-05,5.17E-05
LOC120097348,-0.801275368,1.09E-08,2.29E-08
LOC120097351,3.609205232,6.84E-12,1.64E-11
LOC120097353,-1.191376321,5.77E-08,1.18E-07
LOC120097357,-2.621684989,2.02E-10,4.59E-10
LOC120097358,2.092961527,4.71E-05,8.21E-05
LOC120097359,2.728347916,7.38E-10,1.63E-09
LOC120097361,-1.400418694,0.000361797,0.000593283
LOC120097363,1.857743777,3.64E-09,7.82E-09
LOC120097368,2.969878283,6.59E-43,3.56E-42
LOC120097370,0.397880652,0.002991344,0.00456494
LOC120097373,-2.234570053,1.56E-13,3.98E-13
LOC120097378,-1.239674342,3.79E-15,1.02E-14
LOC120097379,-2.225592726,2.04E-05,3.64E-05
LOC120097380,1.34926059,0.003374292,0.005128439
LOC120097381,-1.266977068,2.61E-05,4.64E-05
LOC120097382,-1.911158522,7.91E-69,6.97E-68
LOC120097383,-1.857585459,1.44E-06,2.75E-06
LOC120097384,-1.765457472,0.048969975,0.066040377
LOC120097385,1.112110481,2.96E-11,6.95E-11
Vps51,0.294162372,1.46E-07,2.92E-07
LOC120097392,-2.052131886,1.07E-22,3.58E-22
LOC120097396,0.797766585,2.21E-07,4.39E-07
LOC120097398,-1.981458031,5.02E-07,9.80E-07
LOC120097403,-2.176082161,0.000672108,0.001081221
LOC120097407,2.880503975,2.27E-09,4.93E-09
LOC120097409,-0.784923785,0.001181075,0.001862423
LOC120097414,-0.445924527,0.01546647,0.022065975
LOC120097415,-3.49425137,3.06E-27,1.15E-26
LOC120097416,-1.800904126,2.90E-08,6.01E-08
LOC120097421,4.394451645,2.35E-174,7.44E-173
LOC120097422,3.735323988,2.80E-28,1.08E-27
LOC120097424,4.154569419,2.42E-56,1.71E-55
LOC120097425,-2.186789657,9.02E-09,1.91E-08
LOC120097431,-3.625389594,5.68E-21,1.81E-20
LOC120097436,6.85668221,4.05E-246,2.38E-244
LOC120097437,-1.339641508,0.039804557,0.054238774
LOC120097442,-1.333927796,0.00902409,0.013151167
LOC120097446,3.876856604,7.96E-09,1.69E-08
LOC120097447,-3.39044043,5.59E-35,2.54E-34
LOC120097448,5.294085714,9.59E-43,5.17E-42
LOC120097449,1.974298863,0.008224994,0.012034036
LOC120097454,-2.051729465,0.002023688,0.003131048
LOC120097455,2.768272139,8.91E-13,2.21E-12
LOC120097460,-2.288152891,0.001938285,0.003005357
LOC120097470,5.173636999,3.15E-18,9.38E-18
LOC120097475,0.689173922,6.34E-05,0.000109631
LOC120097490,-3.428796898,3.61E-26,1.32E-25
LOC120097493,-4.01834268,2.50E-162,7.07E-161
LOC120097494,-1.067039912,0.001136175,0.001794534
LOC120097495,-1.469261368,3.71E-09,7.98E-09
LOC120097496,2.110535342,3.80E-08,7.84E-08
LOC120097499,-1.235522403,9.56E-09,2.02E-08
LOC120097504,-0.507868264,3.76E-10,8.43E-10
LOC120097505,1.095334465,0.004139412,0.00623843
LOC120097507,-1.408943215,2.50E-10,5.65E-10
LOC120097510,-0.727339932,0.000501408,0.000813159
LOC120097522,-3.998325119,1.03E-21,3.34E-21
LOC120097524,0.965263667,0.000266715,0.000441427
LOC120097525,6.018423301,2.63E-51,1.69E-50
LOC120097526,-0.636004356,0.009525714,0.013854222
LOC120097527,2.266323214,1.52E-09,3.33E-09
LOC120097529,2.242589812,0.007405315,0.010886447
LOC120097532,-2.152271652,2.84E-60,2.16E-59
LOC120097534,-4.097459152,1.50E-40,7.72E-40
LOC120097536,12.61053623,1.92E-288,1.50E-286
LOC120097542,-2.519235787,2.14E-51,1.38E-50
LOC120097545,1.547072057,4.27E-07,8.36E-07
LOC120097548,1.041603382,1.41E-11,3.36E-11
LOC120097556,1.669183327,0.007786237,0.011420895
LOC120097558,1.463498756,0.014112648,0.020209013
LOC120097562,-0.544470525,5.18E-05,9.01E-05
LOC120097568,-1.964412583,7.09E-44,3.93E-43
LOC120097569,-4.585925086,5.07E-100,7.13E-99
LOC120097570,2.438455844,1.16E-05,2.10E-05
LOC120097574,-1.53652009,1.26E-07,2.52E-07
LOC120097575,-2.00617106,3.50E-07,6.89E-07
LOC120097581,2.332818358,1.69E-15,4.63E-15
LOC120097583,-3.85609095,2.15E-78,2.22E-77
LOC120097593,5.744453285,4.32E-70,3.90E-69
LOC120097610,-2.777097168,4.26E-59,3.17E-58
LOC120097664,-2.440005423,4.49E-18,1.33E-17
LOC120097675,1.531286307,6.83E-05,0.000117845
LOC120097695,-2.312328382,1.11E-06,2.12E-06
LOC120097697,-1.909996763,0.000229087,0.000380897
LOC120097717,2.427058811,0.025658106,0.035773099
LOC120097720,1.929322722,1.18E-09,2.60E-09
LOC120097725,3.238068852,6.70E-44,3.71E-43
LOC120097726,8.247775375,3.06E-99,4.25E-98
LOC120097727,-1.67503744,4.22E-38,2.06E-37
LOC120097728,-1.811863715,2.34E-46,1.37E-45
LOC120097729,-1.366995515,0.000173388,0.000290772
LOC120097730,-1.043785143,0.004989574,0.007458142
LOC120097733,1.541788439,4.70E-08,9.65E-08
LOC120097734,1.504297934,0.007983656,0.011700029
LOC120097737,-2.567945711,1.10E-12,2.72E-12
LOC120097739,4.180382767,4.75E-17,1.36E-16
LOC120097740,-2.068304756,3.14E-10,7.08E-10
LOC120097742,1.488958108,9.99E-05,0.000170486
LOC120097743,-2.430854983,2.79E-06,5.24E-06
LOC120097744,0.88729483,0.000156477,0.000263248
LOC120097745,2.021017705,0.038270291,0.052307151
LOC120097746,-0.567446605,0.012665041,0.01820792
LOC120097753,-1.461361722,0.031501126,0.043474963
LOC120097754,2.416235902,2.06E-29,8.19E-29
LOC120097756,6.038165295,1.52E-98,2.09E-97
LOC120097757,-4.086759203,1.80E-33,7.91E-33
LOC120097758,-2.497609792,3.08E-47,1.83E-46
LOC120097761,-2.061260631,0.005168071,0.007713259
LOC120097767,9.471655339,1.47E-169,4.46E-168
LOC120097770,-2.576144572,0.000498022,0.000807977
LOC120097771,-3.822800475,1.08E-17,3.15E-17
LOC120097772,-2.744231294,3.78E-05,6.62E-05
LOC120097778,-1.967287157,0.001755475,0.002732072
LOC120097781,3.235497201,0.002917518,0.004456645
LOC120097783,-6.216219632,7.26E-68,6.28E-67
LOC120097784,-1.488405745,0.00018706,0.000313114
LOC120097786,-2.101991298,2.61E-13,6.62E-13
LOC120097790,0.735710865,0.010464628,0.015153477
LOC120097792,-1.163414605,0.000219431,0.000365356
LOC120097793,-0.411660013,2.75E-06,5.17E-06
LOC120097795,4.849870247,2.29E-89,2.73E-88
LOC120097796,-0.998432806,1.21E-07,2.43E-07
LOC120097797,-4.345811496,3.10E-34,1.39E-33
LOC120097809,4.340624313,9.41E-47,5.55E-46
LOC120097814,1.781329184,9.23E-05,0.0001579
LOC120097815,-2.715350049,2.87E-23,9.74E-23
LOC120097817,-5.769447208,1.67E-63,1.35E-62
LOC120097818,4.563590967,1.46E-18,4.37E-18
LOC120097822,-1.52007706,3.55E-05,6.23E-05
LOC120097826,5.729775579,7.19E-66,6.04E-65
LOC120097828,2.273077232,0.001247772,0.001964142
LOC120097830,4.352116173,9.20E-32,3.87E-31
LOC120097832,-1.538840901,0.028145782,0.039048246
LOC120097833,-3.650593126,2.19E-14,5.76E-14
LOC120097836,3.734789391,1.66E-18,4.97E-18
LOC120097840,-2.131656218,4.33E-26,1.58E-25
LOC120097842,4.71299032,7.68E-26,2.79E-25
LOC120097844,-1.175987098,0.000114331,0.000194132
LOC120097850,-0.52643706,0.001025354,0.001625708
LOC120097859,6.040553237,7.42E-35,3.36E-34
LOC120097861,6.182689045,2.35E-45,1.34E-44
LOC120097863,4.420595395,7.77E-13,1.93E-12
LOC120097869,0.909860178,0.000727488,0.0011672
LOC120097871,4.37617306,1.57E-55,1.09E-54
Smim32,-0.544177419,0.036390595,0.049850869
LOC120097879,2.401286042,0.000247548,0.0004106
LOC120097880,1.810047227,6.21E-14,1.61E-13
LOC120097883,-2.06234384,2.68E-08,5.57E-08
LOC120097884,-1.124734875,0.000358379,0.00058784
LOC120097891,-1.364077364,9.02E-11,2.07E-10
LOC120097895,-1.665240907,0.01239793,0.017842116
LOC120097899,4.296972254,3.33E-13,8.39E-13
LOC120097926,-1.479925827,0.025721901,0.035856974
LOC120097928,1.141628861,4.17E-25,1.48E-24
LOC120097930,-1.975270533,0.000264809,0.00043837
LOC120097931,-0.84837077,2.28E-06,4.30E-06
LOC120097934,2.331176403,4.11E-06,7.64E-06
LOC120097935,-1.109565404,3.12E-26,1.15E-25
LOC120097938,-3.871819761,1.32E-19,4.06E-19
LOC120097941,8.199882339,3.84E-74,3.70E-73
LOC120097943,-1.407333601,1.90E-12,4.65E-12
LOC120097945,1.655278455,0.000586545,0.000947129
LOC120097948,2.2545478,0.001324995,0.00208127
LOC120097950,-1.91199583,0.000257042,0.000425894
LOC120097951,-4.339090509,9.00E-37,4.25E-36
LOC120097955,-1.879700741,4.04E-36,1.88E-35
LOC120097958,5.121042929,2.75E-30,1.11E-29
LOC120097964,-3.315979911,3.49E-15,9.45E-15
LOC120097978,5.524973274,5.57E-59,4.13E-58
LOC120098012,1.971402102,0.004849587,0.007259903
LOC120098041,-4.823395461,2.13E-37,1.02E-36
LOC120098042,-1.712399609,0.000161479,0.000271417
LOC120098066,1.290514541,0.023415314,0.032789863
LOC120098076,2.435741397,3.71E-07,7.29E-07
LOC120098079,3.116224453,3.96E-05,6.95E-05
LOC120098083,-2.392958057,1.14E-05,2.08E-05
LOC120098100,-1.817449532,5.69E-05,9.87E-05
LOC120098102,-2.527568756,3.26E-11,7.63E-11
LOC120098110,-2.704561473,5.00E-07,9.76E-07
LOC120098113,-5.03771841,1.24E-107,1.93E-106
LOC120098114,-3.727422007,6.26E-37,2.97E-36
LOC120098116,-2.052609866,1.23E-14,3.27E-14
LOC120098119,1.802554037,0.008217513,0.012023685
LOC120098120,-1.447441845,0.000646657,0.001041694
LOC120098122,-2.066189188,0.00851761,0.012441245
LOC120098127,-2.570427751,1.53E-07,3.07E-07
LOC120098128,5.40191395,2.88E-50,1.81E-49
LOC120098139,-0.553155912,1.59E-05,2.85E-05
LOC120098142,-0.61360979,0.009921726,0.014408932
LOC120098143,0.726945802,0.020491763,0.02886939
LOC120098148,4.995378575,5.54E-73,5.23E-72
LOC120098160,-2.204475773,1.69E-09,3.68E-09
LOC120098162,9.136253082,1.27E-192,4.88E-191
LOC120098163,5.242088116,2.45E-166,7.23E-165
LOC120098166,-2.211107835,2.63E-07,5.21E-07
LOC120098167,-3.892989022,8.48E-24,2.92E-23
LOC120098169,2.644502652,1.21E-16,3.43E-16
LOC120098176,-1.75522983,0.016275727,0.023173083
LOC120098177,-0.979792456,0.033595447,0.046227336
LOC120098180,4.635835307,9.42E-18,2.76E-17
LOC120098187,1.908667761,0.000243834,0.000404667
LOC120098188,-3.558492071,2.76E-21,8.87E-21
LOC120098189,0.85484173,1.73E-13,4.41E-13
LOC120098190,2.780032083,1.81E-19,5.57E-19
LOC120098195,-1.873479936,3.20E-08,6.63E-08
LOC120098197,-1.808397563,0.002890226,0.004416552
LOC120098209,-2.714459146,1.93E-08,4.02E-08
LOC120098212,-1.021286415,0.004803354,0.007192874
LOC120098218,-4.477674028,1.89E-31,7.85E-31
LOC120098219,-1.45237432,1.36E-29,5.41E-29
LOC120098222,1.649963013,0.00086423,0.001378815
LOC120098228,-2.017198008,4.94E-17,1.42E-16
LOC120098229,-1.203273917,0.035971272,0.049310695
LOC120098236,-1.60293335,0.039219196,0.05350522
LOC120098238,-0.521818771,0.020236795,0.028525127
LOC120098249,2.981681455,7.82E-06,1.43E-05
LOC120098256,-1.510212558,0.000395583,0.000646857
LOC120098258,-1.637003167,2.61E-05,4.63E-05
LOC120098259,0.532300057,0.000706718,0.001134985
LOC120098267,-2.709887682,6.17E-10,1.37E-09
LOC120098269,-0.333073571,0.000208097,0.00034713
LOC120098271,-1.278415081,5.27E-06,9.75E-06
LOC120098272,3.673882522,1.85E-14,4.88E-14
LOC120098275,2.848200305,1.35E-10,3.09E-10
LOC120098276,9.680101994,4.07E-153,1.05E-151
LOC120098278,-1.54777913,0.033739086,0.046416347
LOC120098282,0.885318136,6.28E-05,0.000108641
LOC120098285,-0.413534786,0.025240772,0.035222783
LOC120098286,-2.436467472,1.96E-06,3.71E-06
LOC120098288,-2.074256248,0.005104212,0.007621795
LOC120098292,-1.013776619,1.08E-06,2.06E-06
LOC120098293,0.558042096,0.040043755,0.054547125
LOC120098295,-0.842658301,0.042686026,0.057959583
LOC120098296,1.368727913,5.38E-12,1.30E-11
LOC120098297,2.603506004,1.23E-45,7.05E-45
LOC120098301,-3.659022176,1.49E-17,4.33E-17
LOC120098304,-3.298074057,7.53E-21,2.39E-20
LOC120098306,1.918644161,0.001773848,0.002759796
LOC120098307,2.544247786,2.39E-09,5.17E-09
LOC120098310,-2.235225053,0.003274856,0.00498243
Smim33,-2.012145634,0.000674919,0.001085566
LOC120098325,-1.362001203,2.07E-06,3.91E-06
LOC120098326,-2.051353477,7.32E-19,2.21E-18
LOC120098328,-1.586115686,5.21E-29,2.05E-28
LOC120098329,0.36127932,9.00E-05,0.000154019
LOC120098330,1.396499688,2.76E-15,7.49E-15
LOC120098331,-3.872777436,7.50E-28,2.87E-27
LOC120098334,-1.076608294,3.38E-07,6.65E-07
LOC120098338,-1.814832434,3.38E-07,6.66E-07
LOC120098339,2.685737193,4.48E-24,1.55E-23
LOC120098348,1.505459772,2.56E-08,5.32E-08
LOC120098351,1.430853861,2.05E-06,3.88E-06
LOC120098352,1.274420649,6.05E-05,0.000104811
LOC120098353,0.683824622,0.000134106,0.000226579
LOC120098354,-1.261676961,1.61E-05,2.90E-05
LOC120098358,-2.108051623,8.57E-10,1.89E-09
LOC120098359,-2.02943549,2.19E-06,4.12E-06
LOC120098372,2.762610531,0.007971976,0.011684069
LOC120098388,3.246469391,9.08E-09,1.92E-08
LOC120098390,0.775407619,0.015054559,0.021505266
LOC120098428,3.134857034,4.82E-06,8.93E-06
LOC120098448,-1.966386745,1.27E-21,4.14E-21
LOC120098456,5.31849587,7.03E-18,2.07E-17
LOC120098471,2.961535825,6.13E-05,0.000106169
LOC120098479,-1.170093547,0.003101646,0.00472571
LOC120098482,0.370293833,0.027943393,0.038778373
LOC120098485,3.29014858,3.95E-67,3.39E-66
LOC120098486,1.694265865,2.15E-24,7.50E-24
LOC120098488,2.792662841,1.96E-05,3.49E-05
LOC120098490,1.653878879,5.01E-06,9.28E-06
LOC120098491,-1.374673493,8.77E-07,1.69E-06
LOC120098498,1.357219872,1.66E-13,4.25E-13
LOC120098505,-1.32984713,0.000434693,0.000708616
LOC120098507,-2.855239737,3.13E-11,7.32E-11
LOC120098513,1.273336277,0.032775244,0.045149135
LOC120098517,0.939051045,1.36E-06,2.60E-06
LOC120098520,2.121899236,0.048440018,0.065346534
LOC120098521,2.04046163,1.31E-19,4.04E-19
LOC120098522,1.269961458,0.000705338,0.001132892
LOC120098524,1.930427093,1.60E-05,2.88E-05
LOC120098525,0.813665352,0.002484839,0.003817786
LOC120098529,-1.622097812,0.023485978,0.032881036
LOC120098538,-0.680560074,0.025899449,0.036094276
LOC120098539,-1.812911017,2.25E-06,4.25E-06
LOC120098540,0.993826196,0.011158224,0.016116829
LOC120098543,-0.987918483,2.86E-06,5.36E-06
LOC120098544,-2.350070161,6.60E-07,1.28E-06
LOC120098547,-2.638350853,2.86E-07,5.64E-07
LOC120098551,-2.870189712,2.56E-10,5.79E-10
LOC120098555,-1.24531459,0.000394754,0.000645607
LOC120098557,0.873231345,0.032112133,0.044274845
LOC120098558,4.425258203,2.01E-30,8.19E-30
LOC120098559,1.031830932,0.000607921,0.00098079
LOC120098560,-1.238083606,0.00286219,0.004375971
LOC120098561,-1.030293607,1.07E-10,2.46E-10
LOC120098564,-4.013803219,9.05E-75,8.83E-74
LOC120098566,0.81399532,0.04550497,0.061563957
LOC120098567,2.272593178,0.040154057,0.054687304
LOC120098570,2.165978687,1.12E-05,2.03E-05
LOC120098575,1.541275884,3.04E-05,5.37E-05
LOC120098576,-1.286203535,0.029308661,0.040570251
LOC120098587,-3.969351822,2.07E-25,7.44E-25
LOC120098588,-1.474213164,0.000644145,0.001037817
LOC120098589,-5.372070384,1.56E-57,1.12E-56
LOC120098590,-1.827289579,0.007500919,0.011018779
LOC120098592,-3.802621781,6.38E-25,2.26E-24
LOC120098594,-4.421686931,5.24E-36,2.44E-35
LOC120098595,8.386490142,1.23E-124,2.34E-123
LOC120098601,-3.182809628,7.99E-10,1.77E-09
LOC120098606,1.656799406,2.75E-16,7.68E-16
LOC120098611,-2.265593375,3.65E-31,1.51E-30
LOC120098612,-2.404286612,1.47E-25,5.30E-25
LOC120098614,-1.8675727,1.26E-07,2.54E-07
LOC120098615,-2.122426743,4.51E-07,8.83E-07
LOC120098619,0.462784043,0.001945059,0.003015229
LOC120098620,-1.300800321,1.11E-11,2.66E-11
LOC120098622,-1.001764341,0.003499348,0.005311411
LOC120098625,-2.025143214,0.002621903,0.004020649
LOC120098633,0.693555222,0.007519369,0.011043688
LOC120098636,2.235987704,7.49E-41,3.87E-40
LOC120098637,3.116789264,1.14E-16,3.23E-16
LOC120098638,7.751503166,1.46E-57,1.06E-56
LOC120098639,-0.837986555,1.78E-05,3.19E-05
LOC120098640,-1.229082378,0.000135453,0.000228776
LOC120098644,-1.065745555,0.002794154,0.004275265
LOC120098645,4.193513812,1.97E-14,5.19E-14
LOC120098646,-1.626501582,6.05E-07,1.18E-06
LOC120098652,-2.977723526,4.93E-28,1.89E-27
Reeld1,-1.19206956,0.000127368,0.00021554
LOC120098676,2.891670955,0.017815075,0.025264426
LOC120098677,0.878614281,2.02E-05,3.61E-05
LOC120098680,1.127501851,0.041023111,0.055798975
LOC120098684,4.839118841,1.15E-27,4.36E-27
LOC120098708,1.602260755,0.034291308,0.047127848
LOC120098750,1.708390233,1.14E-06,2.19E-06
Trnaa-agc,-0.503423341,0.034009623,0.046771137
LOC120098768,1.875229095,1.22E-16,3.45E-16
LOC120098770,-3.186439623,2.71E-41,1.41E-40
LOC120098772,4.08014457,3.20E-11,7.48E-11
LOC120098774,1.884075812,0.000334856,0.000550263
LOC120098775,-1.520260679,0.023320011,0.032664135
LOC120098780,5.040852623,2.79E-25,9.98E-25
LOC120098781,4.484989199,4.16E-30,1.68E-29
LOC120098782,3.514687186,4.61E-29,1.82E-28
LOC120098783,1.860781921,5.75E-08,1.17E-07
LOC120098784,-1.302911101,0.008021123,0.011751444
LOC120098788,6.144250487,5.86E-40,2.98E-39
LOC120098789,1.206679305,0.005126951,0.007653818
LOC120098800,-2.55531817,5.77E-11,1.34E-10
LOC120098801,4.168395058,8.15E-27,3.04E-26
LOC120098805,-2.234895392,5.77E-05,0.000100098
LOC120098810,3.044914575,0.000102771,0.000175138
LOC120098811,-1.813974738,1.19E-13,3.05E-13
LOC120098812,-2.811915391,1.20E-20,3.79E-20
LOC120098816,4.192345125,2.17E-24,7.57E-24
LOC120098822,-2.088351593,2.85E-12,6.94E-12
LOC120098826,1.084699476,0.000351192,0.000576339
LOC120098827,-2.019182046,2.03E-25,7.28E-25
LOC120098828,-2.22195321,3.14E-44,1.76E-43
LOC120098829,0.86929681,6.64E-05,0.000114716
LOC120098830,-1.516956676,2.13E-07,4.23E-07
LOC120098831,-1.577863259,1.51E-09,3.29E-09
LOC120098832,-0.788985434,2.65E-09,5.73E-09
LOC120098833,-1.236867945,3.74E-18,1.11E-17
LOC120098834,-0.859983353,0.000754311,0.00120899
LOC120098835,5.950463438,5.27E-35,2.40E-34
LOC120098841,1.681900773,0.001395531,0.00218951
LOC120098842,1.920384712,3.68E-19,1.12E-18
LOC120098843,0.959109375,0.000594314,0.00095957
LOC120098848,0.958134858,8.67E-05,0.000148674
LOC120098850,-0.703055897,9.18E-05,0.0001571
LOC120098851,1.340534566,2.86E-14,7.49E-14
LOC120098852,-4.8137818,4.21E-52,2.74E-51
LOC120098861,3.488102389,1.24E-14,3.30E-14
LOC120098864,-1.619863407,0.01047896,0.015173489
LOC120098866,-1.332511997,0.015767528,0.022480316
LOC120098867,-2.374585441,1.48E-09,3.23E-09
LOC120098869,-1.669827543,1.69E-10,3.85E-10
LOC120098873,-0.800028854,0.01971678,0.02783324
LOC120098874,-1.179717716,5.85E-08,1.19E-07
LOC120098875,-1.079840263,1.10E-10,2.53E-10
LOC120098879,-1.20542787,0.001766794,0.00274911
LOC120098880,4.471966852,3.43E-26,1.26E-25
LOC120098884,-3.740528168,1.99E-25,7.15E-25
LOC120098886,-3.291357036,7.14E-31,2.94E-30
LOC120098895,-0.386195418,0.000102446,0.000174624
LOC120098896,-0.932367086,6.64E-09,1.41E-08
LOC120098901,-2.170977996,4.17E-08,8.58E-08
LOC120098902,-2.980333047,6.64E-17,1.90E-16
LOC120098907,-2.264528115,7.13E-05,0.000122807
LOC120098915,1.222522749,3.02E-11,7.09E-11
LOC120098918,2.582649343,4.81E-76,4.79E-75
LOC120098919,-0.357759928,0.014344481,0.020533562
LOC120098921,5.939056905,1.33E-59,9.95E-59
LOC120098923,-0.78896453,0.001165786,0.001839098
LOC120098927,-0.707209181,9.02E-12,2.16E-11
LOC120098932,-1.324580562,1.55E-05,2.78E-05
LOC120098933,-1.144460894,0.027365237,0.038022411
LOC120098934,1.138622818,9.69E-16,2.67E-15
LOC120098935,-1.757004782,2.03E-09,4.41E-09
LOC120098936,1.07582782,6.83E-30,2.74E-29
LOC120098939,0.61638134,0.040588484,0.055243362
LOC120098940,3.180796896,2.22E-11,5.23E-11
LOC120098941,-4.074469625,7.52E-68,6.51E-67
LOC120098949,-2.582269596,3.00E-39,1.50E-38
LOC120098950,-2.260920985,1.38E-06,2.64E-06
LOC120098953,-1.21858968,5.92E-25,2.10E-24
LOC120098958,-2.090158001,2.67E-05,4.73E-05
LOC120098959,1.831879667,0.035524234,0.04873175
LOC120098961,-1.709700615,1.66E-20,5.22E-20
LOC120098963,-1.762017357,5.23E-15,1.40E-14
LOC120098965,3.168402062,2.92E-14,7.65E-14
LOC120098966,1.148536916,6.05E-08,1.23E-07
LOC120098969,-1.257233413,3.23E-08,6.67E-08
LOC120098970,3.750995932,2.62E-109,4.16E-108
LOC120098971,2.974349639,2.80E-43,1.53E-42
LOC120098975,-1.884097428,5.38E-11,1.25E-10
LOC120098976,2.359192992,3.23E-21,1.03E-20
LOC120098977,3.560327711,6.78E-07,1.31E-06
LOC120098978,-2.530105298,1.18E-40,6.08E-40
LOC120098979,3.204179307,5.64E-09,1.20E-08
LOC120098980,3.618630064,4.82E-11,1.12E-10
LOC120098982,-1.507463962,0.012423941,0.01787694
LOC120098984,2.017246453,0.034870438,0.047885951
LOC120098985,-1.200250897,6.57E-19,1.99E-18
LOC120098990,-0.793504586,0.000300534,0.000495431
LOC120098996,-1.234847682,0.000970306,0.001541153
LOC120099012,2.79615721,2.73E-30,1.11E-29
LOC120099014,-0.629291807,0.016003456,0.022802401
LOC120099037,2.853451011,0.003027862,0.004617809
LOC120099041,4.250847227,3.37E-05,5.92E-05
LOC120099045,-2.33396905,1.66E-06,3.14E-06
LOC120099053,-1.54279675,6.89E-06,1.27E-05
LOC120099056,0.835440064,0.029552739,0.040888982
LOC120099060,1.865778054,0.012774767,0.018359423
LOC120099061,0.929034706,7.64E-06,1.40E-05
LOC120099062,2.299653334,7.42E-06,1.36E-05
LOC120099071,1.188866017,9.96E-08,2.01E-07
LOC120099078,1.686454846,0.004322674,0.006503355
LOC120099099,-0.798563029,2.40E-07,4.75E-07
LOC120099103,-2.440778256,1.02E-08,2.16E-08
LOC120099107,1.536372759,1.28E-12,3.15E-12
LOC120099109,-0.850491083,0.038115287,0.052104924
LOC120099110,-1.257695583,7.76E-06,1.42E-05
LOC120099112,6.348521252,3.50E-28,1.35E-27
LOC120099113,2.926523345,2.43E-09,5.26E-09
LOC120099115,1.248145513,1.03E-12,2.54E-12
LOC120099116,-0.848478921,5.83E-08,1.19E-07
LOC120099118,2.850477202,1.07E-15,2.95E-15
LOC120099120,-1.832465341,6.26E-16,1.73E-15
LOC120099122,-3.25905676,7.66E-83,8.41E-82
LOC120099123,-3.106300221,2.37E-32,1.01E-31
LOC120099124,-0.616350211,0.002302999,0.003545215
LOC120099125,2.035926234,0.044372788,0.060106436
LOC120099129,3.009864146,2.48E-07,4.91E-07
LOC120099132,-1.474711769,3.49E-37,1.67E-36
LOC120099138,2.418728219,1.79E-06,3.39E-06
LOC120099142,-0.731536825,0.043969545,0.059595685
LOC120099156,-1.647790157,0.002840449,0.004344078
LOC120099163,7.245359393,5.56E-40,2.82E-39
LOC120099165,-0.390157886,0.049340602,0.066509881
LOC120099184,-3.846420564,1.16E-34,5.25E-34
LOC120099186,-2.301119369,2.17E-66,1.84E-65
LOC120099195,-2.236223587,1.04E-06,2.00E-06
LOC120099204,-1.981372791,0.002844148,0.00434951
LOC120099208,-1.181760299,4.98E-07,9.73E-07
LOC120099209,-0.301327776,6.82E-06,1.25E-05
LOC120099214,-2.113161629,0.002410952,0.00370696
LOC120099215,-1.678592957,0.005919015,0.008787922
LOC120099218,0.664590083,0.000390351,0.00063869
LOC120099222,4.190996482,3.27E-06,6.12E-06
LOC120099223,1.131177056,1.86E-42,9.99E-42
LOC120099224,-2.498040056,9.71E-36,4.48E-35
LOC120099229,-1.593444682,0.002120947,0.003276046
LOC120099234,-1.85060525,0.000615181,0.000992166
LOC120099235,0.89274681,1.81E-05,3.24E-05
LOC120099238,-6.426010251,1.84E-103,2.71E-102
LOC120099240,-2.39806813,7.33E-07,1.42E-06
LOC120099244,-1.014272478,1.20E-06,2.30E-06
LOC120099245,-2.912086018,3.13E-31,1.30E-30
LOC120099247,2.029908418,0.00278775,0.004265687
LOC120099251,-1.809273924,1.03E-18,3.10E-18
LOC120099257,2.3908426,2.73E-09,5.90E-09
LOC120099260,-1.81722658,1.99E-07,3.97E-07
LOC120099262,2.230464412,0.006170599,0.009145383
LOC120099266,3.191000389,2.69E-60,2.05E-59
LOC120099268,2.65791813,4.33E-11,1.01E-10
LOC120099276,0.641397451,0.003601041,0.00546044
LOC120099280,5.394330033,1.06E-35,4.89E-35
LOC120099281,-2.456099528,0.000800081,0.001279784
LOC120099284,5.602386124,3.59E-39,1.79E-38
Cdr1,-2.50216732,3.03E-08,6.28E-08
LOC120099308,-1.362378956,0.003938496,0.005950486
LOC120099320,5.661987318,1.68E-35,7.71E-35
LOC120099335,0.877161068,0.010351476,0.014996967
LOC120099344,4.162378096,1.16E-15,3.19E-15
LOC120099348,2.415327563,0.00231949,0.003569672
LOC120099352,3.14499019,5.75E-15,1.54E-14
LOC120099353,1.984484259,1.49E-06,2.83E-06
LOC120099354,3.269559804,2.14E-10,4.85E-10
LOC120099355,-1.048245021,0.005336781,0.007953019
LOC120099356,1.834234458,7.77E-06,1.42E-05
LOC120099364,1.184763395,4.73E-10,1.05E-09
LOC120099365,-2.299435811,4.26E-26,1.56E-25
LOC120099366,3.569731938,1.11E-21,3.62E-21
LOC120099368,2.059781746,0.0224473,0.031484967
LOC120099372,4.124692039,4.69E-116,8.10E-115
LOC120099377,-1.038624744,4.41E-09,9.44E-09
LOC120099378,-1.372692493,5.80E-08,1.18E-07
LOC120099381,4.872226163,1.19E-35,5.46E-35
LOC120099382,0.977383055,4.75E-18,1.41E-17
LOC120099387,-0.782153966,0.002289189,0.003525239
LOC120099411,1.548129719,0.00018906,0.000316337
LOC120099415,-1.392082181,0.049634857,0.066876058
LOC120099440,-2.072361146,0.000129658,0.000219302
LOC120099453,2.55020306,3.64E-05,6.39E-05
LOC120099454,0.663348592,4.35E-07,8.52E-07
LOC120099462,1.260517618,9.97E-05,0.000170042
LOC120099474,2.108201009,0.013985926,0.020030966
LOC120099525,-1.493413573,0.001264541,0.001989903
LOC120099530,3.24729046,4.32E-06,8.03E-06
LOC120099576,1.337502024,0.00063322,0.001020437
LOC120099620,-3.491151916,5.01E-15,1.35E-14
LOC120099623,1.741224337,0.000368884,0.000604535
LOC120099626,-2.0980566,0.003625017,0.005494543
LOC120099687,1.061495643,0.006589871,0.009734595
LOC120099692,-1.683637484,0.001216227,0.001915812
LOC120099695,1.715465111,1.63E-13,4.17E-13
LOC120099725,2.646201869,0.002220131,0.003422813
Znf8,-0.358073056,2.19E-08,4.55E-08
LOC120099769,-1.888620567,4.40E-05,7.68E-05
LOC120099773,-4.68230258,1.67E-15,4.55E-15
LOC120099776,-0.84213587,1.38E-08,2.91E-08
LOC120099777,-2.520660873,7.08E-06,1.30E-05
LOC120099778,4.513064935,1.43E-09,3.12E-09
LOC120099779,6.138957407,4.46E-32,1.89E-31
LOC120099780,-1.256438242,0.019421885,0.027433968
LOC120099781,-1.483194448,1.75E-19,5.39E-19
LOC120099782,-2.976723319,1.43E-50,9.02E-50
LOC120099784,4.644053515,1.11E-169,3.37E-168
LOC120099792,2.202804836,0.000390908,0.00063951
LOC120099793,-3.25514814,7.23E-18,2.13E-17
LOC120099794,-0.677355515,0.000218725,0.000364221
LOC120099798,-0.573662708,1.63E-05,2.92E-05
LOC120099799,-1.827692074,2.19E-18,6.54E-18
LOC120099800,5.08319322,5.35E-31,2.21E-30
LOC120099802,3.548640537,1.38E-45,7.91E-45
LOC120099803,-1.034958893,0.003998336,0.006034424
LOC120099804,1.617442679,3.13E-09,6.75E-09
LOC120099807,-1.305301459,0.041380099,0.056258679
LOC120099810,-2.229569965,1.86E-06,3.52E-06
LOC120099820,-1.637540596,0.000215109,0.000358402
LOC120099837,6.474894078,4.24E-71,3.90E-70
LOC120099840,-2.9481667,3.67E-11,8.57E-11
LOC120099841,7.814355082,6.85E-91,8.34E-90
LOC120099844,-3.311756582,2.06E-54,1.40E-53
LOC120099845,6.660827374,1.90E-49,1.18E-48
LOC120099850,-2.841298246,2.09E-06,3.95E-06
LOC120099853,2.698772843,1.50E-05,2.70E-05
LOC120099854,2.468859383,1.65E-26,6.09E-26
LOC120099855,1.219117464,0.005087076,0.007597357
LOC120099857,0.820923538,0.002277688,0.003508075
LOC120099865,0.693030548,1.23E-09,2.70E-09
LOC120099867,-2.780312035,8.13E-18,2.39E-17
LOC120099868,-1.236405249,0.012369541,0.017803858
LOC120099870,-2.065506541,1.13E-43,6.25E-43
LOC120099877,-0.697113592,1.38E-05,2.49E-05
LOC120099878,-2.460418997,1.89E-17,5.48E-17
LOC120099880,2.35637873,1.97E-47,1.18E-46
LOC120099883,-2.75305805,7.99E-49,4.90E-48
LOC120099884,-1.739966714,0.013086182,0.018791457
LOC120099887,-1.621963486,1.21E-07,2.43E-07
LOC120099888,1.696353916,0.003128234,0.004764992
LOC120099889,-3.217802889,7.56E-42,3.99E-41
LOC120099890,-3.16263037,2.07E-30,8.41E-30
LOC120099891,-0.870502077,0.010198511,0.014790805
LOC120099893,-1.117349855,0.000112294,0.000190859
LOC120099894,-1.710507587,1.22E-07,2.44E-07
LOC120099895,-0.543184602,3.81E-06,7.10E-06
Arhgef17,-2.245767722,9.48E-45,5.35E-44
LOC120099897,0.765754118,0.000496851,0.0008063
LOC120099898,2.421877232,0.00621468,0.009207948
LOC120099906,-4.01515148,1.14E-69,1.02E-68
LOC120099911,0.85655611,0.001210583,0.001907632
LOC120099912,-1.066489624,0.032077494,0.044231208
LOC120099913,-2.211268472,2.76E-12,6.73E-12
LOC120099916,2.899239819,1.65E-32,7.09E-32
LOC120099920,-0.671423029,7.04E-06,1.29E-05
LOC120099923,2.351202866,1.58E-12,3.88E-12
LOC120099926,2.705157577,8.24E-08,1.67E-07
LOC120099927,7.516572077,1.03E-121,1.91E-120
LOC120099928,1.517071723,1.03E-12,2.55E-12
LOC120099929,1.931747034,0.002204447,0.003399696
LOC120099930,-7.105845239,1.26E-153,3.27E-152
LOC120099932,1.036099148,6.25E-16,1.73E-15
LOC120099934,-0.770214642,0.002455633,0.003773893
LOC120099938,3.021358355,3.58E-51,2.29E-50
LOC120099939,2.924513459,4.72E-13,1.18E-12
LOC120099940,2.722812084,2.35E-06,4.42E-06
LOC120099941,-1.93004299,0.002226597,0.003432424
LOC120099944,-1.547236138,1.96E-06,3.71E-06
LOC120099947,3.882142381,8.44E-59,6.24E-58
LOC120099948,-1.618204865,0.000188261,0.000315053
LOC120099953,-4.988067586,3.38E-82,3.67E-81
LOC120099955,4.555898234,8.28E-13,2.06E-12
LOC120099958,-3.519107691,2.11E-11,4.97E-11
LOC120099960,-3.136104691,1.91E-48,1.16E-47
LOC120099961,-1.36268287,1.12E-15,3.08E-15
LOC120099967,-1.532940675,1.96E-26,7.25E-26
LOC120099973,-0.58099344,0.032030411,0.044170404
LOC120099978,-0.827755078,8.36E-07,1.61E-06
LOC120099979,-1.700458641,1.23E-05,2.23E-05
LOC120099981,1.704961638,9.46E-14,2.44E-13
LOC120099982,-2.951684922,1.71E-09,3.73E-09
LOC120099984,1.681164506,2.16E-10,4.90E-10
LOC120099986,-2.131206354,0.000163156,0.000274126
LOC120099987,-3.857417678,2.58E-26,9.49E-26
LOC120099988,2.667282437,2.85E-25,1.02E-24
LOC120099990,-1.669515145,4.28E-08,8.79E-08
LOC120099991,2.118117888,0.004235576,0.006377832
LOC120099992,-0.896388312,0.014943195,0.021355464
LOC120099993,0.491506697,0.040537115,0.055178523
LOC120099996,0.852464626,0.000418778,0.000683501
LOC120099998,2.482929401,3.92E-15,1.06E-14
LOC120100000,-0.69828802,0.008433041,0.012323195
LOC120100001,2.650439131,3.71E-38,1.81E-37
LOC120100002,-1.345269923,9.03E-09,1.91E-08
LOC120100003,-1.350798212,0.000514913,0.000834329
LOC120100005,3.53363579,8.63E-17,2.46E-16
LOC120100006,-4.975798673,1.39E-38,6.84E-38
LOC120100007,-2.283001177,8.32E-05,0.000142795
LOC120100012,-1.834435471,0.003621817,0.005489975
LOC120100014,-1.758035036,4.46E-30,1.80E-29
LOC120100015,2.128441862,3.65E-11,8.52E-11
LOC120100018,1.672512444,1.32E-06,2.53E-06
LOC120100019,2.28025185,3.11E-07,6.14E-07
LOC120100022,3.960181167,1.64E-27,6.23E-27
LOC120100024,-3.884029476,1.95E-91,2.40E-90
LOC120100025,-1.259941012,0.00025252,0.000418589
LOC120100035,1.560762192,3.58E-10,8.03E-10
LOC120100036,4.237588113,3.84E-14,1.00E-13
LOC120100038,2.826087643,6.40E-22,2.10E-21
LOC120100041,-2.581569273,2.42E-14,6.35E-14
LOC120100042,5.864323535,6.49E-07,1.26E-06
LOC120100043,-1.194869145,5.33E-14,1.38E-13
LOC120100045,0.851217867,0.000497219,0.000806852
C1H10orf95,-1.196403701,1.52E-08,3.19E-08
LOC120100048,-0.803285094,1.06E-09,2.33E-09
LOC120100049,1.842132053,8.75E-08,1.77E-07
LOC120100050,4.710449301,6.65E-23,2.24E-22
LOC120100055,-0.764703322,0.000502695,0.000815024
LOC120100056,-1.383127782,0.007408934,0.010891226
LOC120100058,1.800201161,5.40E-12,1.30E-11
LOC120100061,-2.614142624,1.94E-25,6.98E-25
LOC120100064,-1.890714656,0.001472298,0.002305428
LOC120100065,1.705739216,8.08E-15,2.16E-14
LOC120100066,-4.375513792,2.05E-41,1.07E-40
LOC120100068,-3.055239231,1.86E-11,4.40E-11
LOC120100079,-1.434484138,1.42E-06,2.70E-06
LOC120100083,2.272236534,0.000447691,0.000729162
LOC120100086,-1.896480652,2.25E-15,6.13E-15
LOC120100087,-1.536703211,2.64E-10,5.97E-10
LOC120100089,-1.700844225,9.49E-07,1.82E-06
LOC120100090,-1.942410891,4.12E-13,1.03E-12
LOC120100091,-1.275953554,0.013704057,0.019637724
LOC120100094,-4.684325638,1.17E-35,5.38E-35
LOC120100095,-1.986738324,4.40E-06,8.17E-06
LOC120100097,1.502196224,0.000476611,0.000774601
LOC120100103,-1.169738482,0.000466894,0.000759602
LOC120100106,-3.445366825,2.20E-79,2.30E-78
LOC120100113,4.431484619,6.03E-18,1.78E-17
LOC120100120,0.90533056,0.005880265,0.008731704
LOC120100137,2.191198862,0.000118398,0.000200889
LOC120100140,6.8177404,1.54E-30,6.29E-30
LOC120100150,-1.288387007,0.0026215,0.004020241
LOC120100176,2.847072557,2.35E-07,4.67E-07
LOC120100182,-0.641445521,0.000152478,0.000256667
LOC120100224,-1.187907976,8.49E-06,1.55E-05
LOC120100225,0.642129141,0.005061375,0.007559737
LOC120100226,0.73590984,0.012801169,0.018396473
LOC120100227,1.121795684,6.42E-07,1.25E-06
LOC120100228,1.692508484,8.95E-20,2.77E-19
LOC120100229,1.546225021,2.52E-07,4.99E-07
LOC120100230,2.50478241,3.05E-08,6.32E-08
LOC120100231,1.47758656,1.29E-12,3.18E-12
LOC120100232,1.59735137,8.51E-14,2.20E-13
LOC120100233,1.195701639,6.82E-16,1.88E-15
LOC120100322,-1.27331137,0.037541376,0.051353589
LOC120100338,0.833230102,0.00641567,0.009488162
LOC120100339,0.844101738,2.33E-05,4.15E-05
LOC120100344,1.608727243,5.29E-16,1.47E-15
LOC120100346,3.427455708,3.28E-82,3.56E-81
LOC120100347,0.55021301,0.001403466,0.002201608
LOC120100348,1.020820337,0.000705461,0.001133026
LOC120100352,0.783213259,3.97E-06,7.39E-06
LOC120100353,0.639750938,0.000662346,0.001066096
LOC120100363,1.803257531,0.000342246,0.000562125
LOC120100365,2.216047451,1.63E-05,2.94E-05
LOC120100379,2.679059826,0.000122314,0.000207307
LOC120100391,2.365829247,5.57E-06,1.03E-05
LOC120100393,1.613123357,3.25E-17,9.38E-17
LOC120100405,3.99689593,1.21E-13,3.12E-13
LOC120100407,2.037159768,0.007859437,0.011525407
LOC120100409,-2.402738692,6.46E-34,2.86E-33
LOC120100461,0.962197581,6.34E-07,1.23E-06
LOC120100467,-0.425118974,0.006420083,0.009493264
LOC120100472,-1.098658673,5.20E-08,1.06E-07
LOC120100476,1.847289302,2.20E-10,4.98E-10
LOC120100477,-1.807845527,0.000506517,0.000821085
LOC120100488,0.506440543,0.013495324,0.01934986
LOC120100492,1.963946127,0.013202418,0.01895101
Trnap-cgg,2.150262123,2.12E-05,3.78E-05
Trnas-aga,-1.498945149,0.047247568,0.063810639
LOC120100542,1.298274025,1.14E-36,5.38E-36
LOC120100551,4.040299192,3.55E-12,8.62E-12
LOC120100581,1.327125946,0.019449238,0.027469983
LOC120100587,-3.672459082,6.33E-18,1.86E-17
LOC120100590,-3.878115181,8.76E-05,0.000150077
LOC120100592,-2.187019097,2.18E-09,4.74E-09
LOC120100615,-1.744400459,0.003636212,0.005510665
LOC120100630,2.341655802,0.019553797,0.02761107
LOC120100636,1.193843901,0.020930811,0.029447266
LOC120100640,0.570569363,0.001736784,0.002704283
LOC120100647,0.891699807,4.35E-08,8.94E-08
LOC120100648,1.112037636,6.10E-13,1.52E-12
LOC120100650,3.272039512,4.63E-26,1.69E-25
LOC120100653,1.239642515,0.03553258,0.048740939
LOC120100660,-2.786530907,1.51E-49,9.36E-49
LOC120100663,7.306927457,2.34E-117,4.10E-116
LOC120100664,1.515708933,0.00101212,0.001605757
LOC120100665,-2.311723123,4.91E-11,1.14E-10
LOC120100667,2.736655594,1.17E-05,2.12E-05
LOC120100672,1.522634084,5.90E-08,1.20E-07
Gcnt4,0.877590877,8.00E-08,1.62E-07
LOC120100679,-1.232200163,1.21E-07,2.44E-07
LOC120100680,-2.345520213,6.15E-06,1.13E-05
LOC120100685,3.991213517,4.51E-12,1.09E-11
LOC120100687,-1.084687207,1.17E-41,6.18E-41
LOC120100690,5.852812285,1.13E-53,7.59E-53
LOC120100692,-1.775192357,0.000100334,0.000171151
LOC120100693,-3.194371388,1.03E-19,3.18E-19
LOC120100694,4.086251125,8.28E-32,3.48E-31
LOC120100695,-0.513072002,0.001083378,0.00171403
Lrrc70,1.332615687,2.86E-22,9.48E-22
LOC120100698,-2.534561359,3.64E-09,7.83E-09
LOC120100699,-1.821271486,2.84E-16,7.93E-16
LOC120100701,1.76743039,0.000364214,0.000597046
LOC120100702,-1.322793638,0.000935742,0.001488173
LOC120100708,-1.424031293,0.008477696,0.012386002
LOC120100709,-1.239441556,0.013776966,0.019738377
LOC120100710,-0.990556652,0.025406513,0.035437354
LOC120100712,-1.266217546,1.14E-05,2.07E-05
LOC120100713,7.561652036,7.52E-76,7.46E-75
LOC120100714,6.408920814,2.51E-48,1.53E-47
LOC120100715,8.23807639,2.60E-74,2.52E-73
LOC120100717,-2.730442986,1.01E-26,3.77E-26
LOC120100722,1.595355847,7.72E-12,1.85E-11
LOC120100723,1.085674615,0.010237717,0.014844515
LOC120100725,0.850818412,9.33E-05,0.000159495
LOC120100727,1.332514879,0.000272154,0.000450201
LOC120100733,1.768074949,0.000109761,0.000186651
LOC120100734,1.049873034,0.00789463,0.011575295
LOC120100735,-0.460751613,0.00527718,0.007869749
LOC120100736,1.049700696,0.004708313,0.007056983
LOC120100737,-1.242747675,0.002511041,0.003856642
LOC120100740,-1.930555285,0.000429249,0.000699895
LOC120100741,-2.604532945,1.62E-14,4.28E-14
LOC120100749,2.071228808,0.016589245,0.023600684
LOC120100751,-1.533456669,0.032878341,0.045280612
LOC120100754,1.504398799,0.020321579,0.028639177
LOC120100755,4.001610777,7.14E-24,2.46E-23
LOC120100757,2.050541907,1.41E-42,7.59E-42
LOC120100762,-0.717888826,0.00051852,0.00083999
LOC120100763,5.610100418,9.94E-66,8.34E-65
LOC120100768,0.74625072,0.042969259,0.058320069
LOC120100773,-2.960628665,2.39E-23,8.13E-23
LOC120100779,-0.956750759,0.001197182,0.001887119
LOC120100780,-0.624538479,0.000705114,0.001132592
LOC120100781,2.935413513,3.94E-05,6.91E-05
LOC120100784,-0.385306704,0.007771626,0.011400029
LOC120100786,3.231446988,2.42E-09,5.24E-09
LOC120100788,-1.575542263,8.23E-12,1.97E-11
LOC120100790,-1.117644819,0.007735424,0.01134805
LOC120100792,-1.589479897,0.000121325,0.000205677
LOC120100794,7.096310942,3.32E-62,2.61E-61
LOC120100797,-2.041850778,9.90E-05,0.000168968
LOC120100803,-4.270864288,5.45E-31,2.25E-30
LOC120100805,-0.932321538,1.56E-06,2.96E-06
LOC120100808,-3.345684948,1.69E-21,5.47E-21
LOC120100809,6.486205702,6.12E-92,7.63E-91
LOC120100810,5.544091883,1.92E-34,8.62E-34
LOC120100812,-1.97637359,0.016648968,0.023683372
LOC120100817,-1.153084794,0.000540755,0.000875196
LOC120100819,1.800625087,2.95E-07,5.82E-07
LOC120100822,-1.730714784,0.004053661,0.006113245
LOC120100823,-2.361306541,2.57E-05,4.57E-05
LOC120100826,-3.962306933,4.67E-24,1.62E-23
LOC120100830,-1.918744285,2.46E-11,5.79E-11
LOC120100831,-0.367427745,0.049252587,0.06639729
LOC120100833,-1.292081647,3.36E-10,7.54E-10
LOC120100842,3.528150302,1.30E-12,3.21E-12
LOC120100847,-3.10773016,8.59E-15,2.29E-14
LOC120100852,-0.560895501,2.41E-05,4.28E-05
LOC120100856,-1.57045865,8.42E-13,2.09E-12
LOC120100857,2.822461446,4.80E-09,1.03E-08
LOC120100858,5.151258955,5.40E-97,7.23E-96
LOC120100860,1.674596796,0.000157229,0.000264453
LOC120100862,-1.312080385,1.11E-12,2.73E-12
LOC120100863,-1.762958031,7.45E-09,1.58E-08
LOC120100864,-1.679188168,0.000369463,0.000605417
LOC120100865,-2.050319643,2.04E-06,3.85E-06
LOC120100866,-1.168019772,0.023963295,0.033514401
LOC120100867,8.507836816,7.09E-81,7.54E-80
LOC120100871,-2.352937323,8.78E-09,1.86E-08
LOC120100872,-1.217178182,0.04231813,0.057486434
LOC120100873,0.373287664,0.003963512,0.005985888
LOC120100874,1.382183539,6.21E-09,1.32E-08
LOC120100875,-0.667103346,3.27E-05,5.75E-05
LOC120100876,-0.615659577,0.000372918,0.000610943
LOC120100877,-1.495446221,3.00E-07,5.93E-07
LOC120100878,-1.632887798,3.72E-11,8.69E-11
LOC120100881,1.041544353,2.65E-06,4.98E-06
LOC120100886,-1.13244278,3.30E-13,8.34E-13
LOC120100887,-1.522776796,2.04E-21,6.60E-21
LOC120100889,-3.647493955,4.36E-19,1.32E-18
LOC120100890,3.986170106,1.65E-48,1.01E-47
LOC120100891,-2.861607871,9.88E-10,2.18E-09
LOC120100892,-2.104373322,8.80E-05,0.000150742
LOC120100898,-0.860934044,0.001169486,0.001844739
LOC120100902,5.153860346,4.13E-97,5.54E-96
LOC120100903,0.497264909,0.000894224,0.001425068
LOC120100907,-4.586118473,4.19E-58,3.05E-57
LOC120100912,6.664597888,2.51E-80,2.65E-79
LOC120100915,-0.604241325,0.004550146,0.006832031
LOC120100916,1.295854967,3.19E-06,5.97E-06
LOC120100917,4.948872255,2.11E-21,6.79E-21
LOC120100918,-2.857497902,1.73E-69,1.55E-68
LOC120100921,3.336173475,0.00225279,0.003471355
LOC120100924,-2.61763769,3.54E-06,6.61E-06
LOC120100927,3.175619418,0.001790095,0.002783756
LOC120100935,-0.517835668,0.022774684,0.031918435
LOC120100937,-6.355657255,3.82E-71,3.51E-70
LOC120100938,-3.063008676,8.80E-27,3.27E-26
LOC120100942,-2.092078106,1.61E-08,3.37E-08
LOC120100946,0.538329041,0.010369941,0.015022248
LOC120100947,-1.540269087,0.001027405,0.001628436
LOC120100950,1.836644181,1.22E-09,2.68E-09
LOC120100951,2.841575103,3.79E-54,2.56E-53
LOC120100952,1.131033095,3.18E-06,5.95E-06
LOC120100954,1.376622715,0.044270414,0.059976
LOC120100955,-0.935985321,1.55E-05,2.79E-05
LOC120100957,-3.238187604,5.83E-13,1.46E-12
LOC120100961,2.381834228,0.000171664,0.000288011
LOC120100962,0.734640468,0.00018778,0.000314284
LOC120100963,-1.846683354,1.92E-11,4.53E-11
LOC120100965,-0.81160663,0.003492725,0.005302447
LOC120100966,2.765282424,1.41E-05,2.54E-05
LOC120100972,-1.142097478,0.001991924,0.003083677
LOC120100976,1.75077528,0.024754478,0.034570264
LOC120100977,-3.191410808,8.92E-16,2.46E-15
LOC120100978,4.670209411,1.06E-15,2.91E-15
LOC120101003,-1.463258779,0.000247166,0.000410035
LOC120101011,-1.75776205,0.006366879,0.009418359
LOC120101027,-4.907840041,2.79E-31,1.16E-30
LOC120101048,-3.239783743,2.20E-50,1.39E-49
LOC120101049,1.532186399,6.53E-05,0.000112895
LOC120101053,-2.148048491,2.31E-07,4.59E-07
LOC120101060,-1.718087272,0.000811201,0.0012968
LOC120101061,-2.34803279,1.73E-21,5.61E-21
LOC120101062,-1.657000143,6.68E-13,1.67E-12
LOC120101069,-1.379340918,0.00028821,0.000475698
LOC120101070,-3.674158249,3.21E-30,1.30E-29
Shld3,1.235437965,4.06E-31,1.68E-30
LOC120101091,-1.173236159,1.34E-16,3.79E-16
LOC120101095,2.325731752,1.35E-05,2.45E-05
LOC120101096,-3.198397271,3.93E-15,1.06E-14
LOC120101099,3.583210961,3.39E-21,1.09E-20
LOC120101101,-2.294159843,7.15E-12,1.72E-11
LOC120101103,-1.955031713,4.43E-05,7.73E-05
LOC120101111,-4.897232572,1.20E-43,6.62E-43
LOC120101126,-1.595601766,6.46E-08,1.31E-07
LOC120101131,-2.507656475,2.51E-08,5.21E-08
LOC120101134,5.537185828,1.92E-24,6.73E-24
LOC120101153,-1.630910288,0.00994758,0.014442933
LOC120101177,0.803661397,0.02527817,0.03526998
LOC120101179,-1.135056405,5.01E-05,8.72E-05
LOC120101212,-2.432747461,1.14E-05,2.06E-05
LOC120101224,1.214359374,0.000149709,0.000252205
LOC120101229,1.917098784,0.026850437,0.037338692
LOC120101233,1.53391312,5.43E-09,1.16E-08
LOC120101234,0.435167385,0.001058574,0.001676401
LOC120101235,0.949739502,8.78E-07,1.69E-06
LOC120101240,0.481453764,0.011968779,0.017248008
LOC120101255,1.967323651,1.07E-07,2.15E-07
LOC120101260,0.941422718,0.000983181,0.001561101
LOC120101327,5.062781221,1.73E-20,5.46E-20
LOC120101355,1.926697561,0.000775909,0.001241992
LOC120101363,0.856410791,1.76E-08,3.68E-08
LOC120101370,-2.900856291,3.58E-34,1.60E-33
LOC120101374,2.937690044,6.57E-45,3.72E-44
LOC120101430,2.351672145,0.018295322,0.02591195
LOC120101446,4.325786868,4.23E-11,9.86E-11
LOC120101453,-2.019696725,9.19E-05,0.000157246
LOC120101460,1.381588352,3.03E-06,5.67E-06
LOC120101471,1.519957129,0.001964143,0.003043218
LOC120101482,-1.941722926,0.001967873,0.003048678
LOC120101485,-1.74951926,3.76E-09,8.08E-09
LOC120101486,0.986038517,5.34E-05,9.29E-05
LOC120101490,2.140539191,0.006686487,0.009869925
LOC120101492,-0.883151571,2.43E-05,4.31E-05
LOC120101503,-2.375863404,7.29E-05,0.000125529
LOC120101509,7.868770668,1.69E-97,2.28E-96
LOC120101511,1.237346557,6.62E-13,1.65E-12
LOC120101512,3.751642435,8.27E-30,3.31E-29
LOC120101513,-2.755393476,8.39E-29,3.27E-28
LOC120101514,1.501326637,0.001960767,0.003038305
LOC120101515,-1.488740076,0.001255164,0.001975462
LOC120101516,-1.729896662,1.67E-12,4.10E-12
LOC120101517,-2.448860518,0.003546931,0.005381976
LOC120101518,-2.036250157,2.15E-32,9.20E-32
LOC120101520,0.512158666,0.019564221,0.027623152
LOC120101523,-1.208548089,7.84E-08,1.59E-07
LOC120101524,4.689885278,1.89E-24,6.62E-24
LOC120101525,-0.860558512,0.020685802,0.029128886
LOC120101527,0.896271827,5.34E-18,1.58E-17
LOC120101528,0.823439128,0.025325787,0.035331419
LOC120101529,1.750605568,7.20E-13,1.79E-12
LOC120101530,5.189821223,2.44E-213,1.09E-211
LOC120101531,7.543656736,2.06E-75,2.03E-74
LOC120101532,3.779690863,1.72E-26,6.37E-26
LOC120101535,-5.585202983,3.33E-63,2.68E-62
LOC120101536,2.19786758,1.20E-06,2.29E-06
LOC120101537,1.636189626,1.60E-06,3.05E-06
LOC120101538,7.313074964,2.38E-72,2.23E-71
LOC120101544,0.771243543,1.62E-05,2.91E-05
LOC120101545,-1.399727364,8.90E-05,0.000152408
LOC120101550,-0.914204188,0.023484332,0.032880287
LOC120101554,3.58423445,5.41E-13,1.35E-12
LOC120101558,-1.434697443,0.004394878,0.00660896
LOC120101559,2.23091245,0.02391876,0.033455278
LOC120101562,0.602503965,5.35E-11,1.24E-10
LOC120101563,4.524264898,9.27E-43,5.00E-42
LOC120101564,-1.218778218,0.005554064,0.008264747
LOC120101566,3.138910811,0.001536613,0.002402831
LOC120101571,0.447592648,0.037222602,0.050936374
LOC120101572,-1.835842185,9.19E-07,1.77E-06
LOC120101573,-3.788475028,2.66E-27,1.00E-26
LOC120101574,-2.018076079,0.000171863,0.000288328
LOC120101575,-2.429320341,1.19E-07,2.39E-07
LOC120101577,-4.804653171,3.28E-29,1.29E-28
LOC120101581,1.068755912,0.004418582,0.006644268
LOC120101585,2.217219622,1.16E-11,2.78E-11
LOC120101591,1.036802489,2.60E-06,4.89E-06
LOC120101592,-1.006153687,0.002493011,0.003829547
LOC120101598,-1.67941448,2.58E-11,6.06E-11
LOC120101599,0.393618391,0.030768349,0.042497355
LOC120101602,-1.566755591,6.60E-12,1.59E-11
LOC120101609,-2.605083184,7.52E-33,3.25E-32
LOC120101610,-3.21530002,3.69E-16,1.03E-15
LOC120101612,2.122532823,1.43E-12,3.52E-12
LOC120101614,-1.834873828,4.91E-17,1.41E-16
LOC120101615,5.090252285,7.56E-63,6.05E-62
LOC120101616,1.280495265,4.74E-22,1.56E-21
LOC120101618,0.348507654,0.036505645,0.049999213
LOC120101621,2.382846163,0.034310851,0.047152516
LOC120101623,1.188267305,0.000452398,0.000736585
LOC120101624,1.184201556,1.50E-14,3.96E-14
LOC120101631,-5.823061873,1.63E-59,1.22E-58
LOC120101634,2.861164718,9.54E-10,2.10E-09
LOC120101636,-3.414669589,1.66E-18,4.98E-18
LOC120101639,4.839243743,2.24E-62,1.78E-61
LOC120101640,-0.819811821,5.34E-20,1.66E-19
LOC120101641,-0.57826528,0.000294057,0.000484915
LOC120101642,3.508278145,9.95E-13,2.46E-12
LOC120101643,1.062275006,0.000322782,0.00053113
LOC120101644,2.501780035,1.01E-25,3.65E-25
LOC120101645,3.381764478,2.62E-29,1.04E-28
LOC120101646,0.650065469,0.040541876,0.055182464
LOC120101652,0.585959844,0.037619205,0.051450537
LOC120101654,2.130731547,6.09E-48,3.67E-47
LOC120101657,2.937099217,5.14E-35,2.33E-34
LOC120101658,-1.367539717,0.004823052,0.00722091
LOC120101661,1.966481652,0.020857434,0.029352463
LOC120101663,-3.77106245,2.60E-54,1.77E-53
LOC120101664,-1.030386379,3.35E-37,1.60E-36
LOC120101665,-5.042603039,1.82E-51,1.17E-50
LOC120101667,-1.025527977,0.017474595,0.024805356
LOC120101669,-0.426077828,0.00471327,0.007063339
LOC120101671,1.978143637,1.27E-05,2.30E-05
LOC120101674,-2.342201968,0.000170632,0.000286362
LOC120101677,-1.383322987,1.51E-06,2.87E-06
LOC120101678,-7.169756606,1.24E-169,3.75E-168
LOC120101680,-2.472388834,1.03E-22,3.47E-22
LOC120101685,-4.237534269,1.56E-45,8.93E-45
LOC120101698,-3.720857211,3.34E-17,9.64E-17
LOC120101699,-2.906852197,1.41E-11,3.34E-11
LOC120101704,-2.48821578,4.47E-14,1.17E-13
Slc2a4rg,1.110924877,2.14E-10,4.85E-10
LOC120101717,-1.80876373,6.85E-11,1.58E-10
LOC120101723,2.219085791,0.0036786,0.005572335
LOC120101738,-1.691990078,0.014445168,0.02067169
LOC120101739,-2.09224937,9.79E-05,0.000167115
LOC120101750,3.536653061,1.18E-10,2.70E-10
LOC120101751,3.043965502,4.91E-18,1.45E-17
LOC120101752,8.425955506,1.39E-142,3.22E-141
LOC120101753,-4.43197083,3.47E-35,1.59E-34
LOC120101754,2.726756952,2.22E-12,5.44E-12
LOC120101755,-3.541038964,1.45E-27,5.51E-27
LOC120101756,4.771522214,1.09E-51,7.03E-51
LOC120101757,-0.652007762,9.95E-07,1.91E-06
LOC120101761,-1.621023909,9.49E-09,2.01E-08
LOC120101764,-0.589349762,8.48E-22,2.77E-21
LOC120101766,-1.79906111,0.032078989,0.044231208
LOC120101770,0.647502957,0.004357724,0.006554422
LOC120101776,2.659227338,3.73E-12,9.04E-12
LOC120101783,2.731697912,3.08E-09,6.65E-09
LOC120101786,5.613715342,3.27E-27,1.23E-26
LOC120101787,0.96712816,0.000109146,0.000185691
LOC120101789,-1.548367421,5.02E-07,9.80E-07
LOC120101790,-2.878822482,5.02E-44,2.80E-43
LOC120101791,-0.615608309,0.009859533,0.014323532
LOC120101794,5.807572595,6.32E-38,3.07E-37
LOC120101800,-1.821247695,2.77E-06,5.20E-06
LOC120101801,-2.016611027,1.42E-07,2.84E-07
LOC120101802,-2.903149925,2.14E-10,4.84E-10
LOC120101804,0.628008275,1.48E-06,2.82E-06
LOC120101815,9.550630102,1.44E-153,3.74E-152
LOC120101817,2.670545785,0.043206568,0.058621304
LOC120101819,-2.002829119,3.21E-32,1.37E-31
LOC120101820,0.300746689,0.011132462,0.016081189
LOC120101825,-2.41558243,8.42E-06,1.54E-05
LOC120101826,-2.481811477,6.79E-06,1.25E-05
LOC120101828,5.489783073,9.96E-66,8.35E-65
LOC120101833,-0.534093048,0.014717211,0.021045725
LOC120101834,-1.399366404,0.047573512,0.06422739
LOC120101835,-1.639178704,1.23E-13,3.16E-13
LOC120101836,-0.695303438,0.001965895,0.003045773
LOC120101837,-3.662535307,1.76E-16,4.96E-16
LOC120101840,-2.887632487,7.10E-11,1.64E-10
LOC120101841,-2.245878087,5.45E-05,9.47E-05
LOC120101848,-3.131121618,1.47E-09,3.21E-09
LOC120101849,-5.603180971,3.29E-69,2.92E-68
LOC120101859,2.681857968,0.000390799,0.000639387
LOC120101866,-1.561212746,0.044125545,0.059793428
LOC120101872,-1.57970067,0.001306994,0.002053759
LOC120101875,-3.201845142,1.16E-09,2.55E-09
LOC120101877,-3.81695766,2.16E-20,6.78E-20
LOC120101878,-5.386504765,5.56E-49,3.42E-48
LOC120101881,3.370757257,8.31E-11,1.91E-10
LOC120101883,-4.402036469,3.11E-25,1.11E-24
LOC120101889,1.120906358,1.18E-135,2.55E-134
LOC120101891,-2.408685682,4.98E-22,1.64E-21
LOC120101892,-2.250332274,5.48E-19,1.66E-18
LOC120101900,1.043164157,0.003781433,0.005720783
LOC120101902,1.583416667,0.000500098,0.000811213
LOC120101905,1.912774515,0.001479972,0.002316832
LOC120101907,1.632908447,2.41E-13,6.12E-13
LOC120101909,-2.505771322,1.45E-65,1.21E-64
LOC120101910,5.428346998,3.89E-51,2.49E-50
LOC120101911,0.88665357,0.017843221,0.025303127
LOC120101912,1.552116501,0.0001492,0.000251378
LOC120101914,2.14294064,1.11E-16,3.15E-16
LOC120101917,-1.194048381,5.07E-13,1.27E-12
LOC120101922,1.684837469,0.012305905,0.01771485
LOC120101925,-2.059406137,0.002157714,0.003331098
LOC120101928,3.102833149,9.42E-15,2.51E-14
LOC120101929,-5.084515225,3.39E-188,1.25E-186
LOC120101930,-2.091401195,1.23E-12,3.04E-12
LOC120101931,2.464063647,0.001127382,0.001781173
LOC120101946,-1.232840871,5.32E-07,1.04E-06
LOC120101956,-1.062364008,0.003022295,0.004609556
LOC120101957,5.112147133,1.31E-37,6.31E-37
LOC120101976,-2.334000022,3.05E-05,5.38E-05
LOC120101983,1.219111268,0.001008874,0.001600733
LOC120101987,1.486524534,0.001876472,0.00291272
LOC120101998,0.51183079,0.022628732,0.031724406
LOC120102002,-1.27406678,0.00011156,0.000189656
LOC120102005,1.813393582,0.029100225,0.040300583
LOC120102006,0.581754205,0.029089473,0.040287578
LOC120102007,0.688852089,8.34E-05,0.00014301
LOC120102021,1.390062145,6.93E-05,0.000119569
LOC120102039,-0.778791244,8.74E-06,1.59E-05
LOC120102051,-6.32057097,1.23E-72,1.15E-71
LOC120102057,-1.425964667,4.24E-08,8.72E-08
LOC120102082,1.378901184,4.99E-08,1.02E-07
LOC120102085,1.900750101,0.021318494,0.029975587
LOC120102087,0.923188257,8.16E-06,1.49E-05
LOC120102088,1.22966576,7.46E-06,1.37E-05
LOC120102090,1.116459623,2.80E-06,5.25E-06
LOC120102091,1.103240482,3.19E-14,8.35E-14
LOC120102093,1.04573182,8.23E-09,1.74E-08
LOC120102094,1.230460786,0.003433084,0.005215517
LOC120102101,0.590922344,0.008310979,0.012153831
LOC120102105,2.173058766,3.78E-38,1.84E-37
LOC120102108,2.200036835,0.036847785,0.050453803
LOC120102109,-1.959507816,1.38E-16,3.90E-16
LOC120102115,-1.473003775,1.68E-13,4.29E-13
LOC120102117,5.33237848,1.01E-14,2.68E-14
Trnaa-agc,-3.748666392,3.86E-38,1.88E-37
LOC120102158,2.991070046,2.46E-05,4.37E-05
LOC120102167,6.183699435,2.14E-34,9.58E-34
LOC120102169,3.944756085,2.60E-12,6.35E-12
LOC120102177,-2.306539067,3.82E-06,7.11E-06
LOC120102181,2.362083146,0.000890041,0.001418541
LOC120102187,-3.311960431,2.34E-15,6.35E-15
LOC120102190,-3.159554166,2.26E-15,6.14E-15
LOC120102191,-2.894974407,5.65E-27,2.11E-26
LOC120102194,-2.89750479,2.12E-13,5.39E-13
LOC120102195,-1.975845718,0.001213949,0.001912631
LOC120102197,-3.52626192,3.39E-15,9.18E-15
LOC120102198,-1.82484925,0.00107952,0.001708201
LOC120102200,-2.076117741,0.004574048,0.006866178
LOC120102202,8.435350117,2.72E-105,4.10E-104
LOC120102204,-2.838335401,2.98E-26,1.10E-25
LOC120102206,4.716747705,5.51E-23,1.86E-22
LOC120102207,1.191177854,0.042559505,0.057790444
LOC120102209,-5.808548748,1.48E-79,1.55E-78
LOC120102210,-4.599271618,3.29E-137,7.20E-136
LOC120102212,4.413730001,7.00E-14,1.81E-13
LOC120102213,-1.942580721,0.00076042,0.001218188
LOC120102220,3.991291971,3.38E-15,9.15E-15
LOC120102221,4.237953315,2.75E-18,8.20E-18
LOC120102222,-2.054584567,6.81E-15,1.82E-14
LOC120102224,-2.30674787,5.93E-07,1.15E-06
LOC120102229,1.77278431,5.48E-10,1.22E-09
LOC120102230,-1.575039216,3.58E-51,2.29E-50
LOC120102233,0.780862399,1.23E-08,2.59E-08
LOC120102238,-2.665728974,5.28E-27,1.97E-26
LOC120102239,-3.558548652,5.77E-25,2.05E-24
LOC120102240,-1.805215584,3.56E-10,8.00E-10
LOC120102242,-4.841974876,4.63E-62,3.64E-61
LOC120102248,-0.444812229,0.010484703,0.015180319
LOC120102251,-4.957008527,6.62E-57,4.72E-56
LOC120102252,-2.655112767,1.50E-24,5.24E-24
LOC120102256,1.623267819,0.001190486,0.001876964
LOC120102257,-2.333063796,4.16E-17,1.20E-16
LOC120102259,4.317838579,2.84E-23,9.65E-23
LOC120102262,-1.725338646,4.54E-11,1.06E-10
LOC120102263,-2.889819241,6.42E-12,1.54E-11
LOC120102264,-1.670581208,1.74E-11,4.12E-11
LOC120102265,-4.997879783,4.50E-37,2.14E-36
LOC120102270,1.240946213,0.006911909,0.010190975
LOC120102276,-2.811467233,7.56E-21,2.40E-20
LOC120102278,-0.758253444,0.016700922,0.023750424
LOC120102279,-0.692191021,0.010592282,0.015330076
LOC120102283,-1.002003949,0.01939298,0.027398372
LOC120102286,4.564244281,2.12E-203,8.92E-202
LOC120102287,-1.506568068,9.62E-05,0.000164376
LOC120102289,1.956242295,0.011981616,0.017265666
LOC120102291,3.504148524,3.31E-21,1.06E-20
LOC120102293,5.472017929,3.14E-14,8.21E-14
LOC120102294,7.152752587,8.96E-45,5.06E-44
LOC120102295,6.4609357,2.94E-63,2.37E-62
LOC120102296,5.481624395,1.70E-32,7.27E-32
LOC120102297,4.12719019,6.19E-10,1.38E-09
LOC120102299,6.583886192,4.20E-41,2.18E-40
LOC120102300,5.237785687,8.23E-17,2.34E-16
LOC120102302,8.277854625,3.05E-77,3.09E-76
LOC120102303,7.558975642,4.73E-109,7.48E-108
LOC120102304,3.660636479,1.78E-14,4.69E-14
LOC120102305,8.275430995,1.36E-91,1.69E-90
LOC120102306,6.835582424,1.23E-42,6.61E-42
LOC120102307,-0.998125629,4.29E-15,1.16E-14
LOC120102308,-0.948250724,0.000996747,0.001582386
LOC120102309,-1.521545446,0.003615496,0.005481236
LOC120102310,2.86497165,1.39E-10,3.18E-10
LOC120102311,-3.541094209,8.55E-92,1.06E-90
LOC120102312,0.977914428,3.23E-07,6.36E-07
LOC120102316,-1.378557588,0.013084391,0.018789797
LOC120102317,-3.643442428,2.52E-56,1.78E-55
LOC120102319,1.490971852,0.001306121,0.002052605
LOC120102320,-0.53235781,5.87E-08,1.20E-07
LOC120102321,-1.290091762,1.02E-06,1.96E-06
LOC120102323,-1.355518561,0.041534131,0.056457717
LOC120102325,-1.590104249,3.06E-08,6.34E-08
LOC120102327,-2.769619599,1.39E-44,7.83E-44
LOC120102329,3.682103812,4.90E-69,4.33E-68
LOC120102331,-1.256727568,6.57E-07,1.28E-06
LOC120102332,3.483697435,2.20E-60,1.68E-59
LOC120102333,-1.34948629,1.03E-24,3.63E-24
LOC120102336,-1.957747822,2.92E-24,1.02E-23
LOC120102340,1.027977355,0.002256052,0.00347602
LOC120102342,0.46341183,7.51E-05,0.000129268
LOC120102344,-2.009232593,4.90E-07,9.58E-07
LOC120102348,1.679002501,1.94E-13,4.94E-13
LOC120102350,-4.995372045,4.08E-35,1.86E-34
LOC120102352,6.350070928,7.30E-40,3.69E-39
LOC120102358,-1.700372764,0.000899438,0.001432747
LOC120102366,-3.192408596,6.12E-13,1.53E-12
LOC120102367,0.509289277,0.018495412,0.026182805
LOC120102368,3.46808546,7.44E-15,1.99E-14
LOC120102369,-1.23292951,0.000331827,0.000545527
LOC120102372,-0.879353631,0.000372307,0.000610009
LOC120102375,5.821192472,0,0
LOC120102376,-2.798480901,1.27E-10,2.90E-10
LOC120102377,-0.965455669,4.02E-17,1.16E-16
LOC120102378,2.03706129,4.97E-09,1.06E-08
LOC120102382,-2.085992686,5.39E-51,3.44E-50
LOC120102383,-0.632991034,5.58E-05,9.68E-05
LOC120102384,-2.417889374,1.33E-37,6.40E-37
LOC120102386,-1.68702133,5.06E-11,1.17E-10
LOC120102387,-1.861144638,1.45E-15,3.96E-15
LOC120102388,-2.803605732,2.95E-14,7.72E-14
LOC120102391,-1.561679113,0.047818738,0.064543734
LOC120102394,-1.761849089,5.16E-10,1.15E-09
LOC120102403,2.929324576,4.66E-17,1.34E-16
LOC120102404,9.060394323,5.71E-154,1.49E-152
LOC120102405,4.083186365,4.58E-29,1.80E-28
LOC120102407,-2.038073994,3.36E-28,1.30E-27
LOC120102408,3.078431937,2.15E-32,9.18E-32
LOC120102411,3.144335403,3.16E-10,7.12E-10
LOC120102413,5.085515787,2.79E-67,2.40E-66
LOC120102421,-0.568790096,0.038861626,0.0530541
LOC120102424,-2.24141004,1.79E-38,8.79E-38
LOC120102426,-2.447024501,4.61E-05,8.05E-05
LOC120102428,-1.549473567,8.56E-05,0.00014686
LOC120102429,3.280329627,3.11E-05,5.48E-05
LOC120102431,3.448918872,1.97E-23,6.73E-23
LOC120102432,-1.865544766,0.007994625,0.011714363
LOC120102448,-5.130391903,2.30E-29,9.14E-29
LOC120102450,-1.939005286,0.008865692,0.012929881
LOC120102456,-0.785187286,8.26E-08,1.68E-07
LOC120102470,-2.616103211,2.18E-12,5.33E-12
LOC120102472,-1.424920376,8.17E-09,1.73E-08
LOC120102475,-2.965079442,4.64E-16,1.29E-15
LOC120102480,5.366860728,6.96E-35,3.16E-34
LOC120102481,6.450488059,6.63E-64,5.40E-63
LOC120102482,1.264238748,0.000218162,0.000363305
LOC120102483,-1.953931942,4.62E-49,2.85E-48
LOC120102485,-2.101223017,3.38E-31,1.40E-30
LOC120102490,-2.811652287,3.22E-50,2.03E-49
LOC120102491,6.135102504,3.89E-73,3.68E-72
LOC120102495,-2.701261942,2.20E-12,5.39E-12
LOC120102498,-1.13454159,0.000477031,0.000775241
LOC120102507,2.013383271,9.39E-25,3.31E-24
LOC120102508,-4.502472664,9.15E-45,5.17E-44
LOC120102509,2.223124259,6.46E-11,1.49E-10
LOC120102522,6.200401993,1.74E-37,8.39E-37
LOC120102523,6.871978391,2.03E-30,8.27E-30
LOC120102524,4.236527236,7.29E-17,2.08E-16
LOC120102525,7.585347948,9.07E-82,9.77E-81
LOC120102526,4.521138865,1.59E-20,5.01E-20
LOC120102528,4.739418808,1.75E-19,5.39E-19
LOC120102529,6.738016317,3.19E-60,2.43E-59
LOC120102530,5.887578545,4.70E-44,2.62E-43
LOC120102531,5.325967857,3.96E-23,1.34E-22
LOC120102537,5.246876189,5.56E-15,1.49E-14
LOC120102538,5.514313485,3.96E-31,1.64E-30
LOC120102539,2.315341543,0.014540747,0.020804443
LOC120102540,2.888745208,0.000143081,0.000241329
LOC120102542,1.487576324,2.94E-17,8.48E-17
LOC120102548,1.375220806,0.008947981,0.013045391
LOC120102574,1.337456929,0.00010968,0.000186546
LOC120102584,-0.828961006,0.000109632,0.000186474
LOC120102588,-2.21662865,1.44E-05,2.60E-05
LOC120102603,-0.57015474,0.008840615,0.012896487
LOC120102625,2.442815622,6.96E-18,2.05E-17
LOC120102639,0.446146784,0.034259969,0.047091341
LOC120102652,2.19782426,0.014323876,0.020505059
LOC120102674,0.90758797,0.00077191,0.001235658
LOC120102742,1.625836572,9.89E-11,2.27E-10
LOC120102744,-0.69226297,0.002176657,0.003358791
LOC120102748,3.24130716,3.16E-14,8.26E-14
LOC120102752,-0.914835992,0.000513822,0.000832745
LOC120102757,-3.084436122,1.12E-13,2.88E-13
Trnav-aac,1.126429032,0.014439359,0.020664376
Trnav-aac,-1.383324188,0.012838874,0.018449762
LOC120102802,-5.528501673,4.41E-31,1.82E-30
LOC120102804,-1.679025234,1.74E-07,3.48E-07
LOC120102805,4.571000728,7.40E-31,3.04E-30
LOC120102808,-1.003632352,0.003040407,0.004635986
LOC120102810,-3.542982565,4.64E-17,1.33E-16
LOC120102814,-3.182762039,1.83E-13,4.65E-13
LOC120102815,1.675868102,2.44E-40,1.25E-39
LOC120102816,-1.629650956,9.93E-08,2.01E-07
LOC120102821,-1.592394444,9.54E-12,2.28E-11
LOC120102824,-3.927412329,2.04E-19,6.25E-19
LOC120102825,5.712133196,2.81E-49,1.74E-48
LOC120102826,2.130721107,3.05E-06,5.71E-06
LOC120102829,-0.794051874,2.49E-08,5.17E-08
LOC120102832,1.1804755,1.49E-27,5.65E-27
LOC120102834,-3.935224368,3.61E-27,1.36E-26
LOC120102835,-2.317459251,4.43E-16,1.23E-15
LOC120102838,-1.086279452,4.55E-13,1.14E-12
LOC120102840,-1.133270107,3.71E-09,7.98E-09
LOC120102842,-2.51886465,5.25E-13,1.31E-12
LOC120102844,1.18069745,3.49E-05,6.13E-05
LOC120102848,-4.576303787,4.06E-47,2.41E-46
LOC120102849,5.557275895,4.54E-59,3.38E-58
LOC120102852,2.012380458,2.37E-26,8.73E-26
LOC120102853,1.281292065,0.039592074,0.053976586
LOC120102855,-1.380622479,1.12E-18,3.37E-18
LOC120102857,-2.276944713,1.66E-05,2.98E-05
LOC120102858,2.89212783,1.81E-17,5.24E-17
Spaar,-3.302887553,1.30E-84,1.46E-83
LOC120102862,3.272938311,5.86E-07,1.14E-06
LOC120102865,3.430197209,3.05E-102,4.41E-101
LOC120102867,1.662205659,4.02E-10,9.00E-10
LOC120102868,4.025224712,1.93E-51,1.24E-50
LOC120102869,1.830496806,1.53E-14,4.05E-14
LOC120102870,-1.852856981,5.76E-05,9.99E-05
LOC120102871,-0.83131028,2.95E-06,5.54E-06
LOC120102879,-4.331028154,7.36E-35,3.34E-34
LOC120102894,1.506143709,2.31E-10,5.22E-10
LOC120102895,6.755098885,2.63E-81,2.81E-80
LOC120102904,-1.68072458,0.038791265,0.052965376
LOC120102906,-1.068973409,0.008675006,0.012664892
LOC120102907,-1.53284433,8.01E-11,1.84E-10
LOC120102909,-0.786061002,0.000975309,0.00154885
LOC120102910,-2.379604095,4.87E-19,1.48E-18
Tusc1,0.901357423,3.11E-42,1.66E-41
LOC120102920,6.491116252,1.04E-59,7.83E-59
LOC120102922,-0.945435834,1.52E-06,2.89E-06
LOC120102923,-2.098826322,1.96E-06,3.71E-06
LOC120102924,2.157428713,0.000345556,0.000567342
LOC120102925,2.980816071,3.63E-05,6.37E-05
LOC120102929,1.863238243,3.07E-13,7.76E-13
LOC120102931,-2.654638908,4.33E-08,8.89E-08
LOC120102933,-0.664985503,9.02E-06,1.65E-05
LOC120102934,-1.559725417,1.80E-53,1.20E-52
LOC120102941,-3.706385644,1.59E-37,7.64E-37
LOC120102944,-2.788824234,1.17E-08,2.46E-08
LOC120102945,-2.512521167,1.02E-19,3.15E-19
LOC120102946,3.077599417,2.85E-22,9.41E-22
LOC120102947,-2.002626708,2.07E-09,4.49E-09
LOC120102950,2.514782138,9.81E-68,8.48E-67
LOC120102952,3.244959116,1.04E-10,2.38E-10
LOC120102958,0.637223186,3.56E-19,1.09E-18
LOC120102959,2.594081243,2.60E-07,5.15E-07
LOC120102960,-2.332134892,6.50E-08,1.32E-07
LOC120102961,-3.775823349,1.30E-47,7.82E-47
LOC120102962,-2.925363517,1.41E-11,3.35E-11
LOC120102964,2.653448229,3.84E-36,1.79E-35
LOC120102970,2.576734342,1.04E-42,5.60E-42
LOC120102972,-0.64771589,4.27E-05,7.46E-05
LOC120102976,-2.249914042,6.26E-10,1.39E-09
LOC120102978,-0.821875179,1.28E-14,3.40E-14
LOC120102979,-0.760356644,5.91E-06,1.09E-05
LOC120102981,1.247649505,0.046904593,0.063359001
LOC120102984,-1.194488318,4.82E-05,8.40E-05
LOC120102987,-3.821665293,4.86E-48,2.94E-47
LOC120102988,9.654607857,1.45E-167,4.33E-166
LOC120102991,2.203628953,1.32E-13,3.37E-13
LOC120102992,-0.659961141,3.28E-19,1.00E-18
LOC120102993,0.676061947,4.83E-09,1.03E-08
LOC120102995,1.977461004,1.28E-06,2.44E-06
LOC120102996,-2.604948355,2.82E-19,8.61E-19
LOC120102997,-1.998192346,2.53E-20,7.94E-20
LOC120102998,0.87386597,0.014807884,0.021169249
LOC120102999,0.752800137,0.005831397,0.008660444
LOC120103000,-1.231967138,1.56E-17,4.54E-17
LOC120103004,5.265313113,1.64E-102,2.38E-101
LOC120103005,-0.635830934,0.01845872,0.026133364
LOC120103006,-2.594936176,3.10E-07,6.12E-07
LOC120103007,0.694039008,1.40E-06,2.67E-06
LOC120103008,0.841285682,0.020189004,0.028460473
LOC120103010,-2.585294357,5.45E-24,1.89E-23
LOC120103013,1.780998326,0.00141074,0.002212316
LOC120103015,-4.068435533,8.61E-56,6.03E-55
LOC120103018,0.531705082,0.011720048,0.016899444
LOC120103020,1.855780028,8.40E-06,1.54E-05
LOC120103024,-0.764474325,2.45E-24,8.53E-24
LOC120103025,1.276678206,7.55E-06,1.39E-05
LOC120103026,-1.059419904,0.005336528,0.007953019
LOC120103029,-1.767876674,1.96E-05,3.49E-05
LOC120103030,-2.539309908,2.44E-09,5.29E-09
LOC120103033,-2.887455561,3.67E-70,3.32E-69
LOC120103036,-2.609951689,7.94E-09,1.68E-08
LOC120103038,-1.342879992,1.98E-15,5.39E-15
LOC120103039,0.869085655,0.006708743,0.009902282
LOC120103041,-4.053105598,1.93E-30,7.84E-30
LOC120103042,-4.100203711,2.57E-31,1.07E-30
LOC120103044,2.08019987,3.04E-14,7.95E-14
LOC120103045,-2.806599016,1.18E-28,4.59E-28
LOC120103048,0.535186616,0.006924123,0.010207966
LOC120103050,1.189800303,0.039906676,0.054370412
LOC120103060,1.302671569,4.94E-10,1.10E-09
LOC120103061,3.055668744,6.94E-28,2.66E-27
LOC120103073,4.368843634,5.23E-17,1.50E-16
LOC120103100,1.067707018,0.016953027,0.02409736
LOC120103101,2.330820463,2.27E-22,7.53E-22
LOC120103108,-0.781081076,2.43E-06,4.57E-06
LOC120103110,-1.806996698,0.003157856,0.004808628
LOC120103113,-1.419308307,1.00E-07,2.02E-07
LOC120103114,-1.349291634,1.26E-19,3.90E-19
LOC120103123,0.709100753,0.019400172,0.027407225
LOC120103124,2.168767864,0.000958943,0.001523678
LOC120103130,3.292653958,2.32E-26,8.53E-26
LOC120103131,-1.511585506,0.012557886,0.018059133
LOC120103142,4.651186387,7.99E-20,2.48E-19
LOC120103147,4.475106699,2.86E-20,8.98E-20
LOC120103152,3.44211721,0.000559385,0.000904606
LOC120103167,-7.1924345,6.91E-64,5.62E-63
LOC120103176,-1.459093376,0.022188676,0.03114141
LOC120103178,-1.340249671,0.006436344,0.009515883
LOC120103195,1.07650324,6.70E-06,1.23E-05
LOC120103206,2.102313465,0.001731206,0.002696288
LOC120103234,-1.624248624,0.01672043,0.023774739
LOC120103239,1.686903225,7.30E-15,1.95E-14
LOC120103240,1.851741246,2.02E-23,6.89E-23
LOC120103254,-2.090346285,1.52E-35,6.99E-35
LOC120103255,0.794761606,0.000770908,0.001234254
LOC120103258,1.242868302,6.54E-05,0.000113017
LOC120103259,0.909471988,0.001527804,0.002389561
LOC120103261,-0.457424628,0.020040996,0.0282626
LOC120103262,2.150012679,2.69E-13,6.81E-13
LOC120103263,1.151157921,6.58E-05,0.000113728
LOC120103264,0.718001817,2.38E-08,4.94E-08
LOC120103265,3.801452033,1.09E-09,2.40E-09
LOC120103266,1.889704183,0.000503633,0.000816499
LOC120103267,-1.896270764,0.014510083,0.020762578
LOC120103272,1.70961485,7.44E-06,1.37E-05
LOC120103274,0.773587702,2.96E-05,5.24E-05
LOC120103280,1.773356456,0.001488098,0.002329307
LOC120103281,0.472156904,0.040963027,0.055724937
LOC120103283,1.966794123,7.65E-06,1.40E-05
LOC120103284,1.479832692,0.000170421,0.000286024
LOC120103285,1.884082076,0.001197281,0.001887173
LOC120103287,-1.061845847,0.00425412,0.006404127
LOC120103288,6.116309304,6.12E-33,2.65E-32
LOC120103326,-2.631978598,8.18E-09,1.73E-08
LOC120103344,-1.999791733,0.001945587,0.003015889
LOC120103359,-0.927007002,0.000158042,0.000265775
LOC120103360,1.820279201,5.20E-08,1.06E-07
LOC120103369,-2.18935181,0.003548063,0.005383419
LOC120103380,-2.910664449,1.38E-12,3.40E-12
LOC120103381,-0.710810056,0.028381841,0.039355443
LOC120103415,-1.312075931,0.01512323,0.021602319
LOC120103424,-0.804402993,9.06E-18,2.66E-17
LOC120103427,-8.236381448,3.93E-121,7.24E-120
LOC120103435,3.964224715,5.29E-15,1.42E-14
LOC120103436,3.697060076,3.11E-13,7.87E-13
LOC120103438,5.985640129,8.76E-41,4.52E-40
LOC120103440,7.248047729,1.04E-40,5.34E-40
LOC120103441,6.826811804,1.41E-34,6.34E-34
LOC120103442,5.851120711,1.09E-21,3.53E-21
LOC120103443,4.309108028,2.56E-05,4.55E-05
LOC120103444,2.928599631,0.001107264,0.001750791
LOC120103445,7.010309697,3.90E-35,1.78E-34
LOC120103446,4.324803452,1.18E-17,3.45E-17
LOC120103448,6.531051126,1.58E-33,6.95E-33
LOC120103449,5.095880281,3.54E-29,1.40E-28
LOC120103453,-1.036710325,0.013726821,0.019668439
LOC120103455,-3.926771091,5.73E-27,2.14E-26
LOC120103456,1.913393188,1.35E-08,2.84E-08
LOC120103457,7.105315529,2.62E-91,3.22E-90
LOC120103460,2.182154763,2.64E-05,4.68E-05
LOC120103462,-0.850621844,0.015823269,0.022557614
LOC120103463,-1.024563815,0.029347426,0.040612511
LOC120103464,-1.641011617,3.11E-05,5.49E-05
LOC120103466,0.867324596,0.010519154,0.015227964
LOC120103467,1.082768777,0.000428029,0.00069806
LOC120103468,0.538753013,9.39E-08,1.90E-07
LOC120103470,1.849546662,0.02434,0.034010701
LOC120103472,-2.772123133,0.00140995,0.002211311
LOC120103473,1.981923687,7.85E-40,3.96E-39
LOC120103475,2.551111376,0.005336134,0.007952855
LOC120103476,4.59362789,3.79E-52,2.47E-51
LOC120103477,1.355502843,3.58E-05,6.28E-05
LOC120103478,-1.396255045,0.016662879,0.02370088
LOC120103480,-2.022243551,3.38E-22,1.12E-21
LOC120103481,2.332915399,0.001301061,0.002045087
LOC120103482,2.829464124,3.04E-224,1.52E-222
LOC120103483,3.124343113,2.75E-07,5.44E-07
LOC120103487,-0.665268012,2.40E-05,4.26E-05
LOC120103488,4.663999075,2.30E-30,9.35E-30
LOC120103489,0.976951049,0.000106329,0.000181034
LOC120103490,-0.628132476,0.035141677,0.048240516
LOC120103491,3.811414157,8.47E-10,1.87E-09
LOC120103492,-0.551498813,6.01E-06,1.11E-05
LOC120103494,-2.162094851,4.48E-13,1.12E-12
LOC120103496,-1.419149588,0.003708526,0.005615079
LOC120103499,-0.884173114,0.002899479,0.004430233
LOC120103500,1.307909436,0.00052157,0.000844884
LOC120103502,-2.92212863,7.64E-15,2.04E-14
LOC120103505,0.957622012,0.036153846,0.049554085
LOC120103508,-1.610766189,1.48E-17,4.31E-17
LOC120103511,-5.064532272,3.39E-58,2.48E-57
LOC120103518,-2.580639339,1.88E-05,3.37E-05
LOC120103521,3.626902081,7.92E-35,3.59E-34
LOC120103523,0.747825226,9.38E-05,0.000160446
LOC120103526,-0.595167347,0.000242661,0.000402765
LOC120103527,-4.391276979,5.51E-32,2.33E-31
LOC120103529,-2.703244569,3.45E-09,7.42E-09
LOC120103533,0.542096244,0.023480175,0.032876023
LOC120103534,2.314131456,0.003807942,0.005760004
LOC120103535,-1.249704284,1.10E-22,3.67E-22
LOC120103536,0.772417959,0.002968192,0.00453101
LOC120103539,6.009681001,1.77E-107,2.75E-106
LOC120103540,-3.313606614,8.56E-21,2.72E-20
LOC120103546,-3.476254944,3.00E-27,1.13E-26
LOC120103547,-3.03925079,3.66E-13,9.22E-13
LOC120103553,-0.529771704,0.008895541,0.012970855
LOC120103555,-0.899743976,0.042974422,0.058324401
LOC120103557,2.662297686,0.005004884,0.007479893
LOC120103558,-3.482838621,1.00E-14,2.67E-14
LOC120103560,-0.491160132,0.009261597,0.013484674
LOC120103564,-0.875960236,8.13E-06,1.49E-05
LOC120103565,-0.871619434,0.003370355,0.005122718
LOC120103570,-3.850406143,1.08E-27,4.11E-27
LOC120103571,-3.84407314,5.11E-24,1.77E-23
LOC120103572,1.379396889,2.52E-09,5.45E-09
LOC120103573,0.427114974,0.049624852,0.066865624
LOC120103575,0.673305884,2.47E-11,5.80E-11
LOC120103576,-1.478278406,2.17E-09,4.71E-09
LOC120103577,2.648274927,1.35E-05,2.45E-05
LOC120103578,-2.24686742,1.45E-15,3.96E-15
LOC120103581,-0.583930203,0.002154409,0.00332617
LOC120103584,-6.363371025,5.48E-72,5.10E-71
LOC120103585,-6.366102747,3.34E-54,2.26E-53
LOC120103586,-1.932611065,9.55E-20,2.95E-19
LOC120103587,-1.049353818,2.00E-21,6.46E-21
LOC120103588,-8.031098098,4.19E-126,8.12E-125
LOC120103589,-1.203399673,0.020778161,0.029249196
LOC120103591,1.430880096,0.005112389,0.00763362
LOC120103601,1.230673847,0.007980658,0.011696215
LOC120103605,1.058426434,0.000233191,0.000387546
LOC120103608,-3.014159021,3.20E-05,5.64E-05
LOC120103609,-2.097506816,7.68E-17,2.19E-16
LOC120103614,2.920489348,4.45E-05,7.77E-05
LOC120103616,0.59107759,1.74E-10,3.97E-10
LOC120103617,-2.498849008,8.17E-12,1.96E-11
LOC120103618,-0.814386969,0.027499936,0.038198804
LOC120103620,-2.318885019,0.000114298,0.000194099
LOC120103624,-1.291342161,1.06E-07,2.15E-07
LOC120103627,8.343589143,2.69E-133,5.65E-132
LOC120103628,-2.368091834,3.39E-22,1.12E-21
LOC120103629,-3.178965432,5.96E-24,2.06E-23
LOC120103631,-1.142279517,0.013582481,0.01947011
LOC120103633,-2.064535219,0.000332804,0.000547042
LOC120103635,3.478335672,9.87E-09,2.09E-08
LOC120103637,1.877792708,0.036220593,0.049636373
novel.100,-5.338835509,9.21E-44,5.08E-43
novel.1000,6.471817558,6.51E-57,4.64E-56
novel.1001,4.123499726,0.003696654,0.005598324
novel.1004,-2.353553511,1.85E-05,3.31E-05
novel.1006,-3.601804344,4.62E-16,1.28E-15
novel.1007,-1.433432558,6.36E-07,1.24E-06
novel.1008,6.851390244,9.26E-143,2.15E-141
novel.1009,-1.92784348,0.000293909,0.000484698
novel.101,-2.435853068,7.59E-09,1.61E-08
novel.1010,3.273553103,2.53E-24,8.83E-24
novel.1012,6.652048247,0,0
novel.1013,-3.036109813,1.88E-29,7.46E-29
novel.1014,-0.936870557,0.000256444,0.000424951
novel.1015,5.058607683,1.86E-104,2.78E-103
novel.1017,-1.415399838,5.88E-15,1.58E-14
novel.1019,-3.052696697,8.55E-35,3.87E-34
novel.1021,-2.947324684,2.76E-07,5.45E-07
novel.1024,4.365977356,6.42E-10,1.42E-09
novel.1025,6.388425904,2.98E-70,2.70E-69
novel.1026,6.164659882,1.95E-39,9.75E-39
novel.1027,8.56151887,1.97E-121,3.64E-120
novel.1028,8.055453378,4.34E-88,5.10E-87
novel.103,-1.987496496,9.61E-20,2.97E-19
novel.1030,3.4061565,2.93E-07,5.79E-07
novel.1033,1.53765705,0.000681707,0.001096126
novel.1034,5.20725723,1.34E-21,4.34E-21
novel.1037,2.11754094,5.57E-12,1.34E-11
novel.1038,6.151100068,1.97E-45,1.13E-44
novel.1041,-1.054693864,0.000201149,0.000335805
novel.1042,0.655227402,0.045325115,0.061337459
novel.1043,0.934455324,0.029003982,0.040176701
novel.1044,2.319299326,0.005122923,0.007648963
novel.105,-2.829462561,5.98E-24,2.07E-23
novel.1054,3.169126649,0.000102569,0.000174823
novel.1057,3.385896363,0.000304009,0.000500936
novel.1058,-2.06476091,1.40E-12,3.45E-12
novel.1059,3.44964868,1.01E-06,1.94E-06
novel.106,1.256566497,1.65E-14,4.35E-14
novel.1061,-1.468734414,0.001984826,0.003073171
novel.1062,-2.730164553,3.07E-10,6.92E-10
novel.1063,-2.053301942,1.31E-13,3.35E-13
novel.1064,3.181905967,0.008918129,0.013002509
novel.1069,0.751408035,3.63E-06,6.77E-06
novel.1071,1.468212359,1.54E-07,3.08E-07
novel.1074,1.664378107,4.33E-25,1.54E-24
novel.1075,-4.07267879,1.11E-36,5.22E-36
novel.1076,-3.891818728,9.77E-35,4.42E-34
novel.1079,3.120662324,2.20E-30,8.96E-30
novel.108,2.828248903,0.001774715,0.002760854
novel.1080,-7.231350928,2.52E-112,4.14E-111
novel.1083,2.791413454,1.77E-13,4.50E-13
novel.1089,1.128044069,0.000615306,0.000992271
novel.1090,2.568644406,3.11E-05,5.49E-05
novel.1092,0.839277031,5.89E-05,0.000102038
novel.1094,-2.546480432,4.31E-08,8.85E-08
novel.1095,-1.542564203,0.006076666,0.00901023
novel.1097,-2.710778783,1.84E-12,4.51E-12
novel.1099,-1.621549955,1.29E-34,5.83E-34
novel.1100,1.916851521,0.043081392,0.058464215
novel.1101,-2.265422789,3.39E-09,7.31E-09
novel.1102,-3.975168343,4.92E-70,4.43E-69
novel.1103,0.930965971,8.67E-06,1.58E-05
novel.1106,-0.910958298,0.001289677,0.002028164
novel.1109,1.671641943,0.047572847,0.06422739
novel.1110,3.252940544,2.92E-07,5.77E-07
novel.1111,4.476847177,1.77E-16,4.97E-16
novel.1113,3.874290991,4.35E-07,8.51E-07
novel.1115,2.750954812,0.017971794,0.025476906
novel.1118,-5.261756263,2.92E-39,1.46E-38
novel.1119,-1.005598586,2.58E-16,7.22E-16
novel.112,-2.435540964,1.98E-10,4.50E-10
novel.1120,1.529508101,0.001149707,0.0018147
novel.1121,-1.883952506,3.81E-16,1.06E-15
novel.1122,1.600067175,6.68E-47,3.95E-46
novel.1124,1.574718479,0.001603127,0.00250459
novel.1125,2.280143867,0.01353485,0.019402772
novel.1126,3.137895722,1.05E-06,2.02E-06
novel.1127,-3.5752646,3.52E-44,1.96E-43
novel.1128,-2.054433412,2.36E-08,4.91E-08
novel.1129,-0.593729613,9.25E-05,0.000158172
novel.113,-2.493613327,5.15E-43,2.79E-42
novel.1130,1.862266502,0.009421681,0.013708982
novel.1131,6.019557674,8.94E-38,4.33E-37
novel.1133,-1.40179302,7.78E-05,0.000133693
novel.1137,-3.886453668,2.02E-131,4.18E-130
novel.1138,-2.153784155,2.54E-12,6.19E-12
novel.1139,-1.574775249,7.46E-12,1.79E-11
novel.114,-0.316974784,0.005607041,0.008340223
novel.1140,-1.771400712,0.008768911,0.012795041
novel.1145,-3.412415715,0.0053379,0.007953485
novel.1151,1.702395113,0.000328989,0.000541012
novel.1153,4.153668717,2.46E-10,5.56E-10
novel.1154,0.728552853,0.005735978,0.008524296
novel.1155,-1.435341116,1.02E-10,2.34E-10
novel.1156,-3.25422432,2.10E-21,6.77E-21
novel.1159,-1.146553753,0.046582841,0.062938745
novel.1161,-4.109620081,6.71E-55,4.60E-54
novel.1162,2.722440594,1.77E-05,3.17E-05
novel.1163,5.377262743,2.48E-201,1.03E-199
novel.1164,-1.649839652,4.03E-06,7.51E-06
novel.1165,-1.714903048,0.000959485,0.001524457
novel.1168,-3.67622073,7.11E-24,2.45E-23
novel.1169,-1.240248723,0.012465247,0.017932013
novel.1171,6.86541551,2.88E-74,2.78E-73
novel.1172,5.839889607,1.29E-40,6.64E-40
novel.1174,0.537133559,0.002045336,0.003162558
novel.1176,4.153648564,2.56E-08,5.31E-08
novel.1178,7.08591855,5.06E-279,3.69E-277
novel.1179,-3.311609188,4.82E-18,1.43E-17
novel.118,3.604382124,1.14E-13,2.93E-13
novel.1180,-2.291726742,9.43E-06,1.72E-05
novel.1181,1.839242068,2.00E-50,1.26E-49
novel.1182,6.57289581,1.57E-39,7.86E-39
novel.1183,-0.834061749,0.017615367,0.024990793
novel.1185,2.799264783,0.000887743,0.001415108
novel.1187,-2.704709813,1.23E-10,2.81E-10
novel.1188,-2.540169769,1.34E-07,2.69E-07
novel.1190,2.161710183,2.36E-34,1.06E-33
novel.1194,-0.62277822,0.038876772,0.053072328
novel.1196,2.644526481,9.01E-19,2.72E-18
novel.1197,-4.943608672,9.06E-69,7.97E-68
novel.1198,-1.529863051,4.62E-15,1.24E-14
novel.12,7.650753968,2.49E-127,4.90E-126
novel.120,2.578738525,0.00202314,0.003130365
novel.1201,4.687810892,7.30E-26,2.65E-25
novel.1202,4.034180632,6.42E-14,1.66E-13
novel.1203,-3.193255526,1.83E-22,6.10E-22
novel.1205,-0.699044379,1.01E-08,2.13E-08
novel.1208,-1.402606376,1.57E-15,4.29E-15
novel.121,4.658631565,2.35E-15,6.39E-15
novel.1211,1.386336655,0.002480384,0.003811139
novel.1212,6.379146081,2.23E-60,1.70E-59
novel.1213,-2.623021439,5.97E-08,1.22E-07
novel.1214,-3.086499998,1.28E-06,2.45E-06
novel.1217,3.090299681,6.01E-08,1.22E-07
novel.1218,-1.756153527,0.000746993,0.001197716
novel.1219,8.513801017,0,0
novel.122,5.52825754,5.52E-22,1.81E-21
novel.1222,-1.986602133,5.01E-22,1.65E-21
novel.1223,3.902652874,9.03E-12,2.16E-11
novel.1224,-1.500443347,1.81E-26,6.69E-26
novel.1225,-3.630151916,6.40E-10,1.42E-09
novel.1226,0.794234971,0.004709283,0.00705808
novel.1227,-1.91466033,0.000223006,0.000371121
novel.1228,4.976074146,5.46E-27,2.04E-26
novel.1229,4.028720571,1.66E-12,4.09E-12
novel.1231,6.433555302,2.41E-36,1.13E-35
novel.1232,-3.511943573,2.70E-52,1.77E-51
novel.1235,2.499242125,4.91E-06,9.09E-06
novel.1236,-1.925254111,0.002034723,0.003147299
novel.1237,-0.915195066,0.038252782,0.052285636
novel.1238,4.743083801,1.27E-68,1.11E-67
novel.1239,-0.61170041,0.027954035,0.03879132
novel.1241,0.609327596,0.024276231,0.033928005
novel.1242,-7.292413802,3.34E-12,8.11E-12
novel.1243,-2.859395537,6.34E-07,1.23E-06
novel.1244,4.714745213,2.17E-118,3.85E-117
novel.1245,-2.128477837,4.13E-11,9.63E-11
novel.1246,-0.953545739,0.001669066,0.002602386
novel.1248,-1.812768116,0.001163646,0.001835917
novel.1250,-2.516748187,3.88E-13,9.77E-13
novel.1252,-6.844829262,5.34E-61,4.12E-60
novel.1256,2.528652109,1.08E-06,2.08E-06
novel.1257,-2.778106182,1.66E-49,1.03E-48
novel.1258,-1.447776198,0.000114816,0.000194933
novel.126,2.523476884,3.50E-11,8.18E-11
novel.1260,-1.366029443,0.003173456,0.004832134
novel.1261,-1.000446252,0.003265252,0.004968073
novel.1262,-1.490483427,0.000117765,0.000199837
novel.1263,3.097492099,1.84E-07,3.68E-07
novel.1264,-0.931713321,8.65E-05,0.000148234
novel.1265,2.717301772,0.00132814,0.0020861
novel.1266,4.296278778,1.08E-18,3.25E-18
novel.1268,1.073114931,0.014725767,0.021055926
novel.1271,2.385278317,0.003264153,0.004966656
novel.1273,-3.074212256,7.10E-21,2.26E-20
novel.1274,0.79993807,0.018141969,0.025708292
novel.1275,0.445440676,1.57E-08,3.28E-08
novel.1285,1.091558631,0.000831406,0.001327952
novel.1287,5.332733609,6.27E-40,3.18E-39
novel.1288,1.04456239,9.51E-13,2.36E-12
novel.1290,5.406722645,7.28E-30,2.92E-29
novel.1292,-0.859539264,0.011548675,0.016664521
novel.1296,-5.574225076,1.01E-62,8.05E-62
novel.1298,3.657748946,2.60E-10,5.87E-10
novel.13,-2.028115379,2.90E-07,5.74E-07
novel.1300,1.327090706,3.29E-08,6.81E-08
novel.1301,7.407438582,3.35E-75,3.28E-74
novel.1303,2.932798315,7.41E-12,1.78E-11
novel.1305,2.088805677,0.01274381,0.018315822
novel.1306,-2.417641663,1.29E-49,8.02E-49
novel.1307,1.977121745,5.98E-26,2.18E-25
novel.1308,2.237662324,0.018173948,0.025751141
novel.1309,-0.905747221,3.27E-12,7.95E-12
novel.1312,3.441049533,2.90E-15,7.87E-15
novel.1313,-2.281790538,8.72E-15,2.33E-14
novel.1315,-1.817829341,0.000155883,0.000262278
novel.1316,-1.537345263,0.009111923,0.013274592
novel.1317,-4.56041772,2.39E-31,9.94E-31
novel.132,-2.863308799,9.74E-05,0.000166409
novel.1320,-1.338674798,0.000399658,0.000653304
novel.1322,-0.590321103,0.005926297,0.008797851
novel.1324,-2.17989396,7.37E-06,1.35E-05
novel.1325,-2.911083793,9.27E-15,2.47E-14
novel.1326,6.620387764,1.09E-58,8.06E-58
novel.1327,-2.671495229,2.37E-12,5.79E-12
novel.1328,2.255850176,3.49E-05,6.13E-05
novel.1329,4.002178327,5.95E-26,2.17E-25
novel.133,-2.151551158,4.51E-27,1.69E-26
novel.1330,0.391246819,0.042497537,0.057711596
novel.1335,-2.733878986,1.93E-17,5.60E-17
novel.1336,3.473295967,1.94E-25,6.98E-25
novel.1338,-3.655286018,6.15E-95,8.00E-94
novel.1339,3.530541439,3.18E-05,5.61E-05
novel.1341,3.118260385,0.000161906,0.000272087
novel.1342,3.074785409,2.79E-06,5.23E-06
novel.1343,1.797521015,0.000606803,0.000979039
novel.1345,-4.047739584,8.99E-30,3.60E-29
novel.1347,-0.544220815,0.00297019,0.004533593
novel.1348,-1.086609856,0.044762078,0.060606726
novel.135,1.477635245,0.004046722,0.006103401
novel.1351,-1.227981146,0.006848707,0.010101314
novel.1353,4.962907204,2.13E-35,9.77E-35
novel.1355,-2.521076466,1.17E-09,2.58E-09
novel.1359,5.194520417,2.25E-29,8.94E-29
novel.1360,4.800531161,8.96E-18,2.63E-17
novel.1361,1.869301349,0.000190285,0.000318333
novel.1365,-3.603973738,1.53E-19,4.71E-19
novel.1366,-2.902812805,3.95E-09,8.48E-09
novel.1367,-5.600259588,1.29E-57,9.29E-57
novel.1369,-3.908484481,2.36E-27,8.91E-27
novel.137,0.651810973,0.020720908,0.029172766
novel.1370,-7.514642098,7.34E-137,1.60E-135
novel.1371,7.227431581,1.61E-65,1.35E-64
novel.1373,1.645204925,4.77E-14,1.24E-13
novel.1377,2.03062065,2.68E-44,1.50E-43
novel.1379,-2.536750341,1.05E-06,2.01E-06
novel.138,-1.60025751,9.28E-39,4.58E-38
novel.1380,-1.642484213,0.035729577,0.048990721
novel.1381,-1.633126178,1.54E-05,2.77E-05
novel.1382,6.974409802,2.94E-53,1.95E-52
novel.1383,0.905766381,0.008686431,0.012679694
novel.1384,0.487748891,0.00566199,0.008418995
novel.1385,-5.507580897,1.44E-70,1.31E-69
novel.139,-1.158256503,1.49E-07,2.98E-07
novel.1390,2.301396619,1.82E-07,3.64E-07
novel.1391,1.235751889,1.23E-06,2.35E-06
novel.1393,-1.844433603,0.000219598,0.000365614
novel.1394,0.921902975,0.029189371,0.040416473
novel.1397,-2.887158263,1.08E-08,2.29E-08
novel.140,5.262665305,1.06E-126,2.08E-125
novel.1401,-0.636477209,0.010687,0.015463377
novel.1402,0.954124862,0.010565917,0.015294911
novel.1403,-0.884301401,4.14E-08,8.51E-08
novel.1404,-3.020994736,8.90E-23,2.98E-22
novel.1405,5.67632344,3.93E-39,1.96E-38
novel.1406,7.228532149,9.99E-56,6.98E-55
novel.1407,3.258351806,5.31E-05,9.23E-05
novel.1408,5.864690042,2.42E-42,1.29E-41
novel.1409,5.826024828,6.45E-27,2.41E-26
novel.1410,4.36102474,8.11E-17,2.31E-16
novel.1411,5.259568019,1.71E-17,4.98E-17
novel.1412,2.38831087,0.00409134,0.006168495
novel.1413,6.427293744,6.42E-40,3.25E-39
novel.1414,3.498696632,4.40E-08,9.03E-08
novel.1415,6.042251114,1.64E-35,7.54E-35
novel.1416,0.685192918,0.007334107,0.010786052
novel.1418,2.635601847,0.017273947,0.024532306
novel.142,-3.372802822,8.42E-18,2.47E-17
novel.1421,2.628574291,2.06E-41,1.08E-40
novel.1423,-4.806129215,6.90E-43,3.73E-42
novel.1428,-1.035186343,0.000542234,0.000877493
novel.1429,1.369091021,2.15E-11,5.06E-11
novel.143,-4.08935118,4.20E-75,4.12E-74
novel.1431,-4.960488376,1.09E-34,4.90E-34
novel.1432,-4.629825314,7.70E-59,5.70E-58
novel.1435,-3.817322592,4.03E-07,7.91E-07
novel.1437,2.780118329,3.73E-06,6.96E-06
novel.1438,-4.84007763,2.68E-65,2.24E-64
novel.1439,3.265806184,3.97E-15,1.07E-14
novel.1440,2.721533266,3.98E-05,6.97E-05
novel.1441,-3.942945569,5.37E-25,1.91E-24
novel.1442,-3.879422115,7.53E-23,2.53E-22
novel.1444,-4.53865268,1.12E-29,4.47E-29
novel.1445,-0.790740083,1.08E-06,2.08E-06
novel.1446,6.566850796,2.51E-170,7.69E-169
novel.1449,1.925372512,8.31E-09,1.76E-08
novel.1450,4.589760987,2.91E-86,3.34E-85
novel.1451,2.877000354,6.60E-12,1.59E-11
novel.1453,2.923035613,0.008756646,0.012779036
novel.1454,-5.821255629,3.58E-68,3.12E-67
novel.1455,-3.269483936,1.95E-11,4.60E-11
novel.1459,2.071660327,8.07E-05,0.000138581
novel.1460,1.883992308,1.22E-07,2.46E-07
novel.1463,-1.614449316,4.46E-07,8.74E-07
novel.1464,1.358737162,0.004761871,0.007134005
novel.1468,3.115919853,3.07E-05,5.42E-05
novel.147,4.30262374,4.53E-42,2.41E-41
novel.1472,-0.566289483,0.000784032,0.001254655
novel.1473,-1.065922364,5.96E-27,2.23E-26
novel.1474,2.823425973,0.000214231,0.000357019
novel.1475,3.221776588,5.75E-05,9.98E-05
novel.1477,-2.816571128,3.39E-21,1.09E-20
novel.1478,-2.24500995,7.80E-10,1.73E-09
novel.148,1.911234734,5.55E-13,1.39E-12
novel.1480,-1.238585773,1.85E-08,3.86E-08
novel.1481,-1.129213791,0.008849947,0.012909463
novel.1482,-2.155609154,4.92E-08,1.01E-07
novel.1483,0.447356805,0.043572421,0.059084498
novel.1484,0.450770787,0.048754203,0.06576138
novel.1485,-1.147998496,0.003754454,0.005681711
novel.149,2.158304177,8.81E-18,2.59E-17
novel.1493,3.161215399,7.26E-37,3.43E-36
novel.1494,2.355664515,0.000194353,0.00032488
novel.1497,-2.998746673,1.03E-09,2.27E-09
novel.1498,-8.76972281,3.24E-154,8.45E-153
novel.1499,2.058221443,5.80E-11,1.34E-10
novel.15,1.165166002,0.006662896,0.009837065
novel.150,-2.652320714,1.96E-34,8.80E-34
novel.1500,-1.553451569,0.00078234,0.001252058
novel.1501,3.047770644,4.17E-37,1.99E-36
novel.1502,6.86280826,9.94E-53,6.53E-52
novel.1503,-2.712070478,2.21E-31,9.20E-31
novel.1506,-2.398816708,1.24E-09,2.72E-09
novel.1507,-4.697167601,2.44E-115,4.17E-114
novel.1508,-2.833629135,1.71E-14,4.53E-14
novel.151,-0.742710925,0.004672206,0.007007479
novel.1511,5.805881916,1.34E-72,1.26E-71
novel.1512,-0.636876249,0.001492301,0.002335639
novel.1514,2.843684545,9.58E-06,1.75E-05
novel.1515,1.513541157,1.73E-12,4.25E-12
novel.1516,-0.61899663,0.00013722,0.000231699
novel.1517,-5.355993881,3.97E-87,4.61E-86
novel.1518,-5.488074811,9.84E-68,8.50E-67
novel.1522,-4.194664826,7.26E-63,5.81E-62
novel.1523,4.031341732,1.66E-07,3.32E-07
novel.1525,4.491100812,1.60E-12,3.94E-12
novel.1527,-2.770462971,1.73E-67,1.49E-66
novel.1528,-1.135341568,1.35E-05,2.45E-05
novel.1530,-1.423965448,0.007516383,0.011039851
novel.1532,-1.981852783,4.15E-53,2.74E-52
novel.1535,-3.937434484,1.55E-17,4.52E-17
novel.1539,-3.631339173,4.39E-29,1.73E-28
novel.1542,0.443402372,0.021443643,0.030145824
novel.1546,2.659680651,0.010112487,0.014671562
novel.1548,-0.51822359,1.40E-05,2.53E-05
novel.155,-4.33191763,1.14E-37,5.53E-37
novel.1550,-2.632411873,2.21E-11,5.22E-11
novel.1551,-2.974903621,3.32E-09,7.17E-09
novel.1552,-0.527679729,0.005337191,0.00795323
novel.1555,1.998662737,0.000170961,0.000286881
novel.1556,-3.297305262,4.57E-09,9.77E-09
novel.1558,1.200638366,0.023084808,0.032345409
novel.1562,3.624322898,2.54E-13,6.44E-13
novel.1563,2.383003555,0.001663327,0.002593849
novel.1565,-1.271213451,0.001296048,0.002037749
novel.1566,-5.695103222,1.29E-136,2.80E-135
novel.1568,-1.442642401,3.64E-05,6.38E-05
novel.1571,3.594703081,1.54E-35,7.06E-35
novel.1572,3.156609913,2.23E-09,4.85E-09
novel.1573,-0.897311684,6.54E-13,1.63E-12
novel.1575,-1.233462561,0.002846364,0.004352674
novel.1577,-5.545843778,1.04E-66,8.79E-66
novel.1578,2.227381269,4.31E-07,8.44E-07
novel.1579,-0.921951749,4.52E-05,7.90E-05
novel.158,-1.376283611,0.000150869,0.000254059
novel.1586,-2.924514569,1.65E-08,3.45E-08
novel.1588,-1.34295222,0.015504978,0.022119847
novel.159,0.765827835,1.84E-14,4.86E-14
novel.1591,1.791710123,0.007557042,0.011097917
novel.1592,-2.751909219,1.56E-17,4.53E-17
novel.1594,1.689468393,1.55E-11,3.69E-11
novel.1599,7.208491036,1.03E-62,8.18E-62
novel.1600,5.907883871,3.48E-34,1.55E-33
novel.1601,-1.289496863,1.43E-16,4.03E-16
novel.1603,1.917545653,7.81E-15,2.09E-14
novel.1604,3.177729399,0.000635831,0.001024588
novel.1605,3.823847288,4.29E-197,1.69E-195
novel.1607,2.527921292,6.20E-11,1.43E-10
novel.161,-4.686307933,3.14E-23,1.07E-22
novel.1610,2.571722564,1.16E-149,2.92E-148
novel.1611,-1.879250741,1.40E-11,3.34E-11
novel.1612,-1.852785077,3.26E-13,8.23E-13
novel.1616,4.593553451,1.68E-21,5.42E-21
novel.1617,-0.415804189,8.46E-06,1.55E-05
novel.1618,3.726452682,3.28E-32,1.40E-31
novel.1619,3.284754514,1.42E-05,2.57E-05
novel.162,-0.813718815,0.000622321,0.00100331
novel.1620,3.003492867,1.02E-24,3.61E-24
novel.1623,-0.938342764,0.001337715,0.002100805
novel.1625,2.02998074,4.26E-05,7.46E-05
novel.1627,0.791569172,3.29E-50,2.07E-49
novel.1628,-2.11249888,6.22E-05,0.000107651
novel.1629,-1.807214046,0.000405138,0.000662041
novel.163,0.634384417,0.038236899,0.052268756
novel.1630,-2.45432377,3.71E-19,1.13E-18
novel.1631,-0.971798277,5.68E-11,1.32E-10
novel.1632,-2.369518163,1.73E-10,3.95E-10
novel.1639,-0.246878061,0.000409643,0.000669033
novel.164,-4.059426784,4.28E-18,1.27E-17
novel.1641,-0.469833793,0.026023702,0.036252069
novel.1647,-3.201200112,7.69E-86,8.77E-85
novel.1648,-3.607542568,2.48E-20,7.79E-20
novel.1649,4.830199419,1.58E-22,5.28E-22
novel.1652,-2.657445479,7.76E-11,1.79E-10
novel.1653,-2.600367447,4.43E-08,9.09E-08
novel.1656,3.833709401,3.65E-10,8.18E-10
novel.1657,1.116778288,0.009922869,0.014409884
novel.166,0.640609969,8.29E-06,1.52E-05
novel.1660,3.352781706,4.83E-16,1.34E-15
novel.1661,-5.413353645,1.13E-90,1.37E-89
novel.1662,-2.767844197,6.41E-30,2.57E-29
novel.1664,-0.627535238,0.026106945,0.036364605
novel.1668,0.630094031,5.54E-07,1.08E-06
novel.167,2.419423785,0.045763817,0.061897168
novel.1670,-0.98425459,0.016647003,0.023681714
novel.1671,4.043310436,3.23E-54,2.19E-53
novel.1675,2.968125779,4.83E-05,8.42E-05
novel.168,4.305942215,8.60E-20,2.67E-19
novel.1683,-3.049913262,2.75E-48,1.67E-47
novel.1685,-2.426888254,2.65E-14,6.95E-14
novel.1686,-1.940128859,5.96E-16,1.65E-15
novel.1687,-4.697473551,1.78E-32,7.63E-32
novel.169,3.994832866,1.18E-11,2.82E-11
novel.1691,-2.6047459,2.65E-86,3.04E-85
novel.1694,4.37738992,3.95E-28,1.52E-27
novel.17,-3.10752378,6.26E-16,1.73E-15
novel.1703,5.432796946,4.27E-39,2.12E-38
novel.1704,-0.844037136,0.005867253,0.00871282
novel.1705,-2.091861438,2.36E-23,8.04E-23
novel.1708,-2.111502426,0.000195533,0.000326834
novel.1709,-0.496244645,0.000805256,0.001287575
novel.171,1.08666256,0.006001795,0.00890323
novel.1710,-2.04992783,1.57E-05,2.83E-05
novel.1711,-1.886024808,0.039419917,0.053756745
novel.1713,-1.049265002,1.15E-07,2.31E-07
novel.1714,-1.477146625,7.71E-23,2.59E-22
novel.1716,4.120914025,1.20E-09,2.63E-09
novel.172,-1.313062073,9.90E-09,2.09E-08
novel.1720,1.307925008,0.013758357,0.019712671
novel.1721,-1.269084346,1.30E-06,2.48E-06
novel.1722,2.061509531,4.00E-06,7.44E-06
novel.1723,-1.231579021,3.08E-05,5.44E-05
novel.1724,-1.570486619,0.000591286,0.000954732
novel.1725,-3.394420824,3.18E-53,2.11E-52
novel.1726,3.848617077,6.40E-16,1.77E-15
novel.1728,0.778395466,0.018240738,0.025840828
novel.173,-2.390233316,9.77E-22,3.19E-21
novel.1732,-3.334991308,7.37E-55,5.05E-54
novel.1733,-3.279439811,1.85E-15,5.05E-15
novel.1736,3.294301116,1.58E-07,3.16E-07
novel.1737,-3.528999945,7.69E-66,6.46E-65
novel.1738,-2.237663767,0.000113244,0.000192397
novel.174,-0.645896635,0.000154205,0.000259514
novel.1741,1.638690291,0.000103579,0.000176462
novel.1742,2.885472368,3.93E-05,6.88E-05
novel.1743,-1.259214977,4.20E-09,9.00E-09
novel.1745,-2.863976113,8.66E-11,1.99E-10
novel.1746,1.080402295,0.004584933,0.00688182
novel.1747,-0.974287886,0.020469475,0.028839363
novel.175,-2.150569366,2.35E-09,5.11E-09
novel.1750,3.816985275,6.06E-129,1.21E-127
novel.1751,3.885676557,2.98E-13,7.53E-13
novel.1752,3.96878684,3.69E-14,9.63E-14
novel.1754,0.388294912,0.000462304,0.000752259
novel.1758,-1.054715364,5.35E-08,1.09E-07
novel.1759,2.020912696,0.000551383,0.000892007
novel.1760,9.357925073,4.25E-176,1.36E-174
novel.1761,5.711649488,0,0
novel.1762,4.283871408,2.95E-38,1.44E-37
novel.1763,1.792003296,2.29E-08,4.77E-08
novel.1764,4.044767253,3.52E-10,7.91E-10
novel.1767,4.124742397,1.34E-13,3.43E-13
novel.1768,-8.208668102,5.48E-157,1.47E-155
novel.1769,-5.286140935,2.36E-48,1.43E-47
novel.177,3.181785304,0.010261922,0.014875965
novel.1770,-1.925524327,1.53E-15,4.19E-15
novel.1774,1.721442738,0.000934288,0.00148602
novel.1776,-1.300455013,4.13E-07,8.10E-07
novel.1777,0.688360136,0.026331913,0.036650356
novel.1778,6.885770725,6.39E-130,1.30E-128
novel.178,-4.469347362,1.98E-27,7.48E-27
novel.1780,-1.155479016,0.039396059,0.053726686
novel.1784,3.283765796,0.039045581,0.053292939
novel.1786,-0.514409067,0.010347894,0.014992512
novel.1787,-1.978346499,2.30E-07,4.57E-07
novel.1788,-1.567282993,6.77E-12,1.63E-11
novel.1789,2.916794685,0.00078122,0.001250357
novel.1790,3.710870921,1.75E-11,4.15E-11
novel.1794,6.304108822,3.56E-68,3.09E-67
novel.1795,-5.119293386,1.25E-22,4.19E-22
novel.1797,-2.655954178,2.75E-09,5.95E-09
novel.1798,7.544741585,2.41E-92,3.02E-91
novel.1800,0.985687356,0.007643824,0.011219791
novel.1807,0.461107031,1.45E-06,2.76E-06
novel.1808,-2.575491998,1.34E-08,2.81E-08
novel.181,0.653904928,4.01E-29,1.58E-28
novel.1810,-2.230483493,5.07E-05,8.82E-05
novel.1811,2.0558244,0.004735324,0.00709567
novel.1813,-1.499211692,0.020426319,0.028781303
novel.1815,-5.517273828,7.95E-37,3.76E-36
novel.1817,4.439966307,1.64E-08,3.44E-08
novel.1818,4.620983293,8.04E-14,2.08E-13
novel.1819,2.615649714,5.60E-10,1.25E-09
novel.1821,1.00173261,8.73E-07,1.68E-06
novel.1822,3.294176347,3.52E-06,6.56E-06
novel.1825,-0.926190073,1.18E-18,3.56E-18
novel.1826,-0.382419664,0.007296195,0.010731896
novel.1828,2.261907983,0.000314117,0.000517131
novel.1830,-1.895730425,2.20E-05,3.92E-05
novel.1832,-1.911232458,0.00425862,0.006410248
novel.1833,-1.256140763,1.62E-10,3.68E-10
novel.1834,-0.814901982,1.33E-05,2.40E-05
novel.1836,3.214766604,0.001430948,0.00224246
novel.1838,-0.785547728,1.34E-05,2.42E-05
novel.1840,-0.553696803,0.015250736,0.021776041
novel.1841,-4.246264071,4.45E-60,3.37E-59
novel.1842,-4.127280497,9.72E-36,4.48E-35
novel.1843,2.148172827,0.000629253,0.00101432
novel.1844,1.575514774,1.74E-05,3.12E-05
novel.1845,-0.87691298,0.010227742,0.014830778
novel.1846,1.216418795,8.60E-05,0.000147408
novel.185,-1.120601034,8.66E-13,2.15E-12
novel.1851,1.764426895,2.09E-05,3.73E-05
novel.1852,-3.626479725,0.008496282,0.01241193
novel.1855,-3.700986666,2.04E-19,6.25E-19
novel.1856,1.474692596,0.006744205,0.009953135
novel.1857,2.477701519,0.000102292,0.000174371
novel.186,-7.531783979,6.21E-118,1.10E-116
novel.1860,1.137865385,0.040662087,0.055335903
novel.1861,1.120915909,1.28E-06,2.44E-06
novel.1863,4.265144428,5.11E-13,1.28E-12
novel.1864,3.805753241,5.63E-10,1.25E-09
novel.1870,1.846181915,0.005576192,0.008295171
novel.1871,1.890091772,0.000125403,0.000212372
novel.1872,2.81552873,7.85E-08,1.59E-07
novel.1874,-0.718558287,0.010154847,0.014730853
novel.1875,-1.468420641,0.000764554,0.001224479
novel.1878,1.244465536,4.17E-17,1.20E-16
novel.188,1.846748146,0.028253918,0.039187244
novel.1880,2.473723907,0.005201849,0.007761714
novel.1882,-2.395908924,2.92E-31,1.21E-30
novel.1883,2.527007661,0.031721253,0.043760389
novel.1884,5.914800101,7.19E-95,9.34E-94
novel.1885,-2.181063979,2.09E-18,6.24E-18
novel.1886,5.173468979,8.37E-29,3.27E-28
novel.1890,-2.953637906,1.21E-14,3.20E-14
novel.1895,2.513061724,5.83E-26,2.13E-25
novel.19,-3.282425503,1.67E-15,4.57E-15
novel.1900,-0.453744735,0.000487402,0.000791573
novel.1901,-2.970378077,1.58E-08,3.32E-08
novel.1902,-1.91701046,0.001811574,0.002815825
novel.1905,-4.476718712,4.31E-39,2.14E-38
novel.191,4.025997506,5.91E-10,1.31E-09
novel.1913,-1.165155685,7.55E-10,1.67E-09
novel.1918,1.994977934,0.000840417,0.001342054
novel.1919,-1.811877372,2.46E-49,1.52E-48
novel.192,5.046555192,1.01E-16,2.87E-16
novel.1922,-2.632060233,4.60E-11,1.07E-10
novel.1924,2.010730261,0.033937276,0.046675983
novel.1925,6.734689408,2.28E-69,2.03E-68
novel.1926,7.643747692,7.53E-95,9.78E-94
novel.1927,-2.613399594,5.70E-17,1.63E-16
novel.1928,3.722200588,1.69E-19,5.19E-19
novel.1929,-3.698456785,3.09E-10,6.95E-10
novel.193,4.587419401,7.46E-11,1.72E-10
novel.1930,-2.097130057,9.09E-06,1.66E-05
novel.1931,-2.326358496,3.79E-06,7.06E-06
novel.1932,-1.604111154,0.01490038,0.021296335
novel.1934,-5.347417777,1.67E-55,1.16E-54
novel.1936,-4.628422179,2.16E-38,1.06E-37
novel.194,0.398143283,0.000894451,0.001425263
novel.1940,6.042848525,2.34E-60,1.79E-59
novel.1942,-1.807415643,5.29E-24,1.83E-23
novel.1943,-1.839256492,5.42E-14,1.41E-13
novel.1945,-1.912444831,5.31E-09,1.13E-08
novel.1946,4.813013563,3.59E-20,1.12E-19
novel.195,1.972404491,0.000131181,0.000221801
novel.1950,-1.532697724,1.53E-43,8.39E-43
novel.1951,-1.638268959,0.012213821,0.017588282
novel.1954,-1.863104119,0.000753178,0.001207305
novel.1955,2.01309007,0.044792106,0.060641116
novel.1956,7.563267954,3.53E-44,1.97E-43
novel.1957,4.370300456,5.22E-32,2.21E-31
novel.1959,-0.739433493,0.002954447,0.004511426
novel.1960,-2.898710627,2.52E-26,9.27E-26
novel.1962,-2.629583684,6.87E-09,1.46E-08
novel.1963,3.219141177,3.50E-06,6.53E-06
novel.1964,-0.800725768,1.05E-16,2.97E-16
novel.1965,-2.68306513,7.55E-07,1.46E-06
novel.1966,4.978571091,5.72E-22,1.88E-21
novel.1968,-4.165533963,3.38E-26,1.24E-25
novel.1969,-2.819317559,1.72E-09,3.75E-09
novel.197,-1.101096699,0.006332446,0.00937164
novel.1970,-2.068085169,1.57E-19,4.84E-19
novel.1971,-1.65537956,0.004611705,0.006919897
novel.1973,-3.631148398,4.46E-61,3.45E-60
novel.1974,-1.506695244,4.88E-10,1.09E-09
novel.1979,5.730016946,6.73E-36,3.12E-35
novel.1980,-1.980796497,8.66E-10,1.91E-09
novel.1986,3.688800153,5.25E-06,9.72E-06
novel.1987,6.260898054,2.29E-38,1.12E-37
novel.199,-2.277916687,1.33E-185,4.78E-184
novel.1990,-1.848525198,0.019863364,0.02802813
novel.1991,3.220020122,0.000429084,0.000699742
novel.1994,3.682802287,0.005320883,0.007931325
novel.1996,2.649823068,8.21E-07,1.58E-06
novel.1999,2.624559832,0.0033432,0.005082489
novel.2000,5.782329478,4.35E-36,2.02E-35
novel.2001,-2.510722883,1.94E-16,5.46E-16
novel.2002,-0.746597399,1.37E-06,2.62E-06
novel.2004,-2.666047025,2.86E-09,6.19E-09
novel.2006,0.672146579,0.024457633,0.034167002
novel.2008,-5.701404692,1.10E-48,6.73E-48
novel.2009,-4.487425345,4.93E-82,5.34E-81
novel.201,1.171588772,0.004933481,0.007378399
novel.2010,-5.720359104,6.53E-106,9.92E-105
novel.2011,2.555774888,8.19E-12,1.96E-11
novel.2013,4.304389703,3.48E-11,8.13E-11
novel.2014,4.395773025,3.19E-44,1.78E-43
novel.2015,8.356101996,3.23E-184,1.14E-182
novel.2016,6.32198204,1.24E-101,1.78E-100
novel.202,-0.911951502,4.21E-05,7.36E-05
novel.2020,-2.154081759,3.26E-05,5.74E-05
novel.2021,2.442522294,1.86E-06,3.51E-06
novel.2022,0.709676622,0.002850871,0.004359116
novel.2024,-0.236695291,0.00029127,0.000480481
novel.2025,-4.73494964,2.79E-59,2.08E-58
novel.2027,-2.184034551,3.36E-06,6.29E-06
novel.2028,-4.258211909,8.32E-51,5.28E-50
novel.203,-7.302285161,2.40E-60,1.83E-59
novel.2030,3.667854836,5.12E-14,1.33E-13
novel.2031,3.748315631,0.000150593,0.000253622
novel.2033,-3.988330707,1.08E-105,1.63E-104
novel.2037,-0.998264015,0.007187943,0.010581087
novel.2038,0.734555837,5.32E-17,1.53E-16
novel.2039,-0.427407339,4.33E-06,8.04E-06
novel.2040,-9.313010949,6.32E-201,2.61E-199
novel.2043,-1.140269669,0.000245584,0.00040748
novel.2045,-1.218658842,0.003185415,0.004848846
novel.2047,-1.956615821,3.77E-19,1.15E-18
novel.2048,-1.625711775,1.71E-22,5.69E-22
novel.205,-1.304709546,1.60E-17,4.65E-17
novel.2050,-1.499475763,7.15E-10,1.59E-09
novel.2052,-4.791773156,4.02E-67,3.44E-66
novel.2053,5.050203585,4.99E-30,2.01E-29
novel.2058,-0.868441774,1.78E-17,5.18E-17
novel.206,-3.852343484,3.90E-57,2.79E-56
novel.2060,0.562499956,1.43E-46,8.42E-46
novel.2062,7.561663049,9.23E-62,7.21E-61
novel.2068,-1.62683907,1.11E-12,2.75E-12
novel.2071,-2.055514183,3.83E-09,8.22E-09
novel.2072,2.355479503,6.51E-05,0.000112507
novel.2073,2.025222503,4.53E-13,1.14E-12
novel.2074,-1.712912532,1.19E-06,2.27E-06
novel.2075,-1.964643944,1.92E-11,4.54E-11
novel.2077,3.891722975,2.59E-31,1.08E-30
novel.2081,-3.424547504,1.16E-52,7.62E-52
novel.2082,-1.023850269,0.043206631,0.058621304
novel.2083,-1.188598564,0.031647422,0.043660573
novel.2084,-6.283768322,5.62E-32,2.37E-31
novel.2085,-4.410574574,4.42E-19,1.34E-18
novel.2086,0.977135968,0.027280021,0.03790935
novel.209,1.671090549,7.87E-15,2.10E-14
novel.2094,-0.698334601,0.000247819,0.000411026
novel.2095,0.787286696,0.001342883,0.002108809
novel.2098,-3.698618286,1.16E-25,4.18E-25
novel.2099,1.07081892,0.005851031,0.008689167
novel.21,-1.202433218,0.000143306,0.000241695
novel.2100,-3.48847785,5.59E-14,1.45E-13
novel.2101,4.987108228,2.28E-17,6.59E-17
novel.2102,1.280323071,0.016703222,0.023751412
novel.2107,-4.055683815,2.23E-15,6.08E-15
novel.2108,1.490918662,0.016486604,0.023461431
novel.2110,-2.603125959,1.21E-12,2.98E-12
novel.2111,-1.930613748,2.06E-106,3.16E-105
novel.2112,-3.580140222,1.53E-13,3.91E-13
novel.2114,-2.766177462,4.86E-48,2.94E-47
novel.2115,6.290778058,1.05E-273,7.45E-272
novel.2117,1.268219221,0.012451114,0.017912553
novel.2120,-1.282965837,6.76E-24,2.33E-23
novel.2121,-1.940299834,1.09E-12,2.69E-12
novel.2126,1.453612923,5.63E-07,1.10E-06
novel.2127,-3.577921995,2.50E-44,1.40E-43
novel.2128,2.764429683,2.99E-56,2.11E-55
novel.2129,0.178766848,0.003862244,0.005839456
novel.213,2.678274843,2.79E-09,6.03E-09
novel.2130,5.228787093,1.78E-34,8.02E-34
novel.2131,3.420838463,8.00E-21,2.54E-20
novel.2132,-1.692852369,6.66E-54,4.48E-53
novel.2133,3.744747721,1.67E-07,3.33E-07
novel.2136,-6.428446469,1.22E-54,8.33E-54
novel.2137,-3.023060759,7.08E-14,1.83E-13
novel.2138,4.21164022,2.59E-12,6.32E-12
novel.214,4.058402546,5.41E-16,1.50E-15
novel.2140,4.051971909,4.29E-09,9.20E-09
novel.2146,-1.323324071,2.79E-07,5.51E-07
novel.2147,2.378562874,0.023323712,0.032666226
novel.2148,5.005581544,2.79E-18,8.31E-18
novel.2149,4.174364502,1.11E-12,2.74E-12
novel.215,0.824811126,1.46E-22,4.87E-22
novel.2150,0.283728293,0.014190884,0.020317627
novel.2151,4.614794969,7.69E-24,2.65E-23
novel.2156,2.417517541,9.40E-06,1.71E-05
novel.2158,3.53236327,9.17E-11,2.11E-10
novel.2159,-2.336819518,7.22E-11,1.67E-10
novel.2161,0.467648812,5.44E-08,1.11E-07
novel.2162,0.665334311,0.018614568,0.026345184
novel.2164,4.295280756,1.83E-61,1.43E-60
novel.2165,7.243931575,5.22E-88,6.12E-87
novel.2166,8.304640501,2.74E-91,3.37E-90
novel.2167,1.172922682,2.01E-06,3.80E-06
novel.2168,-3.591994254,2.31E-21,7.46E-21
novel.2169,-1.766849853,6.20E-07,1.21E-06
novel.217,2.053188788,5.24E-25,1.86E-24
novel.2171,2.261896721,7.92E-07,1.53E-06
novel.2172,2.49094936,6.13E-35,2.78E-34
novel.2173,8.341587546,1.70E-99,2.37E-98
novel.2174,-6.367172287,1.58E-44,8.89E-44
novel.2175,5.307589049,5.42E-52,3.52E-51
novel.2176,4.454892799,3.07E-52,2.01E-51
novel.2177,1.0578294,3.04E-14,7.97E-14
novel.2178,3.618805536,2.10E-05,3.74E-05
novel.218,2.011669412,0.011746759,0.016935483
novel.2180,-0.529202498,0.007711564,0.011316415
novel.2183,3.647670692,4.24E-08,8.72E-08
novel.2184,0.790717404,1.45E-06,2.76E-06
novel.2187,-2.06749376,2.77E-07,5.48E-07
novel.219,-4.107981431,4.08E-54,2.76E-53
novel.2191,-0.460154458,4.51E-09,9.65E-09
novel.2193,-2.859667093,7.40E-14,1.92E-13
novel.2198,1.270395343,5.59E-07,1.09E-06
novel.220,4.090134794,1.97E-11,4.66E-11
novel.2200,-1.126319158,1.46E-48,8.94E-48
novel.2201,5.853328765,4.92E-47,2.91E-46
novel.2202,-4.328562288,7.22E-72,6.70E-71
novel.2203,-3.379041258,1.30E-59,9.76E-59
novel.2206,-3.69022396,5.26E-45,2.98E-44
novel.2208,-4.418232355,9.53E-40,4.80E-39
novel.221,-6.7019173,7.49E-83,8.22E-82
novel.2210,-1.669910345,0.004746965,0.007112033
novel.2211,-1.415281802,0.012048401,0.017356831
novel.2212,1.63896971,2.13E-12,5.22E-12
novel.2213,1.998071626,0.010331035,0.014970088
novel.2220,-1.969309014,5.99E-06,1.11E-05
novel.2223,8.505785833,4.02E-129,8.09E-128
novel.2224,2.095786892,9.39E-16,2.58E-15
novel.2230,-1.453658914,0.000142022,0.000239598
novel.2233,-3.22892465,3.90E-40,1.99E-39
novel.2235,-2.2470073,1.80E-12,4.42E-12
novel.2237,-3.538707595,4.50E-15,1.21E-14
novel.2238,7.696659758,1.51E-111,2.46E-110
novel.224,-1.27582705,4.50E-06,8.36E-06
novel.2241,2.457112395,7.33E-10,1.62E-09
novel.2248,-1.78194723,7.20E-07,1.39E-06
novel.2251,-1.229226687,3.97E-05,6.95E-05
novel.2253,-3.610544218,3.13E-21,1.01E-20
novel.2255,2.641728326,3.98E-11,9.27E-11
novel.2257,5.541071929,4.45E-37,2.12E-36
novel.2258,5.245583443,6.31E-25,2.23E-24
novel.226,-2.494064648,2.27E-08,4.72E-08
novel.2261,-0.771387156,0.000144837,0.000244206
novel.2262,3.002845718,2.14E-19,6.56E-19
novel.2263,7.744098297,8.69E-104,1.28E-102
novel.227,-1.816576075,1.80E-06,3.40E-06
novel.2271,5.08514789,9.72E-24,3.34E-23
novel.2272,1.684613672,3.06E-05,5.41E-05
novel.2273,-0.755504313,0.035958707,0.049295755
novel.2274,-1.688869069,6.07E-07,1.18E-06
novel.2275,-1.727743859,2.01E-09,4.38E-09
novel.2276,2.659784893,2.49E-06,4.67E-06
novel.2278,4.006990907,4.81E-07,9.40E-07
novel.2279,2.35197944,5.39E-09,1.15E-08
novel.228,-0.737680076,0.043365715,0.058817419
novel.2280,5.856617782,3.03E-126,5.90E-125
novel.2285,-5.641521415,6.17E-58,4.48E-57
novel.2286,-1.383911605,1.50E-09,3.28E-09
novel.2287,-3.008461117,3.67E-32,1.56E-31
novel.2288,-2.174049008,0.000177287,0.000297177
novel.229,-1.376574257,0.001567079,0.002449307
novel.2291,1.194341929,6.07E-05,0.000105182
novel.2294,-0.725766648,0.000353461,0.000580031
novel.2295,-4.015248264,1.28E-83,1.42E-82
novel.2296,3.829359873,2.44E-13,6.20E-13
novel.2297,1.211349208,2.87E-12,6.98E-12
novel.2299,-0.546353668,1.78E-06,3.37E-06
novel.23,-0.742879823,0.034264445,0.047095305
novel.230,-1.791597654,0.005779088,0.008586207
novel.2300,0.401913908,2.99E-08,6.20E-08
novel.2302,-1.352343662,0.001623679,0.002535493
novel.2303,-5.154283522,2.99E-62,2.36E-61
novel.2304,4.281759053,2.45E-14,6.43E-14
novel.2305,2.835413574,0.028667518,0.03973109
novel.2309,8.020486241,1.25E-108,1.97E-107
novel.231,-1.493737122,1.27E-05,2.29E-05
novel.2311,-1.151822807,0.000375883,0.000615664
novel.2312,4.227278183,8.90E-20,2.76E-19
novel.2313,4.827039808,1.19E-20,3.76E-20
novel.2315,0.687065033,5.52E-10,1.23E-09
novel.2317,4.217666546,3.30E-62,2.60E-61
novel.2318,1.017400355,8.03E-07,1.55E-06
novel.232,-1.762839254,1.43E-06,2.72E-06
novel.2320,0.990390706,4.86E-05,8.47E-05
novel.2321,-0.432043155,0.013621457,0.019523143
novel.2324,0.831661504,0.000121935,0.000206689
novel.2326,-1.951071024,2.60E-14,6.83E-14
novel.2327,3.45665519,2.11E-13,5.35E-13
novel.2328,1.366838462,0.031901061,0.043994079
novel.2329,2.658332699,0.032844577,0.045238325
novel.233,-1.716752844,0.000101499,0.000173099
novel.2330,2.803943638,0.017780605,0.02521796
novel.2332,-2.996049533,1.62E-21,5.25E-21
novel.2333,-0.99060823,1.46E-07,2.92E-07
novel.2337,-2.326561918,1.36E-19,4.20E-19
novel.2338,-2.230533031,1.61E-07,3.23E-07
novel.2339,-4.636476432,3.06E-42,1.63E-41
novel.2342,-2.549926102,3.64E-13,9.17E-13
novel.2344,-1.064525473,2.19E-11,5.16E-11
novel.2345,-0.989925692,2.00E-07,3.98E-07
novel.2346,-2.966659989,6.79E-09,1.44E-08
novel.2347,-1.663300975,0.000206356,0.000344342
novel.235,4.402217573,2.02E-63,1.63E-62
novel.2350,1.900030798,0.019916376,0.028098912
novel.2351,7.538702597,6.88E-99,9.48E-98
novel.2352,3.876424336,2.52E-134,5.35E-133
novel.2353,2.627146174,4.11E-23,1.39E-22
novel.2355,-0.98975696,1.44E-10,3.29E-10
novel.2356,1.852926583,0.000108497,0.000184629
novel.236,3.474643905,0.000749954,0.001202332
novel.2362,-1.009143422,0.049543719,0.066768467
novel.2363,-1.703694436,8.99E-06,1.64E-05
novel.2367,1.558094212,0.000738188,0.00118379
novel.2368,0.986058297,0.015397465,0.021976003
novel.2369,-0.779231829,0.004427432,0.0066569
novel.237,0.808869985,0.008061507,0.01180944
novel.2370,-3.601197332,6.45E-25,2.29E-24
novel.2371,3.753684759,1.80E-11,4.26E-11
novel.2373,1.823777516,0.032052277,0.044198497
novel.2375,2.51926729,0.001096983,0.001734813
novel.2376,0.688445208,4.47E-05,7.80E-05
novel.2377,0.276837642,0.000294552,0.000485705
novel.2379,-2.185160562,3.35E-58,2.45E-57
novel.238,-4.365067977,2.94E-36,1.37E-35
novel.2383,5.047374297,1.90E-15,5.18E-15
novel.2387,5.02375953,2.01E-18,6.01E-18
novel.2388,3.627830542,6.08E-06,1.12E-05
novel.2389,6.555478078,9.63E-58,6.98E-57
novel.2390,5.803633737,3.02E-35,1.38E-34
novel.2391,-3.772133939,1.51E-45,8.65E-45
novel.2392,-0.690124898,0.000275782,0.000455973
novel.2393,-1.854160616,2.51E-11,5.91E-11
novel.2394,3.392943361,3.58E-06,6.68E-06
novel.2395,-1.022885139,0.000117785,0.00019986
novel.2396,-1.566717534,0.002003659,0.003101358
novel.2397,-1.763842452,1.63E-14,4.31E-14
novel.2401,-2.984239158,4.43E-15,1.19E-14
novel.2402,-4.497556651,8.99E-23,3.02E-22
novel.2406,2.562503306,4.06E-06,7.57E-06
novel.2412,1.20187257,6.60E-10,1.46E-09
novel.2413,-1.931538502,0.000858612,0.001370443
novel.2414,-1.18855923,1.17E-09,2.57E-09
novel.2415,5.165875037,8.50E-107,1.31E-105
novel.2417,2.877224321,5.48E-07,1.07E-06
novel.2418,-2.509312704,5.63E-13,1.41E-12
novel.2419,-2.143578509,9.05E-13,2.24E-12
novel.2422,2.894897507,0.004952797,0.007406163
novel.2425,0.350281803,0.015237242,0.021757822
novel.2427,4.186215168,7.64E-36,3.53E-35
novel.243,6.189373801,1.51E-45,8.64E-45
novel.2430,2.283883694,0.006556935,0.009687393
novel.2434,5.305387995,5.97E-39,2.96E-38
novel.2435,-5.105342602,5.23E-40,2.66E-39
novel.2436,-4.9627703,3.53E-49,2.18E-48
novel.2439,-1.762397676,0.014627331,0.020922253
novel.244,5.847780965,2.34E-43,1.28E-42
novel.2440,1.791663235,1.09E-38,5.40E-38
novel.2441,-1.461326753,0.025934892,0.036140266
novel.2442,3.962735834,7.38E-25,2.61E-24
novel.2443,2.14803456,2.85E-05,5.04E-05
novel.2444,1.330221819,0.005966876,0.008853205
novel.2445,-1.212308577,0.00947624,0.013785656
novel.2448,-1.749449941,0.010401692,0.015065292
novel.2449,3.273069455,3.08E-77,3.12E-76
novel.2450,-6.691237315,5.20E-43,2.82E-42
novel.2451,2.395626594,1.56E-11,3.70E-11
novel.2452,2.076683011,1.32E-12,3.26E-12
novel.2453,5.48940035,3.34E-36,1.56E-35
novel.2454,-2.321442486,3.38E-26,1.24E-25
novel.2457,-3.239560001,1.76E-22,5.84E-22
novel.2458,2.750143943,0.04787624,0.064615451
novel.2459,-1.298860247,0.000245933,0.000408035
novel.2460,3.51774959,9.43E-16,2.60E-15
novel.2461,3.055960042,2.22E-07,4.40E-07
novel.2466,-4.297891235,3.75E-87,4.35E-86
novel.2467,0.698327173,2.94E-06,5.50E-06
novel.2469,-1.604307319,6.61E-16,1.83E-15
novel.247,2.695753068,9.67E-10,2.13E-09
novel.2470,-7.322257364,6.78E-111,1.10E-109
novel.2475,-2.217223373,0.001301536,0.002045726
novel.2476,1.946005431,0.008188296,0.011985086
novel.2481,-5.345518945,5.25E-40,2.67E-39
novel.2482,6.774704433,2.62E-69,2.33E-68
novel.2483,1.08689345,0.002051462,0.003171533
novel.2485,5.106147622,2.79E-33,1.22E-32
novel.2486,1.527582149,9.55E-08,1.93E-07
novel.2487,-5.016191451,3.31E-13,8.36E-13
novel.2488,-1.168884523,1.98E-13,5.03E-13
novel.2489,3.86708106,5.80E-52,3.76E-51
novel.2492,2.894467218,4.97E-10,1.11E-09
novel.2493,1.780584628,0.001658145,0.002586311
novel.2495,4.905069277,1.59E-19,4.88E-19
novel.2498,3.117348109,4.52E-37,2.15E-36
novel.2499,0.706753368,0.030624183,0.042312059
novel.25,-0.981625956,1.36E-13,3.48E-13
novel.250,-2.403763737,1.05E-12,2.59E-12
novel.2501,0.31530492,0.021891701,0.030746491
novel.2502,-2.753337825,2.79E-13,7.08E-13
novel.2503,-0.419267661,0.003433173,0.005215517
novel.2504,-4.138590072,1.55E-119,2.78E-118
novel.2505,-1.242594698,1.20E-07,2.41E-07
novel.2506,1.505714177,0.000416152,0.00067929
novel.2507,-2.471021827,2.09E-05,3.73E-05
novel.2508,-5.884112143,1.25E-141,2.88E-140
novel.2510,4.057684838,5.42E-11,1.26E-10
novel.2511,2.461440049,1.70E-05,3.04E-05
novel.2512,-3.122859101,1.55E-47,9.26E-47
novel.2513,-1.80237322,0.008981632,0.013092515
novel.2515,-4.262630919,1.28E-33,5.62E-33
novel.2516,-2.914811809,5.00E-06,9.26E-06
novel.2517,6.917761797,5.58E-58,4.06E-57
novel.2519,-1.024057904,3.60E-26,1.32E-25
novel.252,4.50724903,4.00E-27,1.50E-26
novel.2529,-1.756254214,0.000477813,0.000776426
novel.254,-1.542576977,2.30E-05,4.09E-05
novel.2540,3.830159847,3.76E-07,7.38E-07
novel.2541,-2.831442971,1.41E-10,3.21E-10
novel.2542,1.807478489,0.023565051,0.032987057
novel.2545,-3.078622224,1.60E-22,5.33E-22
novel.2546,2.527496429,0.003178132,0.004839004
novel.2547,2.351166101,7.38E-06,1.36E-05
novel.2548,10.22946633,2.73E-284,2.07E-282
novel.255,-1.118648591,0.000491049,0.00079719
novel.2550,-3.631218408,1.59E-59,1.19E-58
novel.2552,-2.361281214,1.20E-13,3.07E-13
novel.2555,2.585592378,6.05E-48,3.65E-47
novel.2557,2.73660576,0.000200419,0.000334624
novel.2558,1.648982883,0.00213381,0.003294882
novel.256,-1.172583416,0.000146288,0.000246583
novel.2561,-1.753020547,3.20E-15,8.67E-15
novel.2562,2.276074481,6.68E-05,0.000115338
novel.2563,1.846830992,0.040785316,0.055490838
novel.2564,-2.034926282,2.33E-09,5.04E-09
novel.2565,4.988814392,3.28E-75,3.22E-74
novel.2566,3.126803742,5.04E-05,8.77E-05
novel.2569,1.672853766,0.03421594,0.047039564
novel.257,-0.938406536,0.003758735,0.005687898
novel.2572,-1.08520367,2.10E-06,3.97E-06
novel.2574,2.505165491,1.02E-17,3.00E-17
novel.2576,-1.545486628,0.002880231,0.004402188
novel.258,-1.358549012,1.20E-08,2.52E-08
novel.2580,2.509806676,1.11E-07,2.23E-07
novel.2583,-5.122565154,0.004490706,0.006748262
novel.2584,-2.381604328,1.71E-15,4.67E-15
novel.2585,3.907591594,1.46E-07,2.93E-07
novel.2587,8.226870169,4.02E-78,4.13E-77
novel.2589,-1.888476246,4.88E-13,1.22E-12
novel.259,3.186971923,4.10E-19,1.25E-18
novel.2590,1.784474895,0.014115664,0.020211888
novel.2593,-0.728299933,0.002218819,0.003421147
novel.2595,0.954680655,2.05E-19,6.27E-19
novel.2596,2.998413991,4.53E-07,8.87E-07
novel.2597,1.188551856,0.006508262,0.009618364
novel.26,-1.770591148,2.69E-05,4.76E-05
novel.260,3.291773927,1.49E-05,2.69E-05
novel.2602,1.352305895,0.002627657,0.004028639
novel.2604,1.730750351,0.000726673,0.001165955
novel.2609,4.595360788,3.08E-07,6.07E-07
novel.2612,-0.999436687,1.15E-06,2.20E-06
novel.2613,2.721554305,0.020939565,0.02945678
novel.2615,1.978041077,2.05E-08,4.28E-08
novel.2619,-1.480202764,0.013424906,0.019257294
novel.262,1.230118371,0.000158845,0.000267065
novel.2620,-0.751472838,6.93E-07,1.34E-06
novel.2621,1.800470917,0.003054396,0.004655877
novel.2622,0.591820332,0.008190888,0.011988286
novel.2624,-1.04257082,5.10E-14,1.32E-13
novel.2625,-2.357017805,2.11E-09,4.58E-09
novel.2627,-0.820991618,0.000136032,0.00022974
novel.2631,2.073940085,0.041312086,0.056168793
novel.2635,-2.626314616,1.84E-15,5.02E-15
novel.2636,-3.630421873,8.95E-40,4.51E-39
novel.2637,-0.458806887,0.042856076,0.058174458
novel.264,-2.998965733,3.80E-36,1.77E-35
novel.2640,-0.96119517,2.04E-20,6.42E-20
novel.2642,-1.250261601,0.00635626,0.00940359
novel.2645,-1.170764218,0.000970557,0.00154147
novel.2646,0.456422469,3.31E-08,6.83E-08
novel.2647,5.273009178,3.80E-38,1.85E-37
novel.2649,-3.370712512,1.91E-19,5.88E-19
novel.265,-1.411406208,1.04E-09,2.29E-09
novel.2650,3.234831775,5.56E-06,1.03E-05
novel.2652,-1.756911786,0.004826867,0.007226256
novel.2653,-3.743783963,0.018682489,0.026434989
novel.2654,-1.897120087,8.38E-12,2.01E-11
novel.2655,-4.492007624,1.37E-23,4.69E-23
novel.2657,-6.651763539,3.77E-86,4.32E-85
novel.266,1.607798663,6.41E-15,1.72E-14
novel.2660,1.565571716,0.028381418,0.039355443
novel.2661,-2.385102672,1.76E-13,4.50E-13
novel.2662,-4.045830093,8.71E-37,4.12E-36
novel.2663,-4.357355985,1.91E-32,8.17E-32
novel.2664,3.000435674,0.00022555,0.000375143
novel.2665,-1.297913689,0.004976198,0.007440028
novel.2668,3.900903697,6.54E-08,1.33E-07
novel.2669,2.459817159,5.03E-10,1.12E-09
novel.2673,-4.231568725,3.89E-29,1.54E-28
novel.2675,-2.996128503,7.29E-11,1.68E-10
novel.2677,3.999701396,2.45E-21,7.89E-21
novel.2679,-0.770539027,7.62E-05,0.00013105
novel.2680,-5.065194244,1.07E-65,8.99E-65
novel.2684,-3.705695274,6.37E-18,1.88E-17
novel.2685,-2.169991292,2.73E-06,5.12E-06
novel.2690,-6.07529931,2.69E-61,2.09E-60
novel.2691,4.235925298,1.70E-07,3.39E-07
novel.2692,-3.333817628,2.19E-51,1.41E-50
novel.2693,2.953412104,0.007545284,0.011081199
novel.2694,-1.153290637,4.62E-05,8.07E-05
novel.2695,2.135056971,2.41E-06,4.54E-06
novel.2697,-2.441161079,4.06E-07,7.97E-07
novel.27,-1.122498634,0.008327596,0.012176927
novel.270,-3.794873592,1.20E-21,3.89E-21
novel.2700,-8.741125536,9.44E-158,2.56E-156
novel.2701,-4.446909301,1.20E-37,5.77E-37
novel.2706,3.861301511,4.51E-08,9.26E-08
novel.2707,-1.595647888,0.007045845,0.010380174
novel.271,2.508113536,5.60E-40,2.84E-39
novel.2710,1.52575589,0.007966233,0.01167623
novel.2711,2.310007595,0.003043439,0.004640131
novel.2713,-2.206031144,0.000195559,0.00032686
novel.2714,1.784828426,7.21E-06,1.32E-05
novel.2715,4.713414308,1.13E-18,3.41E-18
novel.2716,1.079647782,0.006274003,0.0092884
novel.2717,-3.84514047,7.06E-20,2.19E-19
novel.2718,3.471838819,3.85E-14,1.00E-13
novel.2719,4.186529834,3.73E-15,1.01E-14
novel.2724,-4.537442114,4.65E-06,8.62E-06
novel.2725,-1.539709551,5.08E-52,3.30E-51
novel.2726,-0.932541946,0.000439731,0.000716513
novel.2729,-1.395572409,0.020366129,0.02869786
novel.273,1.051976173,0.000532832,0.00086275
novel.2730,2.342094218,0.01152252,0.01662759
novel.2731,3.60938178,3.97E-12,9.64E-12
novel.2733,1.064360999,0.029707453,0.041091513
novel.2734,-2.610398435,1.78E-30,7.26E-30
novel.2735,4.336223587,3.77E-11,8.79E-11
novel.2738,4.919733366,1.85E-13,4.73E-13
novel.274,2.433231901,1.88E-05,3.36E-05
novel.2741,-1.295365437,1.45E-07,2.91E-07
novel.2744,-6.159967507,1.57E-55,1.09E-54
novel.2745,-2.245242279,2.86E-05,5.05E-05
novel.2746,-2.825057364,1.58E-06,3.01E-06
novel.2747,7.125201174,6.53E-73,6.16E-72
novel.275,0.514096542,4.86E-07,9.49E-07
novel.2752,2.813771237,0.000184467,0.000308949
novel.2754,1.512101233,1.78E-75,1.75E-74
novel.2755,0.551418697,0.007369074,0.010834245
novel.2758,0.703623972,0.000212707,0.000354539
novel.2759,3.690045137,1.13E-07,2.29E-07
novel.276,4.602964084,7.52E-21,2.39E-20
novel.2760,0.813491526,0.003829993,0.005792471
novel.2762,-1.176547401,0.000203422,0.000339522
novel.2765,3.957075043,2.08E-46,1.22E-45
novel.2766,-1.493858706,0.003313168,0.005039162
novel.2767,-5.830873873,9.76E-58,7.06E-57
novel.2768,-0.312746464,7.23E-05,0.000124613
novel.2769,0.318697302,0.010700328,0.015481905
novel.2770,4.956787857,1.55E-23,5.29E-23
novel.2773,0.741026863,4.51E-12,1.09E-11
novel.2775,-1.145428271,1.18E-05,2.15E-05
novel.2777,3.934020157,2.58E-11,6.07E-11
novel.278,0.389278635,0.004930461,0.007374628
novel.2780,2.67911119,0.000579795,0.000936792
novel.2781,-4.147501825,7.04E-32,2.97E-31
novel.2782,-3.440331309,5.29E-22,1.74E-21
novel.2783,3.095269286,1.63E-16,4.59E-16
novel.2784,-3.113740491,7.73E-23,2.60E-22
novel.2785,-3.058957547,4.13E-11,9.62E-11
novel.2787,4.033391854,1.22E-13,3.14E-13
novel.2788,6.888423172,5.02E-95,6.53E-94
novel.2789,-2.054761801,7.71E-07,1.49E-06
novel.279,2.671967304,2.35E-06,4.42E-06
novel.2790,3.108315232,6.01E-13,1.50E-12
novel.2791,2.211358108,0.025033961,0.034944074
novel.2792,1.570855553,2.34E-126,4.57E-125
novel.2793,-3.650517731,1.77E-47,1.06E-46
novel.2794,-7.905152362,1.69E-109,2.69E-108
novel.2795,3.931317295,1.05E-25,3.78E-25
novel.2796,-3.34379482,2.50E-19,7.64E-19
novel.2797,-3.077950112,1.92E-12,4.70E-12
novel.2798,2.211776147,0.013352101,0.019156575
novel.28,-0.851289332,0.000814026,0.001301175
novel.2800,-4.95326321,8.00E-43,4.32E-42
novel.2803,2.550619088,0.022163777,0.031109417
novel.2804,2.64257546,0.002741471,0.004198783
novel.2805,-1.460892035,3.12E-13,7.89E-13
novel.2806,4.752899687,5.01E-22,1.65E-21
novel.2809,4.275586816,7.50E-26,2.72E-25
novel.2810,1.481050077,0.006373786,0.009428104
novel.2811,1.314902547,0.023666681,0.033119919
novel.2814,2.537488064,0.000413996,0.000675845
novel.2815,-3.297710388,8.03E-40,4.05E-39
novel.2816,-2.959167993,2.99E-125,5.75E-124
novel.282,-0.518243416,8.88E-07,1.71E-06
novel.2820,4.476561166,2.92E-19,8.93E-19
novel.2821,-3.955801343,7.39E-33,3.19E-32
novel.2822,1.69869497,0.02229605,0.031284687
novel.2826,-8.130066243,8.18E-74,7.84E-73
novel.2827,-1.470449938,0.007120461,0.010485873
novel.2828,1.952175473,1.74E-10,3.96E-10
novel.2830,3.403492568,0.00035594,0.000584001
novel.2834,-2.687605949,0.000687146,0.001104452
novel.2835,8.617796625,1.66E-120,3.03E-119
novel.2838,-4.270556209,1.03E-33,4.57E-33
novel.2842,2.649106643,0.012961,0.018617121
novel.2843,5.069428155,1.81E-21,5.85E-21
novel.2844,-1.519831645,1.61E-05,2.89E-05
novel.2845,5.119790076,7.52E-19,2.27E-18
novel.2850,-0.17723535,0.039605024,0.053991753
novel.2851,-1.207576806,0.004042193,0.006096881
novel.2852,-0.869276942,0.000910377,0.001449703
novel.2853,-0.454530991,0.022275484,0.031257312
novel.2854,-2.278586139,1.73E-14,4.56E-14
novel.2855,-1.988087571,0.000435918,0.000710416
novel.2857,-1.194225116,0.027242261,0.037860433
novel.2858,-2.450839834,1.58E-46,9.27E-46
novel.286,4.189923637,8.23E-15,2.20E-14
novel.2860,-3.832013139,2.01E-32,8.60E-32
novel.2865,-1.182137269,4.39E-53,2.90E-52
novel.2866,-0.701552533,4.50E-06,8.35E-06
novel.2868,2.112420774,8.94E-06,1.63E-05
novel.2870,4.422914405,3.45E-22,1.14E-21
novel.2872,4.154355275,1.05E-10,2.41E-10
novel.2873,-1.443154572,0.005012828,0.007491009
novel.2875,-0.388097784,0.005272151,0.007863836
novel.2876,2.740462639,2.97E-21,9.52E-21
novel.2878,4.430237018,4.21E-17,1.21E-16
novel.2880,-3.272513717,9.13E-58,6.61E-57
novel.2881,-2.760397414,9.07E-11,2.08E-10
novel.2883,5.590866178,2.80E-24,9.75E-24
novel.2889,1.239752298,1.22E-05,2.22E-05
novel.2893,-1.46952654,7.11E-06,1.31E-05
novel.2895,3.551143664,5.08E-15,1.37E-14
novel.2898,-1.977871048,2.94E-23,9.97E-23
novel.290,2.885505341,0.00221589,0.003416986
novel.2901,8.654493632,2.52E-92,3.16E-91
novel.2902,-2.511608827,7.88E-12,1.89E-11
novel.2905,0.773874593,3.93E-08,8.09E-08
novel.2910,3.285530467,0.038435671,0.05251378
novel.2912,2.002472918,5.51E-24,1.91E-23
novel.2913,6.969984542,1.61E-70,1.47E-69
novel.2914,-0.727250272,3.63E-05,6.37E-05
novel.2915,3.343000643,0.000534939,0.000866114
novel.2917,4.066125413,1.60E-16,4.50E-16
novel.2918,1.006574451,1.57E-10,3.58E-10
novel.2921,2.800953118,0.00142483,0.002233109
novel.2923,2.118800192,0.004612563,0.006920833
novel.2924,2.325104572,7.32E-05,0.000125955
novel.2926,3.714655909,3.72E-18,1.10E-17
novel.2927,-0.781201642,0.012432636,0.01788858
novel.2928,3.772653916,1.73E-13,4.41E-13
novel.2929,-3.643318358,5.91E-23,1.99E-22
novel.293,-2.815148801,4.43E-35,2.02E-34
novel.2934,3.723280007,3.27E-19,9.99E-19
novel.2935,4.020149273,1.91E-36,8.95E-36
novel.2936,3.080365302,1.48E-09,3.24E-09
novel.2939,4.673435893,1.37E-12,3.37E-12
novel.2946,-2.421659708,7.56E-08,1.54E-07
novel.2947,0.533917057,0.001158817,0.001828495
novel.2948,0.394377008,0.025374385,0.035395879
novel.2949,-1.640414944,3.86E-05,6.77E-05
novel.2950,-1.117792032,2.55E-05,4.53E-05
novel.2952,7.53186711,1.30E-87,1.52E-86
novel.2953,7.980807093,4.09E-84,4.56E-83
novel.2954,1.33546459,0.012044883,0.017352609
novel.2957,1.329260091,6.88E-09,1.46E-08
novel.2960,-5.416732128,5.54E-30,2.23E-29
novel.2961,-2.318332429,6.83E-32,2.88E-31
novel.2967,0.533068647,0.004730801,0.007089252
novel.2969,-0.586686763,0.000339298,0.000557408
novel.2971,1.082485537,0.000203499,0.000339632
novel.2973,-0.913285404,1.29E-06,2.46E-06
novel.2975,6.640595678,4.41E-42,2.34E-41
novel.2976,-1.047723162,1.48E-07,2.97E-07
novel.2979,-2.388518362,9.42E-05,0.000161061
novel.298,1.577957873,2.90E-05,5.14E-05
novel.2983,-3.324221046,3.79E-25,1.35E-24
novel.2985,-2.691884344,2.14E-06,4.04E-06
novel.2988,-3.572589102,7.68E-22,2.51E-21
novel.2989,-4.067472913,6.33E-30,2.54E-29
novel.299,-0.991142767,0.000952708,0.001514015
novel.2993,3.849692125,1.04E-08,2.20E-08
novel.2994,2.153600939,0.027403687,0.038072258
novel.2997,-0.566688124,0.046658536,0.063038138
novel.2998,4.7662927,8.24E-21,2.62E-20
novel.3,-1.438362045,1.34E-07,2.69E-07
novel.300,-0.732607048,1.86E-05,3.33E-05
novel.3001,-2.365722012,4.39E-05,7.68E-05
novel.3002,-2.685320344,7.06E-10,1.56E-09
novel.3003,-4.275223055,5.24E-82,5.67E-81
novel.3004,3.42568703,2.35E-05,4.18E-05
novel.3007,-2.330386124,2.29E-10,5.19E-10
novel.3008,0.462296077,0.016701741,0.023750447
novel.3009,4.558140035,7.51E-17,2.14E-16
novel.3010,0.4371559,2.21E-06,4.16E-06
novel.3011,1.914564966,0.046350387,0.062638977
novel.3014,5.898844312,3.12E-45,1.78E-44
novel.3015,-4.017403822,9.78E-42,5.16E-41
novel.3016,2.915262092,5.98E-21,1.90E-20
novel.3017,-0.554472835,0.00977919,0.014209605
novel.3018,2.05766915,0.000169725,0.000284871
novel.3019,3.600866305,0.038555245,0.052660128
novel.3020,-0.343869392,7.20E-05,0.000124116
novel.3023,4.541881249,1.94E-16,5.45E-16
novel.3024,1.53987224,0.009068896,0.013213209
novel.3027,-1.090132745,2.15E-09,4.66E-09
novel.3028,-1.402888635,0.00362039,0.005488093
novel.3029,-2.343246464,6.83E-14,1.77E-13
novel.303,-1.076186362,1.27E-06,2.42E-06
novel.3030,-0.399358631,2.93E-08,6.07E-08
novel.3031,1.304425498,0.009043312,0.013178531
novel.3034,1.694811251,4.17E-09,8.95E-09
novel.3035,3.093208399,1.75E-06,3.31E-06
novel.3036,3.122358029,8.25E-11,1.90E-10
novel.304,-2.028357384,3.05E-08,6.31E-08
novel.3041,1.991822196,0.038667644,0.052806332
novel.3046,-0.768437972,4.58E-08,9.39E-08
novel.3050,-1.974494082,8.50E-07,1.64E-06
novel.3051,-2.661940546,4.15E-11,9.68E-11
novel.3056,-2.072559729,6.41E-06,1.18E-05
novel.3057,-1.677999097,3.81E-10,8.55E-10
novel.3058,-2.300485639,4.96E-17,1.42E-16
novel.3059,-1.2600534,0.006966659,0.01026914
novel.306,-2.941509269,1.06E-17,3.09E-17
novel.3060,-2.778412792,6.02E-11,1.39E-10
novel.3063,-3.084649831,1.30E-38,6.40E-38
novel.3066,-4.54885294,4.49E-36,2.09E-35
novel.3067,1.160735905,7.14E-07,1.38E-06
novel.3068,2.999551363,5.82E-67,4.97E-66
novel.3069,2.997993612,0.000846419,0.001351202
novel.307,-3.991990741,1.07E-28,4.17E-28
novel.3070,6.51937725,1.11E-40,5.73E-40
novel.3072,-2.618518746,4.88E-13,1.22E-12
novel.3077,-1.213439941,4.50E-05,7.86E-05
novel.308,2.38997951,1.46E-10,3.34E-10
novel.3081,-1.190161351,0.007046819,0.010381093
novel.3082,-2.958012852,3.22E-13,8.12E-13
novel.3083,-2.950141057,5.22E-46,3.02E-45
novel.3085,4.702173833,8.78E-13,2.18E-12
novel.3087,2.654914068,7.04E-16,1.95E-15
novel.3088,2.030208709,0.010426035,0.01509981
novel.309,6.893695733,3.80E-70,3.43E-69
novel.3090,-2.209517378,0.000804535,0.00128649
novel.3092,1.97436954,8.32E-06,1.52E-05
novel.3097,-2.329769022,2.53E-08,5.25E-08
novel.3099,-4.145918455,1.71E-41,8.95E-41
novel.31,-1.366383133,6.72E-07,1.30E-06
novel.3100,-2.805312117,8.10E-08,1.64E-07
novel.3101,-2.292929992,7.54E-44,4.17E-43
novel.3104,-1.509447532,0.002827825,0.004325218
novel.3106,-2.203825651,9.13E-07,1.76E-06
novel.3107,-1.189783505,0.000123391,0.000209084
novel.3108,-1.003211744,2.50E-08,5.20E-08
novel.3109,1.95348172,2.57E-12,6.26E-12
novel.3110,1.655312622,0.000975595,0.001549222
novel.3111,5.697795084,2.74E-22,9.06E-22
novel.3112,2.196381987,3.22E-05,5.67E-05
novel.3118,-6.073001606,2.36E-51,1.52E-50
novel.3121,-2.742005863,1.31E-48,8.00E-48
novel.3122,-2.279180628,6.49E-05,0.000112143
novel.3123,-2.454584722,8.35E-16,2.30E-15
novel.3124,1.123513154,0.005068315,0.007569721
novel.3125,-2.608531064,1.13E-08,2.39E-08
novel.3127,-4.093352942,1.31E-69,1.17E-68
novel.313,-3.032293766,2.27E-13,5.76E-13
novel.3131,-0.572129546,0.005197845,0.007756131
novel.314,-3.558809541,2.15E-24,7.50E-24
novel.3141,3.3870446,2.57E-11,6.04E-11
novel.3143,-2.211366998,1.57E-12,3.86E-12
novel.3144,-2.565223779,2.97E-11,6.97E-11
novel.3146,-1.947482788,0.00492449,0.007366814
novel.3147,-3.305781807,6.65E-11,1.54E-10
novel.3148,-3.440224384,9.57E-14,2.47E-13
novel.3149,-4.877895917,5.07E-29,1.99E-28
novel.315,1.171458106,3.62E-12,8.79E-12
novel.3153,-2.067764191,4.35E-09,9.32E-09
novel.3155,-2.003493452,4.85E-08,9.93E-08
novel.3157,-2.341277996,1.12E-08,2.37E-08
novel.3158,-2.206959769,2.86E-13,7.25E-13
novel.3159,-1.850054988,0.035794095,0.049074636
novel.3161,-1.704249101,9.25E-13,2.29E-12
novel.3163,5.768928804,8.13E-36,3.76E-35
novel.3165,-1.230406262,1.98E-05,3.54E-05
novel.3167,-4.177538868,3.62E-120,6.59E-119
novel.3168,4.023699234,4.31E-12,1.04E-11
novel.3169,4.132381355,2.72E-09,5.88E-09
novel.317,0.624815733,0.002274439,0.003503253
novel.3171,-3.425585372,1.36E-22,4.53E-22
novel.3172,0.425088334,4.16E-05,7.28E-05
novel.3174,-1.106018431,0.022176165,0.031125328
novel.3175,-0.287055797,0.012358268,0.017789364
novel.3176,-6.607757899,4.10E-61,3.18E-60
novel.3178,-5.229310432,3.39E-15,9.17E-15
novel.3179,-1.818514779,3.61E-10,8.11E-10
novel.318,-1.612133812,6.79E-18,2.00E-17
novel.3181,0.863784314,5.31E-10,1.18E-09
novel.3182,6.210799242,2.87E-19,8.78E-19
novel.3187,-4.639640268,2.46E-41,1.29E-40
novel.3189,-2.884471239,5.31E-07,1.04E-06
novel.319,3.742761394,1.40E-11,3.33E-11
novel.3192,-1.699389994,1.24E-16,3.51E-16
novel.3194,0.114771557,0.048307074,0.065176106
novel.3195,1.601006918,0.000501261,0.000812965
novel.3197,-1.143939771,3.07E-08,6.36E-08
novel.320,3.135395776,2.73E-05,4.84E-05
novel.3200,-2.697332841,0.000134417,0.000227092
novel.3202,-0.990964874,0.005430987,0.008086889
novel.3203,-1.122109015,1.56E-22,5.21E-22
novel.3204,-3.309291332,1.38E-18,4.13E-18
novel.3206,-2.657752937,7.27E-30,2.91E-29
novel.3207,-1.953651831,3.10E-12,7.54E-12
novel.3208,-0.373174952,0.029019077,0.040195729
novel.3210,2.625312081,0.022534241,0.031602417
novel.3218,-2.755611658,1.18E-07,2.38E-07
novel.3222,2.237141487,0.000199656,0.0003335
novel.3223,1.785667095,8.88E-19,2.68E-18
novel.3227,2.90339261,3.33E-18,9.91E-18
novel.3228,-4.595851486,1.56E-21,5.04E-21
novel.3230,3.680045064,3.53E-18,1.05E-17
novel.3232,-0.55007971,1.42E-05,2.57E-05
novel.3234,2.042431445,6.98E-11,1.61E-10
novel.3236,3.285930393,4.69E-07,9.17E-07
novel.3237,2.849024673,8.06E-07,1.56E-06
novel.324,-5.702121583,9.06E-95,1.17E-93
novel.325,-5.367670662,6.73E-50,4.21E-49
novel.326,-1.389688491,5.04E-11,1.17E-10
novel.329,3.197378415,2.65E-11,6.22E-11
novel.331,-5.37732131,7.24E-10,1.60E-09
novel.332,-4.819870288,9.88E-28,3.77E-27
novel.333,-0.472576867,0.000140009,0.000236323
novel.336,-3.310326331,5.20E-43,2.82E-42
novel.34,2.886269649,0.00964583,0.014020543
novel.340,-4.525612974,4.06E-27,1.52E-26
novel.343,-2.17169972,6.09E-10,1.35E-09
novel.349,1.525594448,1.31E-07,2.63E-07
novel.350,-3.501698757,4.59E-20,1.43E-19
novel.351,2.352345221,0.005161062,0.007703187
novel.352,3.775445139,2.05E-12,5.02E-12
novel.356,3.584232232,3.97E-09,8.53E-09
novel.357,0.961609708,0.018332856,0.025963867
novel.360,-1.76838993,9.62E-06,1.75E-05
novel.361,2.706553352,0.014067982,0.020147513
novel.362,3.474289993,2.90E-05,5.12E-05
novel.363,3.465053136,2.77E-06,5.21E-06
novel.365,3.903312278,4.15E-07,8.14E-07
novel.366,5.893832215,1.02E-147,2.52E-146
novel.367,-1.354530519,3.93E-05,6.89E-05
novel.368,9.117877299,8.23E-151,2.08E-149
novel.37,8.640868317,1.48E-64,1.22E-63
novel.370,-4.351137417,2.55E-44,1.43E-43
novel.371,-2.798999691,1.68E-17,4.90E-17
novel.373,3.549943836,2.20E-05,3.92E-05
novel.374,3.582995424,9.47E-09,2.00E-08
novel.375,4.178412714,7.59E-15,2.03E-14
novel.379,1.76064752,5.15E-06,9.54E-06
novel.38,-2.847689773,2.80E-34,1.25E-33
novel.380,2.586961889,1.09E-07,2.19E-07
novel.381,2.638770654,1.08E-09,2.37E-09
novel.382,-2.011033044,4.65E-09,9.96E-09
novel.385,-2.426909964,9.13E-08,1.85E-07
novel.388,-1.95736298,2.85E-23,9.67E-23
novel.390,-1.53551802,0.026904921,0.037410941
novel.391,-1.83903845,0.020851591,0.029346977
novel.392,-7.103421708,1.23E-68,1.08E-67
novel.397,-3.813035594,6.89E-13,1.72E-12
novel.40,1.142553824,1.13E-11,2.68E-11
novel.400,-2.284499687,4.67E-07,9.13E-07
novel.407,-1.416360022,0.010034321,0.014563155
novel.409,-1.225314354,0.00276341,0.00423107
novel.41,0.603658434,0.000921063,0.001465932
novel.410,-1.435042795,1.00E-08,2.12E-08
novel.413,4.106549828,4.81E-26,1.76E-25
novel.414,-2.238150642,1.31E-13,3.35E-13
novel.415,-1.684776542,0.000220279,0.000366727
novel.417,-2.295040086,7.42E-21,2.36E-20
novel.419,2.616837882,0.000101981,0.00017385
novel.42,5.499895015,1.42E-45,8.15E-45
novel.420,2.968179257,6.35E-10,1.41E-09
novel.421,2.827570674,0.010904956,0.015768719
novel.422,1.122053037,0.006618075,0.009773819
novel.423,3.894492493,3.31E-26,1.22E-25
novel.424,6.474545964,7.66E-104,1.13E-102
novel.425,2.148799036,0.045943614,0.062117631
novel.426,2.954277935,0.001112379,0.001758597
novel.428,0.432579015,0.035897084,0.049213557
novel.429,-5.322564569,1.53E-36,7.21E-36
novel.43,2.726769178,0.01540276,0.021981979
novel.430,4.933456721,2.99E-64,2.44E-63
novel.431,1.683338229,2.73E-14,7.17E-14
novel.432,6.400189612,3.34E-56,2.35E-55
novel.433,4.451522851,7.87E-16,2.17E-15
novel.436,-0.271259477,0.033183801,0.045684284
novel.437,-2.348992442,1.63E-27,6.20E-27
novel.439,-7.570101234,8.68E-61,6.67E-60
novel.44,4.596019899,7.13E-47,4.21E-46
novel.440,-4.241279048,2.02E-13,5.15E-13
novel.441,-4.809779682,7.09E-86,8.09E-85
novel.442,3.702814508,2.32E-11,5.46E-11
novel.443,2.189822432,5.90E-06,1.09E-05
novel.444,2.915373799,0.002194082,0.003384945
novel.445,-1.570537612,6.23E-12,1.50E-11
novel.446,0.594271534,0.043116929,0.058509758
novel.448,-1.634710292,6.27E-09,1.34E-08
novel.45,7.66437054,9.01E-65,7.44E-64
novel.450,1.536346484,0.006310343,0.009339863
novel.452,3.813725216,2.07E-08,4.32E-08
novel.453,-3.748964167,1.43E-21,4.65E-21
novel.454,1.169180682,3.86E-15,1.04E-14
novel.455,-2.162440264,0.007473487,0.010980117
novel.456,3.693288878,1.02E-05,1.86E-05
novel.458,-0.722432744,0.006361718,0.009411195
novel.459,2.950745055,0.000386919,0.000633284
novel.460,2.473404129,9.52E-07,1.83E-06
novel.463,-1.668175686,3.03E-09,6.54E-09
novel.467,-2.388272764,0.000236541,0.000392981
novel.468,2.013022834,2.19E-55,1.52E-54
novel.469,4.114085868,6.03E-12,1.45E-11
novel.47,0.961568292,2.07E-17,6.00E-17
novel.472,4.263043097,6.55E-95,8.52E-94
novel.475,7.332205013,1.68E-153,4.35E-152
novel.477,-2.258642761,6.35E-06,1.17E-05
novel.478,-0.590254839,0.032853985,0.045249175
novel.480,2.000121167,0.00566041,0.008417068
novel.481,3.215410046,4.02E-07,7.88E-07
novel.484,2.944837017,9.99E-05,0.000170408
novel.485,-1.86865321,6.60E-07,1.28E-06
novel.487,-2.633015738,6.33E-20,1.97E-19
novel.488,-4.171302029,7.50E-23,2.52E-22
novel.489,1.807896998,0.001489648,0.002331609
novel.492,1.163318065,0.002105212,0.00325225
novel.493,-0.429276781,7.67E-05,0.000131845
novel.494,5.72834575,6.48E-39,3.22E-38
novel.496,-5.187043875,2.07E-46,1.21E-45
novel.497,-1.822414077,3.17E-16,8.85E-16
novel.499,4.31924977,1.04E-19,3.20E-19
novel.5,0.936092559,9.58E-08,1.94E-07
novel.50,-3.046130894,1.01E-21,3.30E-21
novel.500,1.3416496,0.006192846,0.009176516
novel.504,-5.853106213,8.15E-51,5.17E-50
novel.506,-1.102782344,4.34E-05,7.58E-05
novel.507,-2.005555835,5.78E-05,0.000100318
novel.508,0.402223018,7.76E-16,2.14E-15
novel.509,-0.337174453,0.039475085,0.053829496
novel.510,4.815070374,7.18E-34,3.18E-33
novel.513,-1.52998193,0.002941082,0.004491713
novel.52,-1.74441063,3.55E-27,1.34E-26
novel.521,-4.614157799,3.04E-35,1.39E-34
novel.522,-2.509850268,8.37E-06,1.53E-05
novel.523,-2.631931413,7.72E-06,1.41E-05
novel.524,-7.144141923,4.05E-109,6.41E-108
novel.525,-0.587857096,0.016212175,0.023087561
novel.527,2.043358082,2.16E-07,4.29E-07
novel.529,-1.93648708,0.00044823,0.000729959
novel.531,-0.860371407,1.31E-05,2.38E-05
novel.537,-2.484677194,0.000169139,0.00028392
novel.539,-2.468948484,6.84E-06,1.26E-05
novel.540,-1.794148374,0.000976985,0.001551345
novel.541,6.228680358,1.09E-102,1.59E-101
novel.546,1.211977144,0.018764224,0.026546832
novel.547,4.139740953,6.42E-10,1.42E-09
novel.548,-0.560602259,0.000802899,0.001283944
novel.55,2.776836294,4.94E-06,9.16E-06
novel.551,-0.731205008,0.000273326,0.000452064
novel.552,-1.257092744,0.031120544,0.042963749
novel.555,-1.406580497,8.52E-15,2.27E-14
novel.558,3.127665745,4.45E-05,7.77E-05
novel.559,-1.483122586,2.70E-07,5.34E-07
novel.56,8.952648007,8.20E-130,1.67E-128
novel.560,0.918541572,8.52E-06,1.56E-05
novel.561,4.635044785,9.32E-145,2.21E-143
novel.562,1.453016932,5.60E-11,1.30E-10
novel.563,-3.310159124,4.66E-82,5.04E-81
novel.564,3.759968416,1.30E-12,3.21E-12
novel.566,6.663878643,8.70E-69,7.66E-68
novel.567,5.279150184,2.95E-28,1.14E-27
novel.568,-3.519658893,4.76E-16,1.32E-15
novel.570,3.953285111,2.15E-17,6.24E-17
novel.571,4.798081477,2.24E-17,6.49E-17
novel.572,-0.948129042,0.00142214,0.002229129
novel.573,-1.443597359,1.02E-11,2.42E-11
novel.574,0.755452883,2.05E-07,4.08E-07
novel.577,0.671421376,0.001068552,0.001691389
novel.579,-1.983310584,6.03E-24,2.08E-23
novel.58,-3.792010652,2.72E-22,9.02E-22
novel.580,1.193882462,1.27E-05,2.30E-05
novel.585,4.833013106,6.06E-60,4.58E-59
novel.586,1.341123726,0.029841877,0.041269731
novel.588,-1.503478108,2.01E-20,6.32E-20
novel.589,1.062673082,3.19E-07,6.29E-07
novel.59,1.01109524,9.28E-14,2.39E-13
novel.590,-1.135582741,0.023255112,0.032576316
novel.594,-1.480540535,1.11E-05,2.02E-05
novel.595,-1.366290301,2.16E-06,4.08E-06
novel.599,-6.4077951,4.55E-78,4.68E-77
novel.6,1.674775163,0.000928578,0.001477177
novel.60,2.974733088,1.85E-47,1.11E-46
novel.600,-5.209157257,1.75E-145,4.19E-144
novel.602,-1.88743948,5.08E-11,1.18E-10
novel.604,-2.161587859,2.35E-10,5.33E-10
novel.609,-0.917575394,0.011239222,0.016230652
novel.610,3.900570193,2.50E-23,8.50E-23
novel.611,1.86598609,9.90E-14,2.55E-13
novel.613,8.466946117,3.16E-104,4.71E-103
novel.616,8.212238236,7.57E-117,1.32E-115
novel.617,4.470360514,5.84E-23,1.97E-22
novel.618,2.650884496,0.047992863,0.064769895
novel.62,-1.790408137,1.97E-23,6.70E-23
novel.621,2.832002215,8.85E-16,2.44E-15
novel.623,2.52490605,9.02E-18,2.64E-17
novel.625,-1.646560323,0.035168196,0.048270201
novel.627,-1.070795999,0.012163217,0.017516264
novel.628,-3.539222881,1.74E-43,9.57E-43
novel.63,-0.702921349,0.036921006,0.050551721
novel.631,7.653304876,1.40E-70,1.27E-69
novel.632,-1.557614288,0.001348939,0.002117982
novel.637,1.634649283,0.002315467,0.003563665
novel.638,-5.889302536,6.15E-70,5.53E-69
novel.64,-3.075631178,2.02E-13,5.15E-13
novel.643,-2.010484879,5.24E-57,3.74E-56
novel.644,1.185017541,0.000113242,0.000192397
novel.645,5.176004696,3.77E-25,1.35E-24
novel.647,1.147907584,0.001398314,0.00219376
novel.648,-1.965869254,1.02E-14,2.72E-14
novel.649,-0.786202894,0.012883336,0.018510957
novel.65,-0.998136688,0.001048569,0.00166118
novel.650,5.064702765,2.16E-22,7.17E-22
novel.651,5.515176448,5.21E-38,2.53E-37
novel.652,4.630221119,1.94E-38,9.52E-38
novel.654,-2.653886479,7.22E-22,2.36E-21
novel.655,4.441976724,1.11E-41,5.83E-41
novel.656,1.705409236,0.006951787,0.010247728
novel.658,-3.160348543,8.32E-60,6.26E-59
novel.659,2.175131539,6.73E-06,1.24E-05
novel.66,-1.243044189,2.99E-06,5.61E-06
novel.664,0.879693505,0.036742966,0.050314937
novel.668,1.524534337,7.37E-29,2.88E-28
novel.669,-0.898503432,0.00141332,0.002216127
novel.67,0.925026588,2.55E-09,5.52E-09
novel.671,1.296392649,0.000151274,0.000254668
novel.672,1.720421581,0.00111792,0.001767074
novel.675,-5.486365459,7.09E-40,3.59E-39
novel.676,7.684960519,1.33E-57,9.61E-57
novel.679,-4.927793731,2.20E-41,1.15E-40
novel.681,-0.657214125,0.006531282,0.009650457
novel.686,1.35122329,1.21E-10,2.77E-10
novel.687,4.814675254,5.27E-33,2.29E-32
novel.69,-2.990264053,4.68E-14,1.22E-13
novel.691,5.911066332,1.89E-101,2.70E-100
novel.692,3.312363778,3.02E-09,6.51E-09
novel.694,4.085996975,1.47E-08,3.08E-08
novel.698,1.064174774,0.000413519,0.000675104
novel.7,-1.407724526,0.026956419,0.037479026
novel.70,-2.150225566,0.000562483,0.000909465
novel.700,-3.033909863,9.11E-13,2.26E-12
novel.701,-1.723855982,7.23E-11,1.67E-10
novel.702,-1.834188978,0.003363371,0.005112366
novel.705,-4.564661955,2.67E-38,1.31E-37
novel.706,1.172540549,1.64E-15,4.48E-15
novel.707,3.291891019,5.60E-05,9.73E-05
novel.708,6.55228452,5.20E-79,5.40E-78
novel.709,4.279336768,2.40E-14,6.30E-14
novel.710,-3.399314381,8.39E-14,2.17E-13
novel.711,0.614163429,1.44E-06,2.75E-06
novel.712,3.994863585,1.39E-135,2.99E-134
novel.713,-2.308197058,1.97E-05,3.53E-05
novel.719,7.096733546,0,0
novel.72,3.930197407,2.37E-10,5.35E-10
novel.721,2.881252799,3.32E-17,9.59E-17
novel.724,-2.788022053,8.88E-82,9.57E-81
novel.725,-1.146321225,1.59E-09,3.48E-09
novel.727,-0.510005725,0.002021825,0.003128821
novel.728,5.832933465,7.26E-35,3.29E-34
novel.73,-1.647719493,0.00166387,0.002594557
novel.731,4.61012336,4.16E-20,1.30E-19
novel.732,1.341017549,0.002485031,0.003817882
novel.737,5.285613983,8.95E-40,4.52E-39
novel.739,2.823070495,0.017308087,0.024577251
novel.740,3.339303692,4.28E-16,1.19E-15
novel.741,0.247689752,0.000863974,0.001378556
novel.742,-4.980493658,2.89E-72,2.70E-71
novel.743,1.052174383,2.01E-11,4.75E-11
novel.744,-1.00092403,5.83E-06,1.08E-05
novel.747,1.934642461,0.003852365,0.005825413
novel.748,2.390376382,1.14E-05,2.07E-05
novel.749,5.783256397,4.69E-41,2.43E-40
novel.752,-1.977878127,5.87E-12,1.42E-11
novel.754,-0.622538802,6.18E-08,1.26E-07
novel.755,-2.661040066,7.69E-16,2.12E-15
novel.756,3.403813994,2.80E-07,5.53E-07
novel.757,3.98422288,7.79E-17,2.22E-16
novel.759,-0.90692905,0.000764134,0.001223938
novel.763,3.599378713,1.27E-08,2.68E-08
novel.764,3.077344476,1.58E-08,3.31E-08
novel.768,-1.198235134,3.66E-08,7.56E-08
novel.770,-5.671501514,4.81E-56,3.38E-55
novel.771,-2.186396335,2.95E-08,6.12E-08
novel.772,-1.862754176,1.50E-06,2.84E-06
novel.773,2.44940813,0.015352363,0.021914803
novel.776,-1.675420288,5.32E-10,1.19E-09
novel.778,5.602798551,3.51E-24,1.22E-23
novel.78,-1.259219988,5.29E-30,2.13E-29
novel.780,-2.043584974,2.77E-12,6.74E-12
novel.784,1.175879691,6.06E-05,0.000104919
novel.787,-1.468099258,8.95E-11,2.06E-10
novel.788,-0.506453244,0.001709966,0.002664049
novel.789,2.127243842,2.52E-08,5.24E-08
novel.79,-1.463065174,0.009983058,0.01449231
novel.790,7.966966181,1.01E-110,1.64E-109
novel.792,0.926309117,6.87E-13,1.71E-12
novel.793,2.011132981,0.008249688,0.012068974
novel.794,-2.189492891,1.74E-21,5.64E-21
novel.796,-1.318497946,0.028026732,0.038890376
novel.798,-2.046395609,4.20E-10,9.39E-10
novel.799,-2.565329294,4.80E-09,1.03E-08
novel.800,-3.053177156,8.31E-21,2.64E-20
novel.801,2.774529264,0.001370913,0.002151456
novel.802,3.43850553,0.000133388,0.000225405
novel.804,-1.045018288,4.25E-19,1.29E-18
novel.81,-1.426885974,0.017586502,0.024952236
novel.810,-0.96894257,1.55E-15,4.25E-15
novel.811,-1.421398812,1.18E-06,2.26E-06
novel.812,2.606018305,2.37E-73,2.25E-72
novel.814,5.263426893,7.39E-36,3.42E-35
novel.819,2.977465746,0.02774516,0.038521344
novel.82,5.053180959,8.77E-31,3.60E-30
novel.820,7.442090957,2.70E-70,2.45E-69
novel.821,-4.810563834,3.62E-39,1.80E-38
novel.823,-1.926457975,3.47E-05,6.11E-05
novel.824,-4.668199325,1.26E-47,7.57E-47
novel.826,2.682685133,2.53E-21,8.15E-21
novel.828,-1.332126139,3.45E-05,6.07E-05
novel.829,-6.988405696,5.19E-108,8.12E-107
novel.830,-2.83429853,3.01E-132,6.27E-131
novel.831,-1.255566893,6.79E-05,0.000117179
novel.832,-2.764235199,1.51E-14,3.98E-14
novel.833,-2.321486001,6.63E-21,2.11E-20
novel.834,-0.520104259,0.000618258,0.000996924
novel.838,-3.345354676,4.03E-19,1.23E-18
novel.839,5.241460341,9.07E-40,4.57E-39
novel.84,-2.358863457,1.57E-10,3.57E-10
novel.840,1.684742772,0.042918786,0.058256911
novel.844,1.49443554,1.29E-29,5.12E-29
novel.846,-1.428577504,0.031779244,0.043838345
novel.85,-1.718479819,6.17E-07,1.20E-06
novel.850,-1.777593728,1.35E-07,2.71E-07
novel.853,-2.805378262,9.19E-15,2.45E-14
novel.856,2.327276711,0.02755718,0.03827652
novel.857,-0.596302506,3.54E-14,9.25E-14
novel.858,2.088685391,0.043119576,0.058510665
novel.861,6.765955104,2.43E-74,2.35E-73
novel.862,7.52313955,6.04E-53,3.98E-52
novel.863,0.485794589,1.22E-05,2.21E-05
novel.867,-2.303601408,1.45E-31,6.05E-31
novel.868,5.086303423,4.65E-34,2.07E-33
novel.869,-1.730578656,1.03E-11,2.45E-11
novel.873,0.14745654,0.005134873,0.007665258
novel.875,-4.765006074,8.82E-53,5.80E-52
novel.876,1.093075756,7.61E-07,1.47E-06
novel.88,-2.870575596,1.63E-08,3.42E-08
novel.881,6.996295715,4.32E-36,2.01E-35
novel.882,-1.228609679,0.033102071,0.045576007
novel.884,2.016223575,0.00117204,0.001848471
novel.885,3.810130446,9.42E-08,1.91E-07
novel.886,-4.479955058,1.41E-17,4.12E-17
novel.888,-1.728582802,7.95E-09,1.69E-08
novel.889,-3.568413037,1.57E-25,5.65E-25
novel.890,2.560119644,1.90E-06,3.60E-06
novel.893,1.105383818,1.63E-06,3.10E-06
novel.894,-2.011972028,1.00E-12,2.49E-12
novel.9,2.929097793,0.004700974,0.007046697
novel.90,-2.269933729,5.57E-15,1.50E-14
novel.900,5.654100979,1.46E-57,1.06E-56
novel.902,2.710882913,0.010624976,0.015376641
novel.903,5.90418883,1.12E-29,4.46E-29
novel.905,4.36312366,1.54E-14,4.07E-14
novel.906,8.730916054,7.28E-81,7.75E-80
novel.907,5.150030265,4.19E-42,2.23E-41
novel.908,7.084114192,9.68E-70,8.68E-69
novel.909,7.277323867,7.10E-85,7.98E-84
novel.91,-5.27163691,2.24E-58,1.64E-57
novel.910,-2.033318205,6.45E-13,1.61E-12
novel.913,0.851966403,0.008980637,0.01309171
novel.914,3.808450814,3.22E-23,1.09E-22
novel.915,3.002995352,6.53E-37,3.10E-36
novel.916,-2.923156566,2.44E-11,5.74E-11
novel.918,-2.118196562,4.51E-08,9.25E-08
novel.919,0.659131066,0.037173549,0.050873954
novel.920,-2.774337092,7.98E-37,3.77E-36
novel.921,-0.937645379,0.000283125,0.000467618
novel.922,-4.264516511,3.58E-28,1.38E-27
novel.923,-3.715930606,2.61E-21,8.40E-21
novel.925,3.741560008,8.77E-07,1.69E-06
novel.926,-1.225036937,6.66E-08,1.35E-07
novel.929,5.394693616,1.40E-65,1.17E-64
novel.930,8.744457102,0,0
novel.932,0.40187145,0.024700892,0.034500315
novel.936,2.235112919,0.005543059,0.008248786
novel.937,-1.635535621,1.72E-12,4.22E-12
novel.938,3.551011358,4.38E-28,1.68E-27
novel.94,-1.500126734,1.03E-92,1.30E-91
novel.941,-0.622175973,0.000861292,0.0013745
novel.942,-1.394333208,4.52E-08,9.28E-08
novel.943,1.329555425,4.77E-07,9.32E-07
novel.946,-3.319597157,3.82E-12,9.27E-12
novel.947,-1.802171736,0.035386795,0.048549968
novel.952,-2.117533135,8.74E-09,1.85E-08
novel.953,-1.472288857,0.033324547,0.045867377
novel.954,2.642694235,0.000289468,0.000477668
novel.955,-4.20721226,3.33E-14,8.71E-14
novel.956,-2.754819258,3.30E-12,8.01E-12
novel.957,-1.802182647,0.000419065,0.00068393
novel.959,-0.827679625,0.039840105,0.054282212
novel.96,4.666432499,3.21E-10,7.22E-10
novel.960,-1.314133265,3.63E-21,1.16E-20
novel.961,0.892418715,1.15E-38,5.67E-38
novel.963,-0.772730619,2.21E-10,5.00E-10
novel.969,1.02021455,3.85E-11,8.98E-11
novel.971,-0.965117724,1.92E-10,4.37E-10
novel.972,-3.051014178,1.26E-14,3.34E-14
novel.974,-0.856899467,0.000563606,0.000911183
novel.975,-1.740954006,6.65E-21,2.12E-20
novel.976,-1.418991215,0.000489464,0.000794705
novel.978,-2.468916485,3.62E-10,8.11E-10
novel.979,-0.934534223,2.74E-15,7.43E-15
novel.98,-5.028469343,1.24E-96,1.65E-95
novel.980,3.84491284,4.78E-13,1.20E-12
novel.983,2.091905861,0.000269721,0.000446277
novel.986,2.538205576,0.008295896,0.012132974
novel.991,-0.908906244,0.001323163,0.002078724
novel.993,1.169031907,2.03E-09,4.42E-09
novel.994,-3.432454294,7.96E-19,2.41E-18
novel.995,3.301903028,7.31E-05,0.000125815
novel.997,6.16668866,4.54E-31,1.88E-30
novel.999,4.40315828,7.50E-12,1.80E-11
